{"Obituary(Death Announcement)":{"0":{"title":"AAJ - All UP Editions","price":"13000"}},"Remembrance(Unforgettable)":{"0":{"title":"AAJ - All UP Editions","price":"13000"}},"public tender notices":{"0":{"title":"AAJ - All UP Editions","price":"13000"}},"Services":{"0":{"title":"AAJ - All UP Editions","price":"13000"}},"Retail/Shopping":{"0":{"title":"AAJ - All UP Editions","price":"13000"}},"Personal Announcement":{"0":{"title":"AAJ - All UP Editions","price":"13000"}},"Computers and Hardware":{"0":{"title":"AAJ - All UP Editions","price":"13000"}},"Astrology":{"0":{"title":"AAJ - All UP Editions","price":"13000"}},"Vehicles Automobiles":{"0":{"title":"AAJ - All UP Editions","price":"13000"}}}