{"Services":{"0":{"title":"Sushila Times( English) + Aap ki Talash(Hindi) -Daman","price":"2000"}},"Retail/Shopping":{"0":{"title":"Sushila Times( English) + Aap ki Talash(Hindi) -Daman","price":"2000"}},"Personal Announcement":{"0":{"title":"Sushila Times( English) + Aap ki Talash(Hindi) -Daman","price":"2000"}},"Computers and Hardware":{"0":{"title":"Sushila Times( English) + Aap ki Talash(Hindi) -Daman","price":"2000"}},"Astrology":{"0":{"title":"Sushila Times( English) + Aap ki Talash(Hindi) -Daman","price":"2000"}},"Vehicles Automobiles":{"0":{"title":"Sushila Times( English) + Aap ki Talash(Hindi) -Daman","price":"2000"}},"Tours and Travel":{"0":{"title":"Sushila Times( English) + Aap ki Talash(Hindi) -Daman","price":"2000"}},"Property-Rental":{"0":{"title":"Sushila Times( English) + Aap ki Talash(Hindi) -Daman","price":"2000"}},"Entertainment":{"0":{"title":"Sushila Times( English) + Aap ki Talash(Hindi) -Daman","price":"2000"}},"Real Estate Selling":{"0":{"title":"Sushila Times( English) + Aap ki Talash(Hindi) -Daman","price":"2000"}},"Beauty & Wellness":{"0":{"title":"Sushila Times( English) + Aap ki Talash(Hindi) -Daman","price":"2000"}},"Call Centre Employees":{"0":{"title":"Sushila Times( English) + Aap ki Talash(Hindi) -Daman","price":"2000"}},"Prajapati":{"0":{"title":"Sushila Times( English) + Aap ki Talash(Hindi) -Daman","price":"2000"}},"Bungalow For Sale":{"0":{"title":"Sushila Times( English) + Aap ki Talash(Hindi) -Daman","price":"2000"}},"For Rent/Lease/To Let":{"0":{"title":"Sushila Times( English) + Aap ki Talash(Hindi) -Daman","price":"2000"}},"Outright Sale":{"0":{"title":"Sushila Times( English) + Aap ki Talash(Hindi) -Daman","price":"2000"}},"Property Others":{"0":{"title":"Sushila Times( English) + Aap ki Talash(Hindi) -Daman","price":"2000"}},"SMS CAMPAIGN":{"0":{"title":"Sushila Times( English) + Aap ki Talash(Hindi) -Daman","price":"2000"}}}