{"Services":{"0":{"title":"Ajit Samachar - Jalandhar","price":"1200"}},"Retail/Shopping":{"0":{"title":"Ajit Samachar - Jalandhar","price":"1200"}},"Personal Announcement":{"0":{"title":"Ajit Samachar - Jalandhar","price":"1200"}},"Computers and Hardware":{"0":{"title":"Ajit Samachar - Jalandhar","price":"1200"}},"Astrology":{"0":{"title":"Ajit Samachar - Jalandhar","price":"1200"}},"Vehicles Automobiles":{"0":{"title":"Ajit Samachar - Jalandhar","price":"1200"}},"Tours and Travel":{"0":{"title":"Ajit Samachar - Jalandhar","price":"1200"}},"Property-Rental":{"0":{"title":"Ajit Samachar - Jalandhar","price":"1200"}},"Entertainment":{"0":{"title":"Ajit Samachar - Jalandhar","price":"1200"}},"Real Estate Selling":{"0":{"title":"Ajit Samachar - Jalandhar","price":"1200"}},"Beauty & Wellness":{"0":{"title":"Ajit Samachar - Jalandhar","price":"1200"}},"Call Centre Employees":{"0":{"title":"Ajit Samachar - Jalandhar","price":"1200"}},"Prajapati":{"0":{"title":"Ajit Samachar - Jalandhar","price":"1200"}},"Bungalow For Sale":{"0":{"title":"Ajit Samachar - Jalandhar","price":"1200"}},"For Rent/Lease/To Let":{"0":{"title":"Ajit Samachar - Jalandhar","price":"1200"}},"Outright Sale":{"0":{"title":"Ajit Samachar - Jalandhar","price":"1200"}}}