{"Services":{"0":{"title":"Ajit - Chandigarh","price":"2600"}},"Retail/Shopping":{"0":{"title":"Ajit - Chandigarh","price":"2600"}},"Personal Announcement":{"0":{"title":"Ajit - Chandigarh","price":"2600"}},"Computers and Hardware":{"0":{"title":"Ajit - Chandigarh","price":"2600"}},"Astrology":{"0":{"title":"Ajit - Chandigarh","price":"2600"}},"Vehicles Automobiles":{"0":{"title":"Ajit - Chandigarh","price":"2600"}},"Tours and Travel":{"0":{"title":"Ajit - Chandigarh","price":"2600"}},"Property-Rental":{"0":{"title":"Ajit - Chandigarh","price":"2600"}},"Entertainment":{"0":{"title":"Ajit - Chandigarh","price":"2600"}},"Real Estate Selling":{"0":{"title":"Ajit - Chandigarh","price":"2600"}},"Beauty & Wellness":{"0":{"title":"Ajit - Chandigarh","price":"2600"}},"Call Centre Employees":{"0":{"title":"Ajit - Chandigarh","price":"2600"}},"Prajapati":{"0":{"title":"Ajit - Chandigarh","price":"2600"}},"Bungalow For Sale":{"0":{"title":"Ajit - Chandigarh","price":"2600"}},"For Rent/Lease/To Let":{"0":{"title":"Ajit - Chandigarh","price":"2600"}},"Outright Sale":{"0":{"title":"Ajit - Chandigarh","price":"2600"}},"Property Others":{"0":{"title":"Ajit - Chandigarh","price":"2600"}},"SMS CAMPAIGN":{"0":{"title":"Ajit - Chandigarh","price":"2600"}}}