{"Matrimonial":{"0":{"title":"Amar Ujala - All Edition (U.P, Uttrakhand, Haryana, Himanchal Pradesh, Punjab, Delhi Ncr)","price":"29592"}},"Marriage Bureau":{"0":{"title":"Amar Ujala - All Edition (U.P, Uttrakhand, Haryana, Himanchal Pradesh, Punjab, Delhi Ncr)","price":"29592"}},"Change of Name":{"0":{"title":"Amar Ujala - All Edition (U.P, Uttrakhand, Haryana, Himanchal Pradesh, Punjab, Delhi Ncr)","price":"29592"}},"Recruitment job":{"0":{"title":"Amar Ujala - All Edition (U.P, Uttrakhand, Haryana, Himanchal Pradesh, Punjab, Delhi Ncr)","price":"29592"}},"Education":{"0":{"title":"Amar Ujala - All Edition (U.P, Uttrakhand, Haryana, Himanchal Pradesh, Punjab, Delhi Ncr)","price":"29592"}},"property real estate":{"0":{"title":"Amar Ujala - All Edition (U.P, Uttrakhand, Haryana, Himanchal Pradesh, Punjab, Delhi Ncr)","price":"29592"}},"Lost and Found":{"0":{"title":"Amar Ujala - All Edition (U.P, Uttrakhand, Haryana, Himanchal Pradesh, Punjab, Delhi Ncr)","price":"29592"}},"Business":{"0":{"title":"Amar Ujala - All Edition (U.P, Uttrakhand, Haryana, Himanchal Pradesh, Punjab, Delhi Ncr)","price":"29592"}},"Obituary(Death Announcement)":{"0":{"title":"Amar Ujala - All Edition (U.P, Uttrakhand, Haryana, Himanchal Pradesh, Punjab, Delhi Ncr)","price":"29592"}},"Remembrance(Unforgettable)":{"0":{"title":"Amar Ujala - All Edition (U.P, Uttrakhand, Haryana, Himanchal Pradesh, Punjab, Delhi Ncr)","price":"29592"}},"public tender notices":{"0":{"title":"Amar Ujala - All Edition (U.P, Uttrakhand, Haryana, Himanchal Pradesh, Punjab, Delhi Ncr)","price":"29592"}},"Services":{"0":{"title":"Amar Ujala - All Edition (U.P, Uttrakhand, Haryana, Himanchal Pradesh, Punjab, Delhi Ncr)","price":"29592"}},"Retail/Shopping":{"0":{"title":"Amar Ujala - All Edition (U.P, Uttrakhand, Haryana, Himanchal Pradesh, Punjab, Delhi Ncr)","price":"29592"}},"Personal Announcement":{"0":{"title":"Amar Ujala - All Edition (U.P, Uttrakhand, Haryana, Himanchal Pradesh, Punjab, Delhi Ncr)","price":"29592"}},"Computers and Hardware":{"0":{"title":"Amar Ujala - All Edition (U.P, Uttrakhand, Haryana, Himanchal Pradesh, Punjab, Delhi Ncr)","price":"29592"}},"Astrology":{"0":{"title":"Amar Ujala - All Edition (U.P, Uttrakhand, Haryana, Himanchal Pradesh, Punjab, Delhi Ncr)","price":"29592"}},"Vehicles Automobiles":{"0":{"title":"Amar Ujala - All Edition (U.P, Uttrakhand, Haryana, Himanchal Pradesh, Punjab, Delhi Ncr)","price":"29592"},"1":{"title":"Amar Ujala - Delhi","price":"2250"},"2":{"title":"Amar Ujala - All Edition (U.P, Uttrakhand, Haryana, Himanchal Pradesh, Punjab, Delhi Ncr)","price":"29592"},"3":{"title":"Amar Ujala - Central + Eastern UP","price":"10440"},"4":{"title":"Amar Ujala - Uttar Pradesh + Delhi Ncr","price":"23964"},"5":{"title":"Amar Ujala : Punjab","price":"1884"},"6":{"title":"Amar Ujala - Uttarakhand","price":"4776"},"7":{"title":"Amar Uajal - Himanchal Pradesh","price":"3756"},"8":{"title":"Amar Uajala -Haryana","price":"4944"},"9":{"title":"Amar Ujala - Agra","price":"4572"},"10":{"title":"Amar Ujala - Aligarh","price":"1704"},"11":{"title":"Amar Ujala - Allahabad (Prayagraj)","price":"3360"},"12":{"title":"Amar Ujala - Bareilly","price":"3108"},"13":{"title":"Amar Ujala - Chandigarh","price":"1884"},"14":{"title":"Amar Ujala - Dehradun","price":"3276"},"15":{"title":"Amar Ujala - Delhi","price":"4944"},"16":{"title":"Amar Ujala - Dharamsala","price":"1812"},"17":{"title":"Amar Ujala - Gorakhpur","price":"2340"},"18":{"title":"Amar Ujala - Jalandhar","price":"1884"},"19":{"title":"Amar Ujala - Jammu & Kashmir","price":"1572"}},"Tours and Travel":{"0":{"title":"Amar Ujala - UP + Uttarakhand","price":"25680"},"1":{"title":"Amar Ujala - North Power","price":"8364"},"2":{"title":"Amar Ujala - All Edition (U.P, Uttrakhand, Haryana, Himanchal Pradesh, Punjab, Delhi Ncr)","price":"29592"},"3":{"title":"Amar Ujala - Central + Eastern UP","price":"10440"},"4":{"title":"Amar Ujala - Uttar Pradesh + Delhi Ncr","price":"23964"},"5":{"title":"Amar Ujala : Punjab","price":"1884"},"6":{"title":"Amar Ujala - Uttarakhand","price":"4776"},"7":{"title":"Amar Uajal - Himanchal Pradesh","price":"3756"},"8":{"title":"Amar Uajala -Haryana","price":"4944"},"9":{"title":"Amar Ujala - Agra","price":"4572"},"10":{"title":"Amar Ujala - Aligarh","price":"1704"},"11":{"title":"Amar Ujala - Allahabad (Prayagraj)","price":"3360"},"12":{"title":"Amar Ujala - Bareilly","price":"3108"},"13":{"title":"Amar Ujala - Chandigarh","price":"1884"},"14":{"title":"Amar Ujala - Dehradun","price":"3276"},"15":{"title":"Amar Ujala - Delhi","price":"4944"},"16":{"title":"Amar Ujala - Dharamsala","price":"1812"},"17":{"title":"Amar Ujala - Gorakhpur","price":"2340"},"18":{"title":"Amar Ujala - Jalandhar","price":"1884"},"19":{"title":"Amar Ujala - Jammu & Kashmir","price":"1572"},"20":{"title":"Amar Ujala - Jhansi","price":"1812"},"21":{"title":"Amar Ujala - Kanpur","price":"3696"},"22":{"title":"Amar Ujala - Lucknow","price":"5556"},"23":{"title":"Amar Ujala - Meerut","price":"3600"},"24":{"title":"Amar Ujala - Moradabad","price":"2784"},"25":{"title":"Amar Ujala - Nainital","price":"2616"},"26":{"title":"Amar Ujala - Rohtak","price":"2340"},"27":{"title":"Amar Ujala - Varanasi","price":"4368"}},"Property-Rental":{"0":{"title":"Amar Ujala - UP + Uttarakhand","price":"25680"},"1":{"title":"Amar Ujala - North Power","price":"8364"},"2":{"title":"Amar Ujala - All Edition (U.P, Uttrakhand, Haryana, Himanchal Pradesh, Punjab, Delhi Ncr)","price":"29592"},"3":{"title":"Amar Ujala - Central + Eastern UP","price":"3108"},"4":{"title":"Amar Ujala - Chandigarh","price":"1884"},"5":{"title":"Amar Ujala - Dehradun","price":"3276"},"6":{"title":"Amar Ujala - Delhi","price":"2250"},"7":{"title":"Amar Ujala - Dharamsala","price":"1812"},"8":{"title":"Amar Ujala - Gorakhpur","price":"2340"},"9":{"title":"Amar Ujala - Jalandhar","price":"1884"},"10":{"title":"Amar Ujala - Jammu & Kashmir","price":"1572"},"11":{"title":"Amar Ujala - Jhansi","price":"1812"},"12":{"title":"Amar Ujala - Kanpur","price":"3696"},"13":{"title":"Amar Ujala - Lucknow","price":"5556"},"14":{"title":"Amar Ujala - Meerut","price":"3600"},"15":{"title":"Amar Ujala - Moradabad","price":"2784"},"16":{"title":"Amar Ujala - Nainital","price":"2616"},"17":{"title":"Amar Ujala - Rohtak","price":"2340"},"18":{"title":"Amar Ujala - Varanasi","price":"4368"},"19":{"title":"Amar Ujala - Jammu & Kashmir","price":"1572"},"20":{"title":"Amar Ujala - Jhansi","price":"1812"},"21":{"title":"Amar Ujala - Kanpur","price":"3696"},"22":{"title":"Amar Ujala - Lucknow","price":"5556"},"23":{"title":"Amar Ujala - Meerut","price":"3600"},"24":{"title":"Amar Ujala - Moradabad","price":"2784"},"25":{"title":"Amar Ujala - Nainital","price":"2616"},"26":{"title":"Amar Ujala - Rohtak","price":"2340"},"27":{"title":"Amar Ujala - Varanasi","price":"4368"}},"Entertainment":{"0":{"title":"Amar Ujala - UP + Uttarakhand","price":"25680"},"1":{"title":"Amar Ujala - North Power","price":"8364"},"2":{"title":"Amar Ujala - All Edition (U.P, Uttrakhand, Haryana, Himanchal Pradesh, Punjab, Delhi Ncr)","price":"29592"},"3":{"title":"Amar Ujala - Central + Eastern UP","price":"10440"},"4":{"title":"Amar Ujala - Uttar Pradesh + Delhi Ncr","price":"23964"},"5":{"title":"Amar Ujala : Punjab","price":"1884"},"6":{"title":"Amar Ujala - Uttarakhand","price":"4776"},"7":{"title":"Amar Uajal - Himanchal Pradesh","price":"3756"},"8":{"title":"Amar Uajala -Haryana","price":"4944"},"9":{"title":"Amar Ujala - Agra","price":"4572"},"10":{"title":"Amar Ujala - Aligarh","price":"1704"},"11":{"title":"Amar Ujala - Allahabad (Prayagraj)","price":"3360"},"12":{"title":"Amar Ujala - Bareilly","price":"3108"},"13":{"title":"Amar Ujala - Chandigarh","price":"1884"},"14":{"title":"Amar Ujala - Dehradun","price":"3276"},"15":{"title":"Amar Ujala - Delhi","price":"17400"},"16":{"title":"Amar Ujala - Dharamsala","price":"1812"},"17":{"title":"Amar Ujala - Gorakhpur","price":"2340"},"18":{"title":"Amar Ujala - Jalandhar","price":"2340"},"19":{"title":"Amar Ujala - Jammu & Kashmir","price":"1572"},"20":{"title":"Amar Ujala - Jhansi","price":"1812"},"21":{"title":"Amar Ujala - Kanpur","price":"3696"},"22":{"title":"Amar Ujala - Lucknow","price":"5556"},"23":{"title":"Amar Ujala - Meerut","price":"3600"},"24":{"title":"Amar Ujala - Moradabad","price":"2784"},"25":{"title":"Amar Ujala - Nainital","price":"2616"},"26":{"title":"Amar Ujala - Rohtak","price":"2340"},"27":{"title":"Amar Ujala - Varanasi","price":"4368"}}}