{"Matrimonial":{"0":{"title":"Anand Bazar Patrika + The Telegraph - Kolkata","price":"5460"},"1":{"title":"Anand Bazar Patrika - Kolkata","price":"5460"}},"Marriage Bureau":{"0":{"title":"Anand Bazar Patrika + The Telegraph - Kolkata","price":"5460"},"1":{"title":"Anand Bazar Patrika - Kolkata","price":"5460"}},"Change of Name":{"0":{"title":"Anand Bazar Patrika + The Telegraph - Kolkata","price":"5460"},"1":{"title":"Anand Bazar Patrika - Kolkata","price":"5460"}},"Recruitment job":{"0":{"title":"Anand Bazar Patrika + The Telegraph - Kolkata","price":"5460"},"1":{"title":"Anand Bazar Patrika - Kolkata","price":"5460"}},"Education":{"0":{"title":"Anand Bazar Patrika + The Telegraph - Kolkata","price":"5460"},"1":{"title":"Anand Bazar Patrika - Kolkata","price":"5460"}},"property real estate":{"0":{"title":"Anand Bazar Patrika + The Telegraph - Kolkata","price":"5460"},"1":{"title":"Anand Bazar Patrika - Kolkata","price":"5460"}},"Lost and Found":{"0":{"title":"Anand Bazar Patrika + The Telegraph - Kolkata","price":"5460"},"1":{"title":"Anand Bazar Patrika - Kolkata","price":"5460"}},"Business":{"0":{"title":"Anand Bazar Patrika + The Telegraph - Kolkata","price":"5460"},"1":{"title":"Anand Bazar Patrika - Kolkata","price":"5460"}},"Obituary(Death Announcement)":{"0":{"title":"Anand Bazar Patrika + The Telegraph - Kolkata","price":"5460"},"1":{"title":"Anand Bazar Patrika - Kolkata","price":"5460"}},"Remembrance(Unforgettable)":{"0":{"title":"Anand Bazar Patrika + The Telegraph - Kolkata","price":"5460"},"1":{"title":"Anand Bazar Patrika - Kolkata","price":"5460"}},"public tender notices":{"0":{"title":"Anand Bazar Patrika + The Telegraph - Kolkata","price":"5460"},"1":{"title":"Anand Bazar Patrika - Kolkata","price":"5460"}},"Services":{"0":{"title":"Anand Bazar Patrika + The Telegraph - Kolkata","price":"5460"},"1":{"title":"Anand Bazar Patrika - Kolkata","price":"5460"}},"Retail/Shopping":{"0":{"title":"Anand Bazar Patrika + The Telegraph - Kolkata","price":"5460"},"1":{"title":"Anand Bazar Patrika - Kolkata","price":"5460"}},"Personal Announcement":{"0":{"title":"Anand Bazar Patrika + The Telegraph - Kolkata","price":"18690"},"1":{"title":"Anand Bazar Patrika + The Telegraph - Kolkata","price":"28952"}},"Vehicles Automobiles":{"0":{"title":"Anand Bazar Patrika - Kolkata","price":"4900"}},"Tours and Travel":{"0":{"title":"Anand Bazar Patrika - Kolkata","price":"4900"}},"Property-Rental":{"0":{"title":"Anand Bazar Patrika - Kolkata","price":"4900"}},"Entertainment":{"0":{"title":"Anand Bazar Patrika - Kolkata","price":"4900"}},"Real Estate Selling":{"0":{"title":"Anand Bazar Patrika - Kolkata","price":"4900"}},"Beauty & Wellness":{"0":{"title":"Anand Bazar Patrika - Kolkata","price":"4900"}},"Call Centre Employees":{"0":{"title":"Anand Bazar Patrika - Kolkata","price":"4900"}},"Prajapati":{"0":{"title":"Anand Bazar Patrika - Kolkata","price":"4900"}},"Bungalow For Sale":{"0":{"title":"Anand Bazar Patrika - Kolkata","price":"4900"}},"For Rent/Lease/To Let":{"0":{"title":"Anand Bazar Patrika - Kolkata","price":"4900"}},"Outright Sale":{"0":{"title":"Anand Bazar Patrika - Kolkata","price":"4900"}},"Property Others":{"0":{"title":"Anand Bazar Patrika - Kolkata","price":"4900"}},"SMS CAMPAIGN":{"0":{"title":"Anand Bazar Patrika - Kolkata","price":"4900"}}}