{"Matrimonial":{"0":{"title":"Andhra Jyoti - AP + Telangana Edition","price":"0"}},"Marriage Bureau":{"0":{"title":"Andhra Jyoti - AP + Telangana Edition","price":"0"}},"Change of Name":{"0":{"title":"Andhra Jyoti - AP + Telangana Edition","price":"0"}},"Recruitment job":{"0":{"title":"Andhra Jyoti - AP + Telangana Edition","price":"0"}},"Education":{"0":{"title":"Andhra Jyoti - AP + Telangana Edition","price":"0"}},"property real estate":{"0":{"title":"Andhra Jyoti - AP + Telangana Edition","price":"0"}},"Lost and Found":{"0":{"title":"Andhra Jyoti - AP + Telangana Edition","price":"0"}},"Business":{"0":{"title":"Andhra Jyoti - AP + Telangana Edition","price":"0"}},"Obituary(Death Announcement)":{"0":{"title":"Andhra Jyoti - AP + Telangana Edition","price":"0"}},"Remembrance(Unforgettable)":{"0":{"title":"Andhra Jyoti - AP + Telangana Edition","price":"0"}},"public tender notices":{"0":{"title":"Andhra Jyoti - AP + Telangana Edition","price":"0"}},"Services":{"0":{"title":"Andhra Jyoti - AP + Telangana Edition","price":"0"}},"Retail/Shopping":{"0":{"title":"Andhra Jyoti - AP + Telangana Edition","price":"0"}},"Personal Announcement":{"0":{"title":"Andhra Jyoti - AP + Telangana Edition","price":"0"}},"Computers and Hardware":{"0":{"title":"Andhra Jyoti - AP + Telangana Edition","price":"0"}},"Astrology":{"0":{"title":"Andhra Jyoti - AP + Telangana Edition","price":"0"}},"Vehicles Automobiles":{"0":{"title":"Andhra Jyoti - AP + Telangana Edition","price":"0"}},"Tours and Travel":{"0":{"title":"Andhra Jyoti - AP + Telangana Edition","price":"0"}},"Property-Rental":{"0":{"title":"Andhra Jyoti - AP + Telangana Edition","price":"0"}},"Entertainment":{"0":{"title":"Andhra Jyoti - AP + Telangana Edition","price":"0"}},"Real Estate Selling":{"0":{"title":"Andhra Jyoti - AP + Telangana Edition","price":"0"}},"Beauty & Wellness":{"0":{"title":"Andhra Jyoti - AP + Telangana Edition","price":"0"}},"Call Centre Employees":{"0":{"title":"Andhra Jyoti - AP + Telangana Edition","price":"70000"},"1":{"title":"Andhra Jyothi - Hyderabad","price":"14000"},"2":{"title":"Andhra Jyoti - Nellore","price":"2300"}},"Prajapati":{"0":{"title":"Andhra Jyoti - AP + Telangana Edition","price":"70000"},"1":{"title":"Andhra Jyothi - Hyderabad","price":"14000"},"2":{"title":"Andhra Jyoti - Nellore","price":"2300"}}}