{"Education":{"0":{"title":"Assam Tribune - Guwahati","price":"5700"}},"property real estate":{"0":{"title":"Assam Tribune - Guwahati","price":"5700"}},"Lost and Found":{"0":{"title":"Assam Tribune - Guwahati","price":"5700"}},"Business":{"0":{"title":"Assam Tribune - Guwahati","price":"5700"}},"Obituary(Death Announcement)":{"0":{"title":"Assam Tribune - Guwahati","price":"5700"}},"Remembrance(Unforgettable)":{"0":{"title":"Assam Tribune - Guwahati","price":"5700"}},"public tender notices":{"0":{"title":"Assam Tribune - Guwahati","price":"5700"}},"Services":{"0":{"title":"Assam Tribune - Guwahati","price":"5700"}},"Retail/Shopping":{"0":{"title":"Assam Tribune - Guwahati","price":"5700"}},"Personal Announcement":{"0":{"title":"Assam Tribune - Guwahati","price":"5700"}},"Computers and Hardware":{"0":{"title":"Assam Tribune - Guwahati","price":"5700"}},"Astrology":{"0":{"title":"Assam Tribune - Guwahati","price":"5700"}},"Vehicles Automobiles":{"0":{"title":"Assam Tribune - Guwahati","price":"5700"}},"Tours and Travel":{"0":{"title":"Assam Tribune - Guwahati","price":"5700"}},"Property-Rental":{"0":{"title":"Assam Tribune - Guwahati","price":"5700"}},"Entertainment":{"0":{"title":"Assam Tribune - Guwahati","price":"5700"}},"Real Estate Selling":{"0":{"title":"Assam Tribune - Guwahati","price":"5700"}},"Beauty & Wellness":{"0":{"title":"Assam Tribune - Guwahati","price":"5700"}},"Call Centre Employees":{"0":{"title":"Assam Tribune - Guwahati","price":"5700"}},"Prajapati":{"0":{"title":"Assam Tribune - Guwahati","price":"5700"}},"Bungalow For Sale":{"0":{"title":"Assam Tribune - Guwahati","price":"5700"}},"For Rent/Lease/To Let":{"0":{"title":"Assam Tribune - Guwahati","price":"5700"}},"Outright Sale":{"0":{"title":"Assam Tribune - Guwahati","price":"5700"}},"Property Others":{"0":{"title":"Assam Tribune - Guwahati","price":"5700"}},"SMS CAMPAIGN":{"0":{"title":"Assam Tribune - Guwahati","price":"5700"}}}