{"public tender notices":{"0":{"title":"Business Standard (English ) + Business Standard (Hindi) -\nDelhi & Ncr","price":"5000"},"1":{"title":"Business Standard (Hindi) -Delhi","price":"1600"},"2":{"title":"Business Standard (Hindi) -Kolkata","price":"1400"}},"Services":{"0":{"title":"Business Standard (English ) + Business Standard (Hindi) -\nDelhi & Ncr","price":"5000"},"1":{"title":"Business Standard (Hindi) -Delhi","price":"1600"},"2":{"title":"Business Standard (Hindi) -Kolkata","price":"1400"}},"Retail/Shopping":{"0":{"title":"Business Standard (English ) + Business Standard (Hindi) -\nDelhi & Ncr","price":"5000"},"1":{"title":"Business Standard (Hindi) -Delhi","price":"1600"},"2":{"title":"Business Standard (Hindi) -Kolkata","price":"1400"}},"Personal Announcement":{"0":{"title":"Business Standard (English ) + Business Standard (Hindi) -\nDelhi & Ncr","price":"5000"},"1":{"title":"Business Standard (Hindi) -Delhi","price":"1600"},"2":{"title":"Business Standard (Hindi) -Kolkata","price":"1400"}},"Computers and Hardware":{"0":{"title":"Business Standard (English ) + Business Standard (Hindi) -\nDelhi & Ncr","price":"5000"},"1":{"title":"Business Standard (Hindi) -Delhi","price":"1600"},"2":{"title":"Business Standard (Hindi) -Kolkata","price":"1400"}},"Astrology":{"0":{"title":"Business Standard (English ) + Business Standard (Hindi) -\nDelhi & Ncr","price":"5000"},"1":{"title":"Business Standard (Hindi) -Delhi","price":"1600"},"2":{"title":"Business Standard (Hindi) -Kolkata","price":"1400"}},"Vehicles Automobiles":{"0":{"title":"Business Standard (English ) + Business Standard (Hindi) -\nDelhi & Ncr","price":"5000"},"1":{"title":"Business Standard (Hindi) -Delhi","price":"1600"},"2":{"title":"Business Standard (Hindi) -Kolkata","price":"1400"}},"Tours and Travel":{"0":{"title":"Business Standard (English ) + Business Standard (Hindi) -\nDelhi & Ncr","price":"5000"},"1":{"title":"Business Standard (Hindi) -Delhi","price":"1600"},"2":{"title":"Business Standard (Hindi) -Kolkata","price":"1400"}},"Property-Rental":{"0":{"title":"Business Standard (English ) + Business Standard (Hindi) -\nDelhi & Ncr","price":"5000"},"1":{"title":"Business Standard (Hindi) -Delhi","price":"1600"},"2":{"title":"Business Standard (Hindi) -Kolkata","price":"1400"}},"Entertainment":{"0":{"title":"Business Standard (English ) + Business Standard (Hindi) -\nDelhi & Ncr","price":"5000"},"1":{"title":"Business Standard (Hindi) -Delhi","price":"1600"},"2":{"title":"Business Standard (Hindi) -Kolkata","price":"1400"}},"Real Estate Selling":{"0":{"title":"Business Standard (English ) + Business Standard (Hindi) -\nDelhi & Ncr","price":"5000"},"1":{"title":"Business Standard (Hindi) -Delhi","price":"1600"},"2":{"title":"Business Standard (Hindi) -Kolkata","price":"1400"}},"Beauty & Wellness":{"0":{"title":"Business Standard (English ) + Business Standard (Hindi) -\nDelhi & Ncr","price":"5000"},"1":{"title":"Business Standard (Hindi) -Delhi","price":"1600"},"2":{"title":"Business Standard (Hindi) -Kolkata","price":"1400"}},"Call Centre Employees":{"0":{"title":"Business Standard (English ) + Business Standard (Hindi) -\nDelhi & Ncr","price":"5000"},"1":{"title":"Business Standard (Hindi) -Delhi","price":"1600"},"2":{"title":"Business Standard (Hindi) -Kolkata","price":"1400"}},"Prajapati":{"0":{"title":"Business Standard (English ) + Business Standard (Hindi) -\nDelhi & Ncr","price":"5000"},"1":{"title":"Business Standard (Hindi) -Delhi","price":"1600"},"2":{"title":"Business Standard (Hindi) -Kolkata","price":"1400"}},"Bungalow For Sale":{"0":{"title":"Business Standard (English ) + Business Standard (Hindi) -\nDelhi & Ncr","price":"5000"},"1":{"title":"Business Standard (Hindi) -Delhi","price":"1600"},"2":{"title":"Business Standard (Hindi) -Kolkata","price":"1400"}},"For Rent/Lease/To Let":{"0":{"title":"Business Standard (English ) + Business Standard (Hindi) -\nDelhi & Ncr","price":"5000"},"1":{"title":"Business Standard (Hindi) -Delhi","price":"1600"},"2":{"title":"Business Standard (Hindi) -Kolkata","price":"1400"}},"Outright Sale":{"0":{"title":"Business Standard (English ) + Business Standard (Hindi) -\nDelhi & Ncr","price":"5000"},"1":{"title":"Business Standard (Hindi) -Delhi","price":"1600"},"2":{"title":"Business Standard (Hindi) -Kolkata","price":"1400"}},"Property Others":{"0":{"title":"Business Standard (English ) + Business Standard (Hindi) -\nDelhi & Ncr","price":"5000"},"1":{"title":"Business Standard (Hindi) -Delhi","price":"1600"},"2":{"title":"Business Standard (Hindi) -Kolkata","price":"1400"}}}