{"public tender notices":{"0":{"title":"Business by Bids -Times of India + Navbharat Times - All Edition","price":"477400"},"1":{"title":"Business by Bids - TOI + NBT - Delhi, Jaipur, M.P, Lucknow","price":"193600"},"2":{"title":"Business by bids - Ahmedabad","price":"39600"}},"Services":{"0":{"title":"Business by Bids -Times of India + Navbharat Times - All Edition","price":"477400"},"1":{"title":"Business by Bids - TOI + NBT - Delhi, Jaipur, M.P, Lucknow","price":"193600"},"2":{"title":"Business by bids - Ahmedabad","price":"39600"},"3":{"title":"Business by bids - Bangalore","price":"89000"},"4":{"title":"Business by bids - Bhubaneshwar","price":"15600"},"5":{"title":"Business by bids - Chandigarh","price":"12800"},"6":{"title":"Business by bids - Chennai","price":"34200"},"7":{"title":"Business by bids - Dehradun","price":"5200"},"8":{"title":"Business by bids - Delhi","price":"131200"},"9":{"title":"Business by bids - Goa","price":"4800"},"10":{"title":"Business by bids - Guwahati","price":"6800"},"11":{"title":"Business by bids - Hyderabad","price":"35800"},"12":{"title":"Business by bids - Jaipur","price":"12200"},"13":{"title":"Business by bids - Kerela","price":"15200"},"14":{"title":"Business by bids - Kolkata","price":"60400"},"15":{"title":"Business by bids - Lucknow","price":"43600"},"16":{"title":"Business by bids - Mangalore","price":"4120"},"17":{"title":"Business by bids - MP [Indore + Bhopal]","price":"9600"},"18":{"title":"Business by bids - MP [Indore + Bhopal]","price":"9600"},"19":{"title":"Business By Bids - Mumbai","price":"166200"},"20":{"title":"Business by bids - Mysore","price":"6000"},"21":{"title":"Business by bids - Nagpur","price":"4600"},"22":{"title":"Business by bids - Nashik","price":"4600"},"23":{"title":"Business by bids - Patna","price":"25600"},"24":{"title":"Business by bids - Pune","price":"46600"},"25":{"title":"Business by bids - Raipur","price":"4280"},"26":{"title":"Business by bids - Ranchi","price":"12800"}}}