{"public tender notices":{"0":{"title":"Business by bids - ET Pune","price":"10800"},"1":{"title":"Business by bids - ET Ahmedabad","price":"13600"},"2":{"title":"Business by bids - ET Bangalore","price":"23400"}},"Services":{"0":{"title":"Business by bids - ET Pune","price":"10800"},"1":{"title":"Business by bids - ET Ahmedabad","price":"13600"},"2":{"title":"Business by bids - ET Bangalore","price":"23400"},"3":{"title":"Business by bids - ET Chandigarh","price":"6000"},"4":{"title":"Business by bids - ET Chennai","price":"23000"},"5":{"title":"Business by bids - ET Delhi+Gurgaon","price":"64400"},"6":{"title":"Business by bids - ET Delhi+Gurgaon","price":"64400"},"7":{"title":"Business by bids - ET Hyderabad","price":"16400"},"8":{"title":"Business by bids - ET Jaipur","price":"1720"},"9":{"title":"Business by bids - ET Kolkata","price":"29600"},"10":{"title":"Business by bids - ET Lucknow","price":"4800"},"11":{"title":"Business by bids - ET Mumbai","price":"69400"}},"Retail/Shopping":{"0":{"title":"Business by bids - ET Pune","price":"10800"},"1":{"title":"Business by bids - ET Ahmedabad","price":"13600"},"2":{"title":"Business by bids - ET Bangalore","price":"23400"},"3":{"title":"Business by bids - ET Chandigarh","price":"6000"},"4":{"title":"Business by bids - ET Chennai","price":"23000"},"5":{"title":"Business by bids - ET Delhi+Gurgaon","price":"64400"},"6":{"title":"Business by bids - ET Delhi+Gurgaon","price":"64400"},"7":{"title":"Business by bids - ET Hyderabad","price":"16400"},"8":{"title":"Business by bids - ET Jaipur","price":"1720"},"9":{"title":"Business by bids - ET Kolkata","price":"29600"},"10":{"title":"Business by bids - ET Lucknow","price":"4800"},"11":{"title":"Business by bids - ET Mumbai","price":"69400"}},"Personal Announcement":{"0":{"title":"Business by bids - ET Pune","price":"10800"},"1":{"title":"Business by bids - ET Ahmedabad","price":"13600"},"2":{"title":"Business by bids - ET Bangalore","price":"23400"},"3":{"title":"Business by bids - ET Chandigarh","price":"6000"},"4":{"title":"Business by bids - ET Chennai","price":"23000"},"5":{"title":"Business by bids - ET Delhi+Gurgaon","price":"64400"},"6":{"title":"Business by bids - ET Delhi+Gurgaon","price":"64400"},"7":{"title":"Business by bids - ET Hyderabad","price":"16400"},"8":{"title":"Business by bids - ET Jaipur","price":"1720"},"9":{"title":"Business by bids - ET Kolkata","price":"29600"},"10":{"title":"Business by bids - ET Lucknow","price":"4800"},"11":{"title":"Business by bids - ET Mumbai","price":"69400"}}}