{"public tender notices":{"0":{"title":"Business by Bids -Times of India + Navbharat Times - All Edition","price":"477400"},"1":{"title":"Business by Bids - TOI + NBT - Delhi, Jaipur, M.P, Lucknow","price":"193600"},"2":{"title":"Business by bids - NBT Delhi","price":"55800"}},"Services":{"0":{"title":"Business by Bids -Times of India + Navbharat Times - All Edition","price":"477400"},"1":{"title":"Business by Bids - TOI + NBT - Delhi, Jaipur, M.P, Lucknow","price":"193600"},"2":{"title":"Business by bids - NBT Delhi","price":"55800"},"3":{"title":"Business by bids - NBT Lucknow","price":"8000"},"4":{"title":"Business by bids - NBT Mumbai","price":"23600"}},"Retail/Shopping":{"0":{"title":"Business by Bids -Times of India + Navbharat Times - All Edition","price":"477400"},"1":{"title":"Business by Bids - TOI + NBT - Delhi, Jaipur, M.P, Lucknow","price":"193600"},"2":{"title":"Business by bids - NBT Delhi","price":"55800"},"3":{"title":"Business by bids - NBT Lucknow","price":"8000"},"4":{"title":"Business by bids - NBT Mumbai","price":"23600"}},"Personal Announcement":{"0":{"title":"Business by Bids -Times of India + Navbharat Times - All Edition","price":"477400"},"1":{"title":"Business by Bids - TOI + NBT - Delhi, Jaipur, M.P, Lucknow","price":"193600"},"2":{"title":"Business by bids - NBT Delhi","price":"55800"},"3":{"title":"Business by bids - NBT Lucknow","price":"8000"},"4":{"title":"Business by bids - NBT Mumbai","price":"23600"}},"Computers and Hardware":{"0":{"title":"Business by Bids -Times of India + Navbharat Times - All Edition","price":"477400"},"1":{"title":"Business by Bids - TOI + NBT - Delhi, Jaipur, M.P, Lucknow","price":"193600"},"2":{"title":"Business by bids - NBT Delhi","price":"55800"},"3":{"title":"Business by bids - NBT Lucknow","price":"8000"},"4":{"title":"Business by bids - NBT Mumbai","price":"23600"}},"Astrology":{"0":{"title":"Business by Bids -Times of India + Navbharat Times - All Edition","price":"477400"},"1":{"title":"Business by Bids - TOI + NBT - Delhi, Jaipur, M.P, Lucknow","price":"193600"},"2":{"title":"Business by bids - NBT Delhi","price":"55800"},"3":{"title":"Business by bids - NBT Lucknow","price":"8000"},"4":{"title":"Business by bids - NBT Mumbai","price":"23600"}},"Vehicles Automobiles":{"0":{"title":"Business by Bids -Times of India + Navbharat Times - All Edition","price":"477400"},"1":{"title":"Business by Bids - TOI + NBT - Delhi, Jaipur, M.P, Lucknow","price":"193600"},"2":{"title":"Business by bids - NBT Delhi","price":"55800"},"3":{"title":"Business by bids - NBT Lucknow","price":"8000"},"4":{"title":"Business by bids - NBT Mumbai","price":"23600"}}}