{"Recruitment job":{"0":{"title":"Daily Thanthi - All Editions","price":"14070"},"1":{"title":"Daily Thanthi - Bangalore","price":"630"},"2":{"title":"Daily Thanthi - Chennai","price":"5775"}},"Education":{"0":{"title":"Daily Thanthi - All Editions","price":"14070"},"1":{"title":"Daily Thanthi - Bangalore","price":"630"},"2":{"title":"Daily Thanthi - Chennai","price":"5775"},"3":{"title":"Daily Thanthi - Coimbatore","price":"966"},"4":{"title":"Daily Thanthi - Cuddalore","price":"504"},"5":{"title":"Daily Thanthi - Dindigul","price":"525"},"6":{"title":"Daily Thanthi - Erode","price":"504"},"7":{"title":"Daily Thanthi - Madurai","price":"945"},"8":{"title":"Daily Thanthi - Mumbai","price":"210"},"9":{"title":"Daily Thanthi - Nagercoil","price":"557"},"10":{"title":"Daily Thanthi - Puducherry","price":"504"},"11":{"title":"Daily Thanthi - Salem","price":"872"},"12":{"title":"Daily Thanthi - Tanjore","price":"756"},"13":{"title":"Daily Thanthi - Tirunelveli","price":"704"},"14":{"title":"Daily Thanthi - Tiruppur","price":"420"},"15":{"title":"Daily Thanthi - Trichy","price":"735"},"16":{"title":"Daily Thanthi - Vellore","price":"630"}},"property real estate":{"0":{"title":"Daily Thanthi - All Editions","price":"14070"},"1":{"title":"Daily Thanthi - Bangalore","price":"630"},"2":{"title":"Daily Thanthi - Chennai","price":"5775"},"3":{"title":"Daily Thanthi - Coimbatore","price":"966"},"4":{"title":"Daily Thanthi - Cuddalore","price":"504"},"5":{"title":"Daily Thanthi - Dindigul","price":"525"},"6":{"title":"Daily Thanthi - Erode","price":"504"},"7":{"title":"Daily Thanthi - Madurai","price":"945"},"8":{"title":"Daily Thanthi - Mumbai","price":"210"},"9":{"title":"Daily Thanthi - Nagercoil","price":"557"},"10":{"title":"Daily Thanthi - Puducherry","price":"504"},"11":{"title":"Daily Thanthi - Salem","price":"872"},"12":{"title":"Daily Thanthi - Tanjore","price":"756"},"13":{"title":"Daily Thanthi - Tirunelveli","price":"704"},"14":{"title":"Daily Thanthi - Tiruppur","price":"420"},"15":{"title":"Daily Thanthi - Trichy","price":"735"},"16":{"title":"Daily Thanthi - Vellore","price":"630"}},"Lost and Found":{"0":{"title":"Daily Thanthi - All Editions","price":"14070"},"1":{"title":"Daily Thanthi - Bangalore","price":"630"},"2":{"title":"Daily Thanthi - Chennai","price":"5775"},"3":{"title":"Daily Thanthi - Coimbatore","price":"966"},"4":{"title":"Daily Thanthi - Cuddalore","price":"504"},"5":{"title":"Daily Thanthi - Dindigul","price":"525"},"6":{"title":"Daily Thanthi - Erode","price":"504"},"7":{"title":"Daily Thanthi - Madurai","price":"945"},"8":{"title":"Daily Thanthi - Mumbai","price":"210"},"9":{"title":"Daily Thanthi - Nagercoil","price":"557"},"10":{"title":"Daily Thanthi - Puducherry","price":"504"},"11":{"title":"Daily Thanthi - Salem","price":"872"},"12":{"title":"Daily Thanthi - Tanjore","price":"756"},"13":{"title":"Daily Thanthi - Tirunelveli","price":"704"},"14":{"title":"Daily Thanthi - Tiruppur","price":"420"},"15":{"title":"Daily Thanthi - Trichy","price":"735"},"16":{"title":"Daily Thanthi - Vellore","price":"630"}},"Business":{"0":{"title":"Daily Thanthi - All Editions","price":"9135"},"1":{"title":"Daily Thanthi - Bangalore","price":"399"},"2":{"title":"Daily Thanthi - Chennai","price":"3801"},"3":{"title":"Daily Thanthi - Coimbatore","price":"641"},"4":{"title":"Daily Thanthi - Cuddalore","price":"357"},"5":{"title":"Daily Thanthi - Dindigul","price":"336"},"6":{"title":"Daily Thanthi - Erode","price":"347"},"7":{"title":"Daily Thanthi - Madurai","price":"609"},"8":{"title":"Daily Thanthi - Mumbai","price":"210"},"9":{"title":"Daily Thanthi - Nagercoil","price":"389"},"10":{"title":"Daily Thanthi - Puducherry","price":"357"},"11":{"title":"Daily Thanthi - Salem","price":"599"},"12":{"title":"Daily Thanthi - Tanjore","price":"515"},"13":{"title":"Daily Thanthi - Tirunelveli","price":"483"},"14":{"title":"Daily Thanthi - Tiruppur","price":"305"},"15":{"title":"Daily Thanthi - Trichy","price":"515"},"16":{"title":"Daily Thanthi - Vellore","price":"431"}},"Services":{"0":{"title":"Daily Thanthi - All Editions","price":"4935"},"1":{"title":"Daily Thanthi - Bangalore","price":"231"},"2":{"title":"Daily Thanthi - Chennai","price":"1943"}},"Retail/Shopping":{"0":{"title":"Daily Thanthi - All Editions","price":"4935"},"1":{"title":"Daily Thanthi - Bangalore","price":"231"},"2":{"title":"Daily Thanthi - Chennai","price":"1943"},"3":{"title":"Daily Thanthi - Coimbatore","price":"368"},"4":{"title":"Daily Thanthi - Cuddalore","price":"200"},"5":{"title":"Daily Thanthi - Dindigul","price":"189"},"6":{"title":"Daily Thanthi - Erode","price":"189"},"7":{"title":"Daily Thanthi - Madurai","price":"326"},"8":{"title":"Daily Thanthi - Mumbai","price":"210"},"9":{"title":"Daily Thanthi - Nagercoil","price":"231"},"10":{"title":"Daily Thanthi - Puducherry","price":"200"},"11":{"title":"Daily Thanthi - Salem","price":"326"},"12":{"title":"Daily Thanthi - Tanjore","price":"284"},"13":{"title":"Daily Thanthi - Tirunelveli","price":"315"},"14":{"title":"Daily Thanthi - Tiruppur","price":"189"},"15":{"title":"Daily Thanthi - Trichy","price":"284"},"16":{"title":"Daily Thanthi - Vellore","price":"221"}},"Personal Announcement":{"0":{"title":"Daily Thanthi - All Editions","price":"4935"},"1":{"title":"Daily Thanthi - Bangalore","price":"231"},"2":{"title":"Daily Thanthi - Chennai","price":"1943"},"3":{"title":"Daily Thanthi - Coimbatore","price":"368"},"4":{"title":"Daily Thanthi - Cuddalore","price":"200"},"5":{"title":"Daily Thanthi - Dindigul","price":"189"},"6":{"title":"Daily Thanthi - Erode","price":"189"},"7":{"title":"Daily Thanthi - Madurai","price":"326"},"8":{"title":"Daily Thanthi - Mumbai","price":"210"},"9":{"title":"Daily Thanthi - Nagercoil","price":"231"},"10":{"title":"Daily Thanthi - Puducherry","price":"200"},"11":{"title":"Daily Thanthi - Salem","price":"326"},"12":{"title":"Daily Thanthi - Tanjore","price":"284"},"13":{"title":"Daily Thanthi - Tirunelveli","price":"315"},"14":{"title":"Daily Thanthi - Tiruppur","price":"189"},"15":{"title":"Daily Thanthi - Trichy","price":"284"},"16":{"title":"Daily Thanthi - Vellore","price":"221"}},"Computers and Hardware":{"0":{"title":"Daily Thanthi - All Editions","price":"4935"},"1":{"title":"Daily Thanthi - Bangalore","price":"231"},"2":{"title":"Daily Thanthi - Chennai","price":"1943"},"3":{"title":"Daily Thanthi - Coimbatore","price":"368"},"4":{"title":"Daily Thanthi - Cuddalore","price":"200"},"5":{"title":"Daily Thanthi - Dindigul","price":"189"},"6":{"title":"Daily Thanthi - Erode","price":"189"},"7":{"title":"Daily Thanthi - Madurai","price":"326"},"8":{"title":"Daily Thanthi - Mumbai","price":"210"},"9":{"title":"Daily Thanthi - Nagercoil","price":"231"},"10":{"title":"Daily Thanthi - Puducherry","price":"200"},"11":{"title":"Daily Thanthi - Salem","price":"326"},"12":{"title":"Daily Thanthi - Tanjore","price":"284"},"13":{"title":"Daily Thanthi - Tirunelveli","price":"315"},"14":{"title":"Daily Thanthi - Tiruppur","price":"189"},"15":{"title":"Daily Thanthi - Trichy","price":"284"},"16":{"title":"Daily Thanthi - Vellore","price":"221"}},"Astrology":{"0":{"title":"Daily Thanthi - All Editions","price":"14018"},"1":{"title":"Daily Thanthi - Bangalore","price":"630"},"2":{"title":"Daily Thanthi - Chennai","price":"5775"},"3":{"title":"Daily Thanthi - Coimbatore ","price":"966"},"4":{"title":"Daily Thanthi - Cuddalore","price":"200"},"5":{"title":"Daily Thanthi - Dindigul","price":"189"},"6":{"title":"Daily Thanthi - Erode","price":"189"},"7":{"title":"Daily Thanthi - Madurai","price":"326"},"8":{"title":"Daily Thanthi - Mumbai","price":"210"},"9":{"title":"Daily Thanthi - Nagercoil","price":"221"},"10":{"title":"Daily Thanthi - Puducherry","price":"200"},"11":{"title":"Daily Thanthi - Salem","price":"326"},"12":{"title":"Daily Thanthi - Tanjore","price":"284"},"13":{"title":"Daily Thanthi - Tirunelveli","price":"315"},"14":{"title":"Daily Thanthi - Tiruppur","price":"189"},"15":{"title":"Daily Thanthi - Trichy","price":"284"}},"Vehicles Automobiles":{"0":{"title":"Daily Thanthi - All Editions","price":"4935"},"1":{"title":"Daily Thanthi - Bangalore","price":"231"},"2":{"title":"Daily Thanthi - Chennai","price":"1943"},"3":{"title":"Daily Thanthi - Coimbatore","price":"368"},"4":{"title":"Daily Thanthi - Cuddalore","price":"200"},"5":{"title":"Daily Thanthi - Dindigul","price":"189"},"6":{"title":"Daily Thanthi - Erode","price":"189"},"7":{"title":"Daily Thanthi - Madurai","price":"326"},"8":{"title":"Daily Thanthi - Nagercoil","price":"557"},"9":{"title":"Daily Thanthi - Puducherry","price":"504"},"10":{"title":"Daily Thanthi - Salem","price":"872"},"11":{"title":"Daily Thanthi - Tanjore","price":"756"},"12":{"title":"Daily Thanthi - Tirunelveli","price":"704"},"13":{"title":"Daily Thanthi - Tiruppur","price":"420"},"14":{"title":"Daily Thanthi - Vellore","price":"630"},"15":{"title":"Daily Thanthi - Trichy","price":"735"},"16":{"title":"Daily Thanthi - Vellore","price":"630"}},"Tours and Travel":{"0":{"title":"Daily Thanthi - All Editions","price":"14018"},"1":{"title":"Daily Thanthi - Bangalore","price":"630"},"2":{"title":"Daily Thanthi - Chennai","price":"5775"},"3":{"title":"Daily Thanthi - Coimbatore","price":"966"},"4":{"title":"Daily Thanthi - Cuddalore","price":"504"},"5":{"title":"Daily Thanthi - Dindigul","price":"525"},"6":{"title":"Daily Thanthi - Erode","price":"504"},"7":{"title":"Daily Thanthi - Madurai","price":"945"},"8":{"title":"Daily Thanthi - Mumbai","price":"210"},"9":{"title":"Daily Thanthi - Nagercoil","price":"557"},"10":{"title":"Daily Thanthi - Puducherry","price":"504"},"11":{"title":"Daily Thanthi - Salem","price":"872"},"12":{"title":"Daily Thanthi - Tanjore","price":"756"},"13":{"title":"Daily Thanthi - Tirunelveli","price":"704"},"14":{"title":"Daily Thanthi - Tiruppur","price":"420"},"15":{"title":"Daily Thanthi - Trichy","price":"735"},"16":{"title":"Daily Thanthi - Vellore","price":"630"}}}