{"Matrimonial":{"0":{"title":"Dainik Bhaskar - All Rajashtan Editions","price":"2962"},"1":{"title":"Dainik Bhaskar - MP + chhattisgarh Editions","price":"2358"}},"Marriage Bureau":{"0":{"title":"Dainik Bhaskar - All Rajashtan Editions","price":"2962"},"1":{"title":"Dainik Bhaskar - MP + chhattisgarh Editions","price":"2358"}},"Change of Name":{"0":{"title":"Dainik Bhaskar - All Rajashtan Editions","price":"2962"},"1":{"title":"Dainik Bhaskar - MP + chhattisgarh Editions","price":"2358"}},"Recruitment job":{"0":{"title":"Dainik Bhaskar - All Rajashtan Editions","price":"2962"},"1":{"title":"Dainik Bhaskar - MP + chhattisgarh Editions","price":"2358"}},"Education":{"0":{"title":"Dainik Bhaskar - All Rajashtan Editions","price":"2962"},"1":{"title":"Dainik Bhaskar - MP + chhattisgarh Editions","price":"2358"}},"property real estate":{"0":{"title":"Dainik Bhaskar - All Rajashtan Editions","price":"2962"},"1":{"title":"Dainik Bhaskar - MP + chhattisgarh Editions","price":"2358"}},"Lost and Found":{"0":{"title":"Dainik Bhaskar - All Rajashtan Editions","price":"2962"},"1":{"title":"Dainik Bhaskar - MP + chhattisgarh Editions","price":"2358"}},"Business":{"0":{"title":"Dainik Bhaskar - All Rajashtan Editions","price":"2962"},"1":{"title":"Dainik Bhaskar - MP + chhattisgarh Editions","price":"2358"}},"Obituary(Death Announcement)":{"0":{"title":"Dainik Bhaskar - All Rajashtan Editions","price":"2962"},"1":{"title":"Dainik Bhaskar - MP + chhattisgarh Editions","price":"2358"}},"Remembrance(Unforgettable)":{"0":{"title":"Dainik Bhaskar - All Haryana Editions","price":"13425"},"1":{"title":"Dainik Bhaskar - All Punjab Editions","price":"5775"},"2":{"title":"Dainik Bhaskar - Chandigarh + Punjab + Haryana and HP","price":"14250"}},"Services":{"0":{"title":"Dainik Bhaskar - All Haryana Editions","price":"13425"},"1":{"title":"Dainik Bhaskar - All Punjab Editions","price":"5775"},"2":{"title":"Dainik Bhaskar - Chandigarh + Punjab + Haryana and HP","price":"14250"}},"Retail/Shopping":{"0":{"title":"Dainik Bhaskar - All Haryana Editions","price":"13425"},"1":{"title":"Dainik Bhaskar - All Punjab Editions","price":"5775"},"2":{"title":"Dainik Bhaskar - Chandigarh + Punjab + Haryana and HP","price":"14250"},"3":{"title":"Dainik Bhaskar - All Rajashtan Editions","price":"49395"},"4":{"title":"Dainik Bhaskar - All Madhya Pradesh Edition","price":"24450"},"5":{"title":"Dainik Bhaskar - All Chattisgarh","price":"6150"},"6":{"title":"Dainik Bhaskar -All Bihar","price":"7875"},"7":{"title":"5 Ad Combo Dainik Bhaskar - All Rajasthan Editions","price":"96240"},"8":{"title":"5 Ad Combo Dainik Bhaskar - Jaipur Edition","price":"37500"},"9":{"title":"4 Ad Combo Dainik Bhaskar - Alwar Edition","price":"6960"},"10":{"title":"4 Ad Combo Dainik Bhaskar - Bikaner Edition","price":"7500"},"11":{"title":"4 Ad Combo Dainik Bhaskar -Bharatpur Edition","price":"3780"},"12":{"title":"4 Ad Combo Dainik Bhaskar - Banswara Edition","price":"4320"},"13":{"title":"4 Ad Combo Dainik Bhaskar - Bhilwara Edition","price":"4140"},"14":{"title":"4 Ad Combo Dainik Bhaskar - Barmer Edition","price":"5400"},"15":{"title":"4 Ad Combo Dainik Bhaskar - Udaipur Edition","price":"9930"},"16":{"title":"4 Ad Combo Dainik Bhaskar - Jodhpur Edition","price":"9570"},"17":{"title":"4 Ad Combo Dainik Bhaskar - Kota Edition","price":"10380"},"18":{"title":"4 Ad Combo Dainik Bhaskar - Pali Edition","price":"4920"},"19":{"title":"4 Ad Combo Dainik Bhaskar - Nagaur Edition","price":"3240"},"20":{"title":"4 Ad Combo Dainik Bhaskar - Sriganganagar Edition","price":"6240"},"21":{"title":"4 Ad Combo Dainik Bhaskar - Sikar Edition","price":"5580"},"22":{"title":"Dainik Bhaskar - Jharkhand","price":"3600"},"23":{"title":"Dainik Bhaskar : Bihar + Jharkhand","price":"9750"},"24":{"title":"Dainik Bhaskar - All Editions","price":"32400"},"25":{"title":"Dainik Bhaskar - Ajmer","price":"2685"},"26":{"title":"Dainik Bhaskar - Alwar","price":"3480"},"27":{"title":"Dainik Bhaskar - Banswara","price":"1965"},"28":{"title":"Dainik Bhaskar - Barmer","price":"3300"},"29":{"title":"Dainik Bhaskar - Bharatpur","price":"1755"},"30":{"title":"Dainik Bhaskar - Bhilwara","price":"2385"},"31":{"title":"Dainik Bhaskar - Bikaner","price":"3705"},"32":{"title":"Dainik Bhaskar - Chandigarh","price":"3825"},"33":{"title":"Dainik Bhaskar - Dhanbad","price":"975"},"34":{"title":"Dainik Bhaskar - Jaipur","price":"16575"},"35":{"title":"Dainik Bhaskar - Jodhpur","price":"4785"},"36":{"title":"Dainik Bhaskar - Kota","price":"5190"},"37":{"title":"Dainik Bhaskar - Nagaur","price":"1620"},"38":{"title":"Dainik Bhaskar - Pali","price":"2460"},"39":{"title":"Dainik Bhaskar - Patna","price":"1620"},"40":{"title":"Dainik Bhaskar - Pali","price":"2460"},"41":{"title":"Dainik Bhaskar - Patna","price":"4125"},"42":{"title":"Dainik Bhaskar - Ranchi","price":"1650"},"43":{"title":"Dainik Bhaskar - Sikar","price":"2745"},"44":{"title":"Dainik Bhaskar - Sriganganagar","price":"3090"},"45":{"title":"Dainik Bhaskar - Udaipur","price":"4965"},"46":{"title":"Dainik Bhaskar -Bhagalpur","price":"1875"},"47":{"title":"Dainik Bhaskar -Dhanbad","price":"975"}},"Computers and Hardware":{"0":{"title":"Dainik Bhaskar - All Haryana Editions","price":"13425"},"1":{"title":"Dainik Bhaskar - All Punjab Editions","price":"5775"},"2":{"title":"Dainik Bhaskar - Chandigarh + Punjab + Haryana and HP","price":"14250"}},"Astrology":{"0":{"title":"Dainik Bhaskar - All Haryana Editions","price":"13425"},"1":{"title":"Dainik Bhaskar - All Punjab Editions","price":"5775"},"2":{"title":"Dainik Bhaskar - Chandigarh + Punjab + Haryana and HP","price":"14250"},"3":{"title":"Dainik Bhaskar - All Rajashtan Editions","price":"49395"},"4":{"title":"Dainik Bhaskar - All Chattisgarh","price":"6150"},"5":{"title":"Dainik Bhaskar -All Bihar","price":"7875"},"6":{"title":"5 Ad Combo Dainik Bhaskar - All Rajasthan Editions","price":"96240"},"7":{"title":"5 Ad Combo Dainik Bhaskar - Jaipur Edition","price":"37500"},"8":{"title":"4 Ad Combo Dainik Bhaskar - Alwar Edition","price":"6960"},"9":{"title":"4 Ad Combo Dainik Bhaskar - Bikaner Edition","price":"7500"},"10":{"title":"4 Ad Combo Dainik Bhaskar -Bharatpur Edition","price":"3780"},"11":{"title":"4 Ad Combo Dainik Bhaskar - Banswara Edition","price":"4320"},"12":{"title":"4 Ad Combo Dainik Bhaskar - Bhilwara Edition","price":"4140"},"13":{"title":"4 Ad Combo Dainik Bhaskar - Barmer Edition","price":"5400"},"14":{"title":"4 Ad Combo Dainik Bhaskar - Udaipur Edition","price":"9930"},"15":{"title":"4 Ad Combo Dainik Bhaskar - Jodhpur Edition","price":"9570"},"16":{"title":"4 Ad Combo Dainik Bhaskar - Kota Edition","price":"10380"},"17":{"title":"4 Ad Combo Dainik Bhaskar - Pali Edition","price":"4920"},"18":{"title":"4 Ad Combo Dainik Bhaskar - Nagaur Edition","price":"3240"},"19":{"title":"4 Ad Combo Dainik Bhaskar - Sriganganagar Edition","price":"6240"},"20":{"title":"4 Ad Combo Dainik Bhaskar - Sikar Edition","price":"5580"},"21":{"title":"Dainik Bhaskar - Jharkhand","price":"3600"},"22":{"title":"Dainik Bhaskar : Bihar + Jharkhand","price":"9750"},"23":{"title":"Dainik Bhaskar - Ajmer","price":"2685"},"24":{"title":"Dainik Bhaskar - Alwar","price":"3480"},"25":{"title":"Dainik Bhaskar - Banswara","price":"1965"},"26":{"title":"Dainik Bhaskar - Barmer","price":"3300"},"27":{"title":"Dainik Bhaskar - Bharatpur","price":"1755"},"28":{"title":"Dainik Bhaskar - Bhilwara","price":"2385"},"29":{"title":"Dainik Bhaskar - Bikaner","price":"3705"},"30":{"title":"Dainik Bhaskar - Chandigarh","price":"3825"},"31":{"title":"Dainik Bhaskar - Dhanbad","price":"975"},"32":{"title":"Dainik Bhaskar - Jaipur","price":"16575"},"33":{"title":"Dainik Bhaskar - Jamsedpur","price":"975"},"34":{"title":"Dainik Bhaskar - Jodhpur","price":"4785"},"35":{"title":"Dainik Bhaskar - Kota","price":"5190"},"36":{"title":"Dainik Bhaskar - Nagaur","price":"1620"},"37":{"title":"Dainik Bhaskar - Pali","price":"2460"},"38":{"title":"Dainik Bhaskar - Patna","price":"4125"},"39":{"title":"Dainik Bhaskar - Pali","price":"2460"},"40":{"title":"Dainik Bhaskar - Patna","price":"4125"},"41":{"title":"Dainik Bhaskar - Raipur","price":"5355"},"42":{"title":"Dainik Bhaskar - Ranchi","price":"1650"},"43":{"title":"Dainik Bhaskar - Sikar","price":"2745"},"44":{"title":"Dainik Bhaskar - Sriganganagar","price":"3090"},"45":{"title":"Dainik Bhaskar - Udaipur","price":"4965"},"46":{"title":"Dainik Bhaskar -Muzaffarpur","price":"2250"}},"Vehicles Automobiles":{"0":{"title":"Dainik Bhaskar - All Haryana Editions","price":"13425"},"1":{"title":"Dainik Bhaskar - All Punjab Editions","price":"5550"},"2":{"title":"Dainik Bhaskar - Chandigarh + Punjab + Haryana and HP","price":"14250"},"3":{"title":"Dainik Bhaskar - All Rajashtan Editions","price":"51525"},"4":{"title":"Dainik Bhaskar - All Madhya Pradesh Edition","price":"30300"},"5":{"title":"Dainik Bhaskar - All Chattisgarh","price":"6150"},"6":{"title":"Dainik Bhaskar -All Bihar","price":"7875"},"7":{"title":"5 Ad Combo Dainik Bhaskar - All Rajasthan Editions","price":"93750"},"8":{"title":"5 Ad Combo Dainik Bhaskar - Jaipur Edition","price":"37500"},"9":{"title":"4 Ad Combo Dainik Bhaskar - Alwar Edition","price":"6960"},"10":{"title":"4 Ad Combo Dainik Bhaskar - Bikaner Edition","price":"7500"},"11":{"title":"4 Ad Combo Dainik Bhaskar -Bharatpur Edition","price":"3780"},"12":{"title":"4 Ad Combo Dainik Bhaskar - Banswara Edition","price":"4320"},"13":{"title":"4 Ad Combo Dainik Bhaskar - Bhilwara Edition","price":"4140"},"14":{"title":"4 Ad Combo Dainik Bhaskar - Barmer Edition","price":"5400"},"15":{"title":"4 Ad Combo Dainik Bhaskar - Udaipur Edition","price":"9930"},"16":{"title":"4 Ad Combo Dainik Bhaskar - Jodhpur Edition","price":"9570"},"17":{"title":"4 Ad Combo Dainik Bhaskar - Kota Edition","price":"10380"},"18":{"title":"4 Ad Combo Dainik Bhaskar - Pali Edition","price":"4920"},"19":{"title":"4 Ad Combo Dainik Bhaskar - Nagaur Edition","price":"3240"},"20":{"title":"4 Ad Combo Dainik Bhaskar - Sriganganagar Edition","price":"6240"},"21":{"title":"4 Ad Combo Dainik Bhaskar - Sikar Edition","price":"5580"},"22":{"title":"Dainik Bhaskar - Jharkhand","price":"3600"},"23":{"title":"Dainik Bhaskar : Bihar + Jharkhand","price":"9750"},"24":{"title":"Dainik Bhaskar - All Editions","price":"32400"},"25":{"title":"Dainik Bhaskar - Ajmer","price":"2805"},"26":{"title":"Dainik Bhaskar - Alwar","price":"3480"},"27":{"title":"Dainik Bhaskar - Banswara","price":"1965"},"28":{"title":"Dainik Bhaskar - Barmer","price":"3300"},"29":{"title":"Dainik Bhaskar - Bharatpur","price":"1755"},"30":{"title":"Dainik Bhaskar - Bhilwara","price":"2385"},"31":{"title":"Dainik Bhaskar - Bikaner","price":"3705"},"32":{"title":"Dainik Bhaskar - Chandigarh","price":"3825"},"33":{"title":"Dainik Bhaskar - Dhanbad","price":"975"},"34":{"title":"Dainik Bhaskar - Jaipur","price":"16575"},"35":{"title":"Dainik Bhaskar - Jamsedpur","price":"975"},"36":{"title":"Dainik Bhaskar - Jodhpur","price":"4785"},"37":{"title":"Dainik Bhaskar - Kota","price":"5190"},"38":{"title":"Dainik Bhaskar - Nagaur","price":"1620"},"39":{"title":"Dainik Bhaskar - Pali","price":"2460"},"40":{"title":"Dainik Bhaskar - Patna","price":"4125"},"41":{"title":"Dainik Bhaskar - Raipur","price":"5355"},"42":{"title":"Dainik Bhaskar - Ranchi","price":"1650"},"43":{"title":"Dainik Bhaskar - Sikar","price":"2745"},"44":{"title":"Dainik Bhaskar - Sriganganagar","price":"3090"},"45":{"title":"Dainik Bhaskar - Udaipur","price":"4965"},"46":{"title":"Dainik Bhaskar -Muzaffarpur","price":"2250"}}}