{"Matrimonial":{"0":{"title":"The Tribune + Dainik Tribune - All Edition","price":"12996"},"1":{"title":"The Tribune + Dainik Tribune + Punjabi Tribune - All Edition","price":"16188"},"2":{"title":"Dainik Tribune - All Editions","price":"2280"},"3":{"title":"DAINIK TRIBUNE + PUNJABI TRIBUNE - ALL EDITION","price":"5320"}},"Marriage Bureau":{"0":{"title":"The Tribune + Dainik Tribune - All Edition","price":"12996"},"1":{"title":"The Tribune + Dainik Tribune + Punjabi Tribune - All Edition","price":"16188"},"2":{"title":"Dainik Tribune - All Editions","price":"2280"},"3":{"title":"DAINIK TRIBUNE + PUNJABI TRIBUNE - ALL EDITION","price":"5320"}},"Change of Name":{"0":{"title":"The Tribune + Dainik Tribune - All Edition","price":"12996"},"1":{"title":"The Tribune + Dainik Tribune + Punjabi Tribune - All Edition","price":"16188"},"2":{"title":"Dainik Tribune - All Editions","price":"2280"},"3":{"title":"DAINIK TRIBUNE + PUNJABI TRIBUNE - ALL EDITION","price":"5320"}},"Recruitment job":{"0":{"title":"The Tribune + Dainik Tribune - All Edition","price":"12996"},"1":{"title":"The Tribune + Dainik Tribune + Punjabi Tribune - All Edition","price":"16188"},"2":{"title":"Dainik Tribune - All Editions","price":"2280"},"3":{"title":"DAINIK TRIBUNE + PUNJABI TRIBUNE - ALL EDITION","price":"5320"}},"Education":{"0":{"title":"The Tribune + Dainik Tribune - All Edition","price":"12996"},"1":{"title":"The Tribune + Dainik Tribune + Punjabi Tribune - All Edition","price":"16188"},"2":{"title":"Dainik Tribune - All Editions","price":"2280"},"3":{"title":"DAINIK TRIBUNE + PUNJABI TRIBUNE - ALL EDITION","price":"5320"}},"property real estate":{"0":{"title":"The Tribune + Dainik Tribune - All Edition","price":"12996"},"1":{"title":"The Tribune + Dainik Tribune + Punjabi Tribune - All Edition","price":"16188"},"2":{"title":"Dainik Tribune - All Editions","price":"2280"},"3":{"title":"DAINIK TRIBUNE + PUNJABI TRIBUNE - ALL EDITION","price":"5320"}},"Lost and Found":{"0":{"title":"The Tribune + Dainik Tribune - All Edition","price":"12996"},"1":{"title":"The Tribune + Dainik Tribune + Punjabi Tribune - All Edition","price":"16188"},"2":{"title":"Dainik Tribune - All Editions","price":"2280"},"3":{"title":"DAINIK TRIBUNE + PUNJABI TRIBUNE - ALL EDITION","price":"5320"}},"Business":{"0":{"title":"The Tribune + Dainik Tribune - All Edition","price":"12996"},"1":{"title":"The Tribune + Dainik Tribune + Punjabi Tribune - All Edition","price":"16188"},"2":{"title":"Dainik Tribune - All Editions","price":"2280"},"3":{"title":"DAINIK TRIBUNE + PUNJABI TRIBUNE - ALL EDITION","price":"5320"}},"Obituary(Death Announcement)":{"0":{"title":"The Tribune + Dainik Tribune - All Edition","price":"12996"},"1":{"title":"The Tribune + Dainik Tribune + Punjabi Tribune - All Edition","price":"16188"},"2":{"title":"Dainik Tribune - All Editions","price":"2280"},"3":{"title":"DAINIK TRIBUNE + PUNJABI TRIBUNE - ALL EDITION","price":"5320"}},"Remembrance(Unforgettable)":{"0":{"title":"The Tribune + Dainik Tribune - All Edition","price":"12996"},"1":{"title":"The Tribune + Dainik Tribune + Punjabi Tribune - All Edition","price":"16188"},"2":{"title":"Dainik Tribune - All Editions","price":"2280"},"3":{"title":"DAINIK TRIBUNE + PUNJABI TRIBUNE - ALL EDITION","price":"5320"}},"public tender notices":{"0":{"title":"The Tribune + Dainik Tribune - All Edition","price":"12996"},"1":{"title":"The Tribune + Dainik Tribune + Punjabi Tribune - All Edition","price":"16188"},"2":{"title":"Dainik Tribune - All Editions","price":"2280"},"3":{"title":"DAINIK TRIBUNE + PUNJABI TRIBUNE - ALL EDITION","price":"5320"}},"Services":{"0":{"title":"The Tribune + Dainik Tribune - All Edition","price":"12996"},"1":{"title":"The Tribune + Dainik Tribune + Punjabi Tribune - All Edition","price":"16188"},"2":{"title":"Dainik Tribune - All Editions","price":"2280"},"3":{"title":"DAINIK TRIBUNE + PUNJABI TRIBUNE - ALL EDITION","price":"5320"}},"Retail/Shopping":{"0":{"title":"The Tribune + Dainik Tribune - All Edition","price":"12996"},"1":{"title":"The Tribune + Dainik Tribune + Punjabi Tribune - All Edition","price":"16188"},"2":{"title":"Dainik Tribune - All Editions","price":"2280"},"3":{"title":"DAINIK TRIBUNE + PUNJABI TRIBUNE - ALL EDITION","price":"5320"}},"Personal Announcement":{"0":{"title":"The Tribune + Dainik Tribune - All Edition","price":"12996"},"1":{"title":"The Tribune + Dainik Tribune + Punjabi Tribune - All Edition","price":"16188"},"2":{"title":"Dainik Tribune - All Editions","price":"2280"},"3":{"title":"DAINIK TRIBUNE + PUNJABI TRIBUNE - ALL EDITION","price":"5320"}},"Computers and Hardware":{"0":{"title":"The Tribune + Dainik Tribune - All Edition","price":"12996"},"1":{"title":"The Tribune + Dainik Tribune + Punjabi Tribune - All Edition","price":"16188"},"2":{"title":"Dainik Tribune - All Editions","price":"2280"},"3":{"title":"DAINIK TRIBUNE + PUNJABI TRIBUNE - ALL EDITION","price":"5320"}},"Astrology":{"0":{"title":"The Tribune + Dainik Tribune - All Edition","price":"12996"},"1":{"title":"The Tribune + Dainik Tribune + Punjabi Tribune - All Edition","price":"16188"},"2":{"title":"Dainik Tribune - All Editions","price":"2280"},"3":{"title":"DAINIK TRIBUNE + PUNJABI TRIBUNE - ALL EDITION","price":"5320"}},"Vehicles Automobiles":{"0":{"title":"The Tribune + Dainik Tribune - All Edition","price":"12996"},"1":{"title":"The Tribune + Dainik Tribune + Punjabi Tribune - All Edition","price":"16188"},"2":{"title":"Dainik Tribune - All Editions","price":"2280"},"3":{"title":"DAINIK TRIBUNE + PUNJABI TRIBUNE - ALL EDITION","price":"5320"}},"Tours and Travel":{"0":{"title":"The Tribune + Dainik Tribune - All Edition","price":"12996"},"1":{"title":"The Tribune + Dainik Tribune + Punjabi Tribune - All Edition","price":"16188"},"2":{"title":"Dainik Tribune - All Editions","price":"2280"},"3":{"title":"DAINIK TRIBUNE + PUNJABI TRIBUNE - ALL EDITION","price":"5320"}},"Property-Rental":{"0":{"title":"The Tribune + Dainik Tribune - All Edition","price":"12996"},"1":{"title":"The Tribune + Dainik Tribune + Punjabi Tribune - All Edition","price":"16188"},"2":{"title":"Dainik Tribune - All Editions","price":"2280"},"3":{"title":"DAINIK TRIBUNE + PUNJABI TRIBUNE - ALL EDITION","price":"5320"}},"Entertainment":{"0":{"title":"The Tribune + Dainik Tribune - All Edition","price":"12996"},"1":{"title":"The Tribune + Dainik Tribune + Punjabi Tribune - All Edition","price":"16188"},"2":{"title":"Dainik Tribune - All Editions","price":"2280"},"3":{"title":"DAINIK TRIBUNE + PUNJABI TRIBUNE - ALL EDITION","price":"5320"}},"Real Estate Selling":{"0":{"title":"The Tribune + Dainik Tribune - All Edition","price":"12996"},"1":{"title":"The Tribune + Dainik Tribune + Punjabi Tribune - All Edition","price":"16188"},"2":{"title":"Dainik Tribune - All Editions","price":"2280"},"3":{"title":"DAINIK TRIBUNE + PUNJABI TRIBUNE - ALL EDITION ","price":"5320"}},"Beauty & Wellness":{"0":{"title":"The Tribune + Dainik Tribune - All Edition","price":"12996"},"1":{"title":"The Tribune + Dainik Tribune + Punjabi Tribune - All Edition","price":"16188"},"2":{"title":"Dainik Tribune - All Editions","price":"2280"},"3":{"title":"DAINIK TRIBUNE + PUNJABI TRIBUNE - ALL EDITION","price":"5320"}},"Call Centre Employees":{"0":{"title":"The Tribune + Dainik Tribune - All Edition","price":"12996"},"1":{"title":"The Tribune + Dainik Tribune + Punjabi Tribune - All Edition","price":"16188"},"2":{"title":"Dainik Tribune - All Editions","price":"2280"},"3":{"title":"DAINIK TRIBUNE + PUNJABI TRIBUNE - ALL EDITION","price":"5320"}},"Prajapati":{"0":{"title":"The Tribune + Dainik Tribune - All Edition","price":"12996"},"1":{"title":"The Tribune + Dainik Tribune + Punjabi Tribune - All Edition","price":"16188"},"2":{"title":"Dainik Tribune - All Editions","price":"2280"},"3":{"title":"DAINIK TRIBUNE + PUNJABI TRIBUNE - ALL EDITION","price":"5320"}},"Bungalow For Sale":{"0":{"title":"The Tribune + Dainik Tribune - All Edition","price":"12312"},"1":{"title":"The Tribune + Dainik Tribune + Punjabi Tribune - All Edition","price":"16188"},"2":{"title":"Dainik Tribune - All Editions","price":"2280"},"3":{"title":"DAINIK TRIBUNE + PUNJABI TRIBUNE - ALL EDITION","price":"5320"}},"For Rent/Lease/To Let":{"0":{"title":"The Tribune + Dainik Tribune - All Edition","price":"12312"},"1":{"title":"The Tribune + Dainik Tribune + Punjabi Tribune - All Edition","price":"16188"},"2":{"title":"Dainik Tribune - All Editions","price":"2280"},"3":{"title":"DAINIK TRIBUNE + PUNJABI TRIBUNE - ALL EDITION","price":"5320"}},"Outright Sale":{"0":{"title":"The Tribune + Dainik Tribune - All Edition","price":"12312"},"1":{"title":"The Tribune + Dainik Tribune + Punjabi Tribune - All Edition","price":"16188"},"2":{"title":"Dainik Tribune - All Editions","price":"2280"},"3":{"title":"DAINIK TRIBUNE + PUNJABI TRIBUNE - ALL EDITION","price":"5320"}},"Property Others":{"0":{"title":"The Tribune + Dainik Tribune - All Edition","price":"12312"},"1":{"title":"The Tribune + Dainik Tribune + Punjabi Tribune - All Edition","price":"16188"},"2":{"title":"Dainik Tribune - All Editions","price":"2280"},"3":{"title":"DAINIK TRIBUNE + PUNJABI TRIBUNE - ALL EDITION ","price":"5320"}},"SMS CAMPAIGN":{"0":{"title":"The Tribune + Dainik Tribune - All Edition","price":"12996"},"1":{"title":"The Tribune + Dainik Tribune + Punjabi Tribune - All Edition","price":"16188"},"2":{"title":"Dainik Tribune - All Editions","price":"2280"},"3":{"title":"DAINIK TRIBUNE + PUNJABI TRIBUNE - ALL EDITION","price":"5320"}}}