{"Education":{"0":{"title":"Herald + Dainik Herald - Goa","price":"4000"}},"property real estate":{"0":{"title":"Herald + Dainik Herald - Goa","price":"4000"}},"Lost and Found":{"0":{"title":"Herald + Dainik Herald - Goa","price":"4000"}},"Business":{"0":{"title":"Herald + Dainik Herald - Goa","price":"4000"}},"Obituary(Death Announcement)":{"0":{"title":"Herald + Dainik Herald - Goa","price":"4000"}},"Remembrance(Unforgettable)":{"0":{"title":"Herald + Dainik Herald - Goa","price":"4000"}},"public tender notices":{"0":{"title":"Herald + Dainik Herald - Goa","price":"4000"}},"Services":{"0":{"title":"Herald + Dainik Herald - Goa","price":"4000"}},"Retail/Shopping":{"0":{"title":"Herald + Dainik Herald - Goa","price":"4000"}},"Personal Announcement":{"0":{"title":"Herald + Dainik Herald - Goa","price":"4000"}},"Computers and Hardware":{"0":{"title":"Herald + Dainik Herald - Goa","price":"4000"}},"Astrology":{"0":{"title":"Herald + Dainik Herald - Goa","price":"4000"}},"Vehicles Automobiles":{"0":{"title":"Herald + Dainik Herald - Goa","price":"4000"}},"Tours and Travel":{"0":{"title":"Herald + Dainik Herald - Goa","price":"4000"}},"Property-Rental":{"0":{"title":"Herald + Dainik Herald - Goa","price":"4000"}},"Entertainment":{"0":{"title":"Herald + Dainik Herald - Goa","price":"4000"}},"Real Estate Selling":{"0":{"title":"Herald + Dainik Herald - Goa","price":"4000"}},"Beauty & Wellness":{"0":{"title":"Herald + Dainik Herald - Goa","price":"4000"}},"Call Centre Employees":{"0":{"title":"Herald + Dainik Herald - Goa","price":"4000"}},"Prajapati":{"0":{"title":"Herald + Dainik Herald - Goa","price":"4000"}},"Bungalow For Sale":{"0":{"title":"Herald + Dainik Herald - Goa","price":"4000"}},"For Rent/Lease/To Let":{"0":{"title":"Herald + Dainik Herald - Goa","price":"4000"}},"Outright Sale":{"0":{"title":"Herald + Dainik Herald - Goa","price":"4000"}}}