{"Matrimonial":{"0":{"title":"Dainik Jagran - Delhi Ncr, Haryana","price":"6320"},"1":{"title":"Dainik Jagran - Uttarakhand","price":"2960"},"2":{"title":"Dainik Jagran - Bihar + Jharkhnad + W.Bengal","price":"6800"},"3":{"title":"Dainik Jagran - U.P + Uttrakhand + Nai Dunia - MP","price":"14320"},"4":{"title":"Dainik Jagran - UP, UTT, Bihar, Jharkhand, Delhi Ncr, Haryana, Punjab, Himachal Pradesh, Jammu, W.Bengal + Nai Dunia - M.P","price":"19280"},"5":{"title":"Dainik Jagran - Eastern UP + Bihar","price":"9200"},"6":{"title":"Dainik Jagran - Bihar + Jharkhand","price":"5840"},"7":{"title":"Dainik Jagran - Delhi NCR","price":"4640"},"8":{"title":"Dainik Jagran - Greater Punjab, Jammu and Kashmir, Himachal Pradesh","price":"2560"}},"Marriage Bureau":{"0":{"title":"Dainik Jagran - Delhi Ncr, Haryana","price":"6320"},"1":{"title":"Dainik Jagran - Uttarakhand","price":"2960"},"2":{"title":"Dainik Jagran - Bihar + Jharkhnad + W.Bengal","price":"6800"},"3":{"title":"Dainik Jagran - U.P + Uttrakhand + Nai Dunia - MP","price":"14320"},"4":{"title":"Dainik Jagran - UP, UTT, Bihar, Jharkhand, Delhi Ncr, Haryana, Punjab, Himachal Pradesh, Jammu, W.Bengal + Nai Dunia - M.P","price":"19280"},"5":{"title":"Dainik Jagran - Eastern UP + Bihar","price":"9200"},"6":{"title":"Dainik Jagran - Bihar + Jharkhand","price":"5840"},"7":{"title":"Dainik Jagran - Delhi NCR","price":"4640"},"8":{"title":"Dainik Jagran - Greater Punjab, Jammu and Kashmir, Himachal Pradesh","price":"2560"}},"Change of Name":{"0":{"title":"Dainik Jagran - Delhi Ncr, Haryana","price":"6320"},"1":{"title":"Dainik Jagran - Uttarakhand","price":"2960"},"2":{"title":"Dainik Jagran - Bihar + Jharkhnad + W.Bengal","price":"6800"},"3":{"title":"Dainik Jagran - U.P + Uttrakhand + Nai Dunia - MP","price":"14320"},"4":{"title":"Dainik Jagran - UP, UTT, Bihar, Jharkhand, Delhi Ncr, Haryana, Punjab, Himachal Pradesh, Jammu, W.Bengal + Nai Dunia - M.P","price":"19280"},"5":{"title":"Dainik Jagran - Eastern UP + Bihar","price":"9200"},"6":{"title":"Dainik Jagran - Bihar + Jharkhand","price":"5840"},"7":{"title":"Dainik Jagran - Delhi NCR","price":"4640"},"8":{"title":"Dainik Jagran - Greater Punjab, Jammu and Kashmir, Himachal Pradesh","price":"2560"}},"Recruitment job":{"0":{"title":"Dainik Jagran - Delhi Ncr, Haryana","price":"6320"},"1":{"title":"Dainik Jagran - Uttarakhand","price":"2960"},"2":{"title":"Dainik Jagran - Bihar + Jharkhnad + W.Bengal","price":"6800"},"3":{"title":"Dainik Jagran - U.P + Uttrakhand + Nai Dunia - MP","price":"14320"},"4":{"title":"Dainik Jagran - UP, UTT, Bihar, Jharkhand, Delhi Ncr, Haryana, Punjab, Himachal Pradesh, Jammu, W.Bengal + Nai Dunia - M.P","price":"19280"},"5":{"title":"Dainik Jagran - Eastern UP + Bihar","price":"9200"},"6":{"title":"Dainik Jagran - Bihar + Jharkhand","price":"5840"},"7":{"title":"Dainik Jagran - Delhi NCR","price":"4640"},"8":{"title":"Dainik Jagran - Greater Punjab, Jammu and Kashmir, Himachal Pradesh","price":"2560"}},"Education":{"0":{"title":"Dainik Jagran - Delhi Ncr, Haryana","price":"6320"},"1":{"title":"Dainik Jagran - Uttarakhand","price":"2960"},"2":{"title":"Dainik Jagran - Bihar + Jharkhnad + W.Bengal","price":"6800"},"3":{"title":"Dainik Jagran - U.P + Uttrakhand + Nai Dunia - MP","price":"14320"},"4":{"title":"Dainik Jagran - UP, UTT, Bihar, Jharkhand, Delhi Ncr, Haryana, Punjab, Himachal Pradesh, Jammu, W.Bengal + Nai Dunia - M.P","price":"19280"},"5":{"title":"Dainik Jagran - Eastern UP + Bihar","price":"9200"},"6":{"title":"Dainik Jagran - Bihar + Jharkhand","price":"5840"},"7":{"title":"Dainik Jagran - Delhi NCR","price":"4640"},"8":{"title":"Dainik Jagran - Greater Punjab, Jammu and Kashmir, Himachal Pradesh","price":"2560"}},"property real estate":{"0":{"title":"Dainik Jagran - Delhi Ncr, Haryana","price":"6320"},"1":{"title":"Dainik Jagran - Uttarakhand","price":"2960"},"2":{"title":"Dainik Jagran - Bihar + Jharkhnad + W.Bengal","price":"6800"},"3":{"title":"Dainik Jagran - U.P + Uttrakhand + Nai Dunia - MP","price":"14320"},"4":{"title":"Dainik Jagran - UP, UTT, Bihar, Jharkhand, Delhi Ncr, Haryana, Punjab, Himachal Pradesh, Jammu, W.Bengal + Nai Dunia - M.P","price":"19280"},"5":{"title":"Dainik Jagran - Eastern UP + Bihar","price":"9200"},"6":{"title":"Dainik Jagran - Bihar + Jharkhand","price":"9600"},"7":{"title":"Dainik Jagran - Bihar","price":"7365"},"8":{"title":"Dainik Jagran\nJharkhand Package","price":"3630"}},"Business":{"0":{"title":"Dainik Jagran - Jhansi","price":"2250"}},"Obituary(Death Announcement)":{"0":{"title":"Dainik Jagran - Jhansi","price":"2250"}},"Remembrance(Unforgettable)":{"0":{"title":"Dainik Jagran - Jhansi","price":"2250"}},"public tender notices":{"0":{"title":"Dainik Jagran - Jhansi","price":"2250"}},"Services":{"0":{"title":"Dainik Jagran - Jhansi","price":"2250"}},"Retail/Shopping":{"0":{"title":"Dainik Jagran - Jhansi","price":"2250"}},"Personal Announcement":{"0":{"title":"Dainik Jagran - Jhansi","price":"2250"}},"Computers and Hardware":{"0":{"title":"Dainik Jagran - Jhansi","price":"2250"}},"Astrology":{"0":{"title":"Dainik Jagran - Jhansi","price":"2250"}},"Vehicles Automobiles":{"0":{"title":"Dainik Jagran - Jhansi","price":"2250"}},"Tours and Travel":{"0":{"title":"Dainik Jagran - Jhansi","price":"2250"}},"Property-Rental":{"0":{"title":"Dainik Jagran - Jhansi","price":"2250"}},"Entertainment":{"0":{"title":"Dainik Jagran - Jhansi","price":"2250"}},"Real Estate Selling":{"0":{"title":"Dainik Jagran - Jhansi","price":"2250"}},"Beauty & Wellness":{"0":{"title":"Dainik Jagran - Jhansi","price":"2250"}},"Call Centre Employees":{"0":{"title":"Dainik Jagran - Jhansi","price":"2250"}},"Prajapati":{"0":{"title":"Dainik Jagran - Jhansi","price":"2250"}},"Bungalow For Sale":{"0":{"title":"Dainik Jagran - Jhansi","price":"2250"}},"For Rent/Lease/To Let":{"0":{"title":"Dainik Jagran - Jhansi","price":"2250"}},"Outright Sale":{"0":{"title":"Dainik Jagran - Jhansi","price":"2250"}},"Property Others":{"0":{"title":"Dainik Jagran - Jhansi","price":"2250"}},"SMS CAMPAIGN":{"0":{"title":"Dainik Jagran - Jhansi","price":"2250"}}}