{"Matrimonial":{"0":{"title":"Deccan Herald - All Karnataka Editions","price":"8025"}},"Marriage Bureau":{"0":{"title":"Deccan Herald - All Karnataka Editions","price":"8025"}},"Change of Name":{"0":{"title":"Deccan Herald - All Karnataka Editions","price":"8025"}},"Recruitment job":{"0":{"title":"Deccan Herald - All Karnataka Editions","price":"8025"}},"Education":{"0":{"title":"Deccan Herald - All Karnataka Editions","price":"8025"}},"property real estate":{"0":{"title":"Deccan Herald - All Karnataka Editions","price":"8025"}},"Lost and Found":{"0":{"title":"Deccan Herald - All Karnataka Editions","price":"8025"}},"Business":{"0":{"title":"Deccan Herald - All Karnataka Editions","price":"8025"}},"Obituary(Death Announcement)":{"0":{"title":"Deccan Herald - All Karnataka Editions","price":"8025"}},"Remembrance(Unforgettable)":{"0":{"title":"Deccan Herald - All Karnataka Editions","price":"8025"}},"public tender notices":{"0":{"title":"Deccan Herald - All Karnataka Editions","price":"8025"}},"Services":{"0":{"title":"Deccan Herald - All Karnataka Editions","price":"8025"}},"Retail/Shopping":{"0":{"title":"Deccan Herald - All Karnataka Editions","price":"8025"}},"Personal Announcement":{"0":{"title":"Deccan Herald - All Karnataka Editions","price":"8025"}},"Computers and Hardware":{"0":{"title":"Deccan Herald - All Karnataka Editions","price":"8025"}},"Astrology":{"0":{"title":"Deccan Herald - All Karnataka Editions","price":"8025"}},"Vehicles Automobiles":{"0":{"title":"Deccan Herald - All Karnataka Editions","price":"8025"}},"Tours and Travel":{"0":{"title":"Deccan Herald - All Karnataka Editions","price":"8025"}},"Property-Rental":{"0":{"title":"Deccan Herald - All Karnataka Editions","price":"8025"}}}