{"Matrimonial":{"0":{"title":"Deccan Chronicle - All Andhra Pradesh Editions","price":"37900"},"1":{"title":"Deccan Chronicle - Hyderabad + Chennai Editions","price":"37900"},"2":{"title":"Deccan Chronicle - Hyderabad + Bangalore Editions","price":"37900"},"3":{"title":"Deccan Chronicle - All Editions","price":"53600"},"4":{"title":"Deccan Chronical - Anantapur","price":"5800"},"5":{"title":"Deccan Chronical - Bangalore","price":"7700"},"6":{"title":"Deccan Chronical - Chennai","price":"7700"},"7":{"title":"Deccan Chronical - Coimbatore","price":"5800"},"8":{"title":"Deccan Chronical - Hyderabad","price":"33200"},"9":{"title":"Deccan Chronical - Karimnagar","price":"5800"},"10":{"title":"Deccan Chronical - Kochi","price":"5800"},"11":{"title":"Deccan Chronical - Nellore","price":"5800"},"12":{"title":"Deccan Chronical - Rajahmundry","price":"5800"},"13":{"title":"Deccan Chronical - Vijayawada","price":"5800"},"14":{"title":"Deccan Chronical - Vishakapatnam","price":"5800"},"15":{"title":"Deccan Chronicle - Trivandrum","price":"5800"}},"Marriage Bureau":{"0":{"title":"Deccan Chronicle - All Andhra Pradesh Editions","price":"37900"},"1":{"title":"Deccan Chronicle - Hyderabad + Chennai Editions","price":"37900"},"2":{"title":"Deccan Chronicle - Hyderabad + Bangalore Editions","price":"37900"},"3":{"title":"Deccan Chronicle - All Editions","price":"53600"},"4":{"title":"Deccan Chronical - Anantapur","price":"5800"},"5":{"title":"Deccan Chronical - Bangalore","price":"7700"},"6":{"title":"Deccan Chronical - Chennai","price":"7700"},"7":{"title":"Deccan Chronical - Coimbatore","price":"5800"},"8":{"title":"Deccan Chronical - Hyderabad","price":"33200"},"9":{"title":"Deccan Chronical - Karimnagar","price":"5800"},"10":{"title":"Deccan Chronical - Kochi","price":"5800"},"11":{"title":"Deccan Chronical - Nellore","price":"5800"},"12":{"title":"Deccan Chronical - Rajahmundry","price":"5800"},"13":{"title":"Deccan Chronical - Vijayawada","price":"5800"},"14":{"title":"Deccan Chronical - Vishakapatnam","price":"5800"},"15":{"title":"Deccan Chronicle - Trivandrum","price":"5800"}},"Recruitment job":{"0":{"title":"Deccan Chronicle - All Andhra Pradesh Editions","price":"37900"},"1":{"title":"Deccan Chronicle - Hyderabad + Chennai Editions","price":"37900"},"2":{"title":"Deccan Chronicle - Hyderabad + Bangalore Editions","price":"37900"}},"Education":{"0":{"title":"Deccan Chronicle - All Andhra Pradesh Editions","price":"37900"},"1":{"title":"Deccan Chronicle - Hyderabad + Chennai Editions","price":"37900"},"2":{"title":"Deccan Chronicle - Hyderabad + Bangalore Editions","price":"37900"},"3":{"title":"Deccan Chronicle - All Editions","price":"53600"},"4":{"title":"Deccan Chronical - Anantapur","price":"5800"},"5":{"title":"Deccan Chronical - Bangalore","price":"7700"},"6":{"title":"Deccan Chronical - Coimbatore","price":"5800"},"7":{"title":"Deccan Chronical - Hyderabad","price":"33200"},"8":{"title":"Deccan Chronical - Karimnagar","price":"5800"},"9":{"title":"Deccan Chronical - Kochi","price":"5800"},"10":{"title":"Deccan Chronical - Nellore","price":"5800"},"11":{"title":"Deccan Chronical - Rajahmundry","price":"5800"},"12":{"title":"Deccan Chronical - Vijayawada","price":"5800"},"13":{"title":"Deccan Chronical - Vishakapatnam","price":"5800"},"14":{"title":"Deccan Chronicle - Trivandrum","price":"5800"}},"property real estate":{"0":{"title":"Deccan Chronicle - All Andhra Pradesh Editions","price":"37900"},"1":{"title":"Deccan Chronicle - Hyderabad + Chennai Editions","price":"37900"},"2":{"title":"Deccan Chronicle - Hyderabad + Bangalore Editions","price":"37900"},"3":{"title":"Deccan Chronicle - All Editions","price":"53600"},"4":{"title":"Deccan Chronical - Anantapur","price":"5800"},"5":{"title":"Deccan Chronical - Bangalore","price":"7700"},"6":{"title":"Deccan Chronical - Coimbatore","price":"5800"},"7":{"title":"Deccan Chronical - Hyderabad","price":"33200"},"8":{"title":"Deccan Chronical - Karimnagar","price":"5800"},"9":{"title":"Deccan Chronical - Kochi","price":"5800"},"10":{"title":"Deccan Chronical - Nellore","price":"5800"},"11":{"title":"Deccan Chronical - Rajahmundry","price":"5800"},"12":{"title":"Deccan Chronical - Vijayawada","price":"5800"},"13":{"title":"Deccan Chronical - Vishakapatnam","price":"5800"},"14":{"title":"Deccan Chronicle - Trivandrum","price":"5800"}},"Lost and Found":{"0":{"title":"Deccan Chronicle - All Andhra Pradesh Editions","price":"37900"},"1":{"title":"Deccan Chronicle - Hyderabad + Chennai Editions","price":"37900"},"2":{"title":"Deccan Chronicle - Hyderabad + Bangalore Editions","price":"37900"},"3":{"title":"Deccan Chronicle - All Editions","price":"53600"},"4":{"title":"Deccan Chronical - Anantapur","price":"5800"},"5":{"title":"Deccan Chronical - Bangalore","price":"7700"},"6":{"title":"Deccan Chronical - Coimbatore","price":"5800"},"7":{"title":"Deccan Chronical - Hyderabad","price":"33200"},"8":{"title":"Deccan Chronical - Karimnagar","price":"5800"},"9":{"title":"Deccan Chronical - Kochi","price":"5800"},"10":{"title":"Deccan Chronical - Nellore","price":"5800"},"11":{"title":"Deccan Chronical - Rajahmundry","price":"5800"},"12":{"title":"Deccan Chronical - Vijayawada","price":"5800"},"13":{"title":"Deccan Chronical - Vishakapatnam","price":"5800"},"14":{"title":"Deccan Chronicle - Trivandrum","price":"5800"}},"Business":{"0":{"title":"Deccan Chronicle - All Andhra Pradesh Editions","price":"37900"},"1":{"title":"Deccan Chronicle - Hyderabad + Chennai Editions","price":"37900"},"2":{"title":"Deccan Chronicle - Hyderabad + Bangalore Editions","price":"37900"},"3":{"title":"Deccan Chronicle - All Editions","price":"53600"},"4":{"title":"Deccan Chronical - Anantapur","price":"5800"},"5":{"title":"Deccan Chronical - Bangalore","price":"7700"},"6":{"title":"Deccan Chronical - Coimbatore","price":"5800"},"7":{"title":"Deccan Chronical - Hyderabad","price":"33200"},"8":{"title":"Deccan Chronical - Karimnagar","price":"5800"},"9":{"title":"Deccan Chronical - Kochi","price":"5800"},"10":{"title":"Deccan Chronical - Nellore","price":"5800"},"11":{"title":"Deccan Chronical - Rajahmundry","price":"5800"},"12":{"title":"Deccan Chronical - Vijayawada","price":"5800"},"13":{"title":"Deccan Chronical - Vishakapatnam","price":"5800"},"14":{"title":"Deccan Chronicle - Trivandrum","price":"5800"}},"Obituary(Death Announcement)":{"0":{"title":"Deccan Chronicle - All Andhra Pradesh Editions","price":"37900"},"1":{"title":"Deccan Chronicle - Hyderabad + Chennai Editions","price":"37900"},"2":{"title":"Deccan Chronicle - Hyderabad + Bangalore Editions","price":"37900"},"3":{"title":"Deccan Chronicle - All Editions","price":"53600"},"4":{"title":"Deccan Chronical - Anantapur","price":"5800"},"5":{"title":"Deccan Chronical - Bangalore","price":"7700"},"6":{"title":"Deccan Chronical - Coimbatore","price":"5800"},"7":{"title":"Deccan Chronical - Hyderabad","price":"33200"},"8":{"title":"Deccan Chronical - Karimnagar","price":"5800"},"9":{"title":"Deccan Chronical - Kochi","price":"5800"},"10":{"title":"Deccan Chronical - Nellore","price":"5800"},"11":{"title":"Deccan Chronical - Rajahmundry","price":"5800"},"12":{"title":"Deccan Chronical - Vijayawada","price":"5800"},"13":{"title":"Deccan Chronical - Vishakapatnam","price":"5800"},"14":{"title":"Deccan Chronicle - Trivandrum","price":"5800"}},"Remembrance(Unforgettable)":{"0":{"title":"Deccan Chronicle - All Andhra Pradesh Editions","price":"37900"},"1":{"title":"Deccan Chronicle - Hyderabad + Chennai Editions","price":"37900"},"2":{"title":"Deccan Chronicle - Hyderabad + Bangalore Editions","price":"37900"},"3":{"title":"Deccan Chronicle - All Editions","price":"53600"},"4":{"title":"Deccan Chronical - Anantapur","price":"5800"},"5":{"title":"Deccan Chronical - Bangalore","price":"8000"},"6":{"title":"Deccan Chronical - Coimbatore","price":"5800"},"7":{"title":"Deccan Chronical - Hyderabad","price":"33200"},"8":{"title":"Deccan Chronical - Karimnagar","price":"5800"},"9":{"title":"Deccan Chronical - Kochi","price":"5800"},"10":{"title":"Deccan Chronical - Nellore","price":"5800"},"11":{"title":"Deccan Chronical - Rajahmundry","price":"5800"},"12":{"title":"Deccan Chronical - Vijayawada","price":"5800"},"13":{"title":"Deccan Chronical - Vishakapatnam","price":"5800"},"14":{"title":"Deccan Chronicle - Trivandrum","price":"5800"}},"Services":{"0":{"title":"Deccan Chronicle - All Andhra Pradesh Editions","price":"37900"},"1":{"title":"Deccan Chronicle - Hyderabad + Chennai Editions","price":"37900"},"2":{"title":"Deccan Chronicle - Hyderabad + Bangalore Editions","price":"37900"}},"Retail/Shopping":{"0":{"title":"Deccan Chronicle - All Andhra Pradesh Editions","price":"37900"},"1":{"title":"Deccan Chronicle - Hyderabad + Chennai Editions","price":"37900"},"2":{"title":"Deccan Chronicle - Hyderabad + Bangalore Editions","price":"37900"},"3":{"title":"Deccan Chronicle - All Editions","price":"53600"},"4":{"title":"Deccan Chronical - Anantapur","price":"5800"},"5":{"title":"Deccan Chronical - Bangalore","price":"7700"},"6":{"title":"Deccan Chronical - Chennai","price":"7700"},"7":{"title":"Deccan Chronical - Coimbatore","price":"5800"},"8":{"title":"Deccan Chronical - Hyderabad","price":"33200"},"9":{"title":"Deccan Chronical - Karimnagar","price":"5800"},"10":{"title":"Deccan Chronical - Kochi","price":"5800"},"11":{"title":"Deccan Chronical - Nellore","price":"5800"},"12":{"title":"Deccan Chronical - Rajahmundry","price":"5800"},"13":{"title":"Deccan Chronical - Vijayawada","price":"5800"},"14":{"title":"Deccan Chronical - Vishakapatnam","price":"5800"},"15":{"title":"Deccan Chronicle - Trivandrum","price":"5800"}},"Personal Announcement":{"0":{"title":"Deccan Chronicle - All Andhra Pradesh Editions","price":"37900"},"1":{"title":"Deccan Chronicle - Hyderabad + Chennai Editions","price":"37900"},"2":{"title":"Deccan Chronicle - Hyderabad + Bangalore Editions","price":"37900"},"3":{"title":"Deccan Chronicle - All Editions","price":"53600"},"4":{"title":"Deccan Chronical - Anantapur","price":"5800"},"5":{"title":"Deccan Chronical - Bangalore","price":"7700"},"6":{"title":"Deccan Chronical - Chennai","price":"7700"},"7":{"title":"Deccan Chronical - Coimbatore","price":"5800"},"8":{"title":"Deccan Chronical - Hyderabad","price":"33200"},"9":{"title":"Deccan Chronical - Karimnagar","price":"5800"},"10":{"title":"Deccan Chronical - Kochi","price":"5800"},"11":{"title":"Deccan Chronical - Nellore","price":"5800"},"12":{"title":"Deccan Chronical - Rajahmundry","price":"5800"},"13":{"title":"Deccan Chronical - Vijayawada","price":"5800"},"14":{"title":"Deccan Chronical - Vishakapatnam","price":"5800"},"15":{"title":"Deccan Chronicle - Trivandrum","price":"5800"}},"Computers and Hardware":{"0":{"title":"Deccan Chronicle - All Andhra Pradesh Editions","price":"37900"},"1":{"title":"Deccan Chronicle - Hyderabad + Chennai Editions","price":"37900"},"2":{"title":"Deccan Chronicle - Hyderabad + Bangalore Editions","price":"37900"},"3":{"title":"Deccan Chronicle - All Editions","price":"53600"},"4":{"title":"Deccan Chronical - Anantapur","price":"5800"},"5":{"title":"Deccan Chronical - Bangalore","price":"7700"},"6":{"title":"Deccan Chronical - Chennai","price":"7700"},"7":{"title":"Deccan Chronical - Coimbatore","price":"5800"},"8":{"title":"Deccan Chronical - Hyderabad","price":"33200"},"9":{"title":"Deccan Chronical - Karimnagar","price":"5800"},"10":{"title":"Deccan Chronical - Kochi","price":"5800"},"11":{"title":"Deccan Chronical - Nellore","price":"5800"},"12":{"title":"Deccan Chronical - Rajahmundry","price":"5800"},"13":{"title":"Deccan Chronical - Vijayawada","price":"5800"},"14":{"title":"Deccan Chronical - Vishakapatnam","price":"5800"},"15":{"title":"Deccan Chronicle - Trivandrum","price":"5800"}},"Astrology":{"0":{"title":"Deccan Chronicle - All Andhra Pradesh Editions","price":"37900"},"1":{"title":"Deccan Chronicle - Hyderabad + Chennai Editions","price":"37900"},"2":{"title":"Deccan Chronicle - Hyderabad + Bangalore Editions","price":"37900"},"3":{"title":"Deccan Chronicle - All Editions","price":"53600"},"4":{"title":"Deccan Chronical - Anantapur","price":"5800"},"5":{"title":"Deccan Chronical - Bangalore","price":"7700"},"6":{"title":"Deccan Chronical - Chennai","price":"7700"},"7":{"title":"Deccan Chronical - Coimbatore","price":"5800"},"8":{"title":"Deccan Chronical - Hyderabad","price":"33200"},"9":{"title":"Deccan Chronical - Karimnagar","price":"5800"},"10":{"title":"Deccan Chronical - Kochi","price":"5800"},"11":{"title":"Deccan Chronical - Nellore","price":"5800"},"12":{"title":"Deccan Chronical - Rajahmundry","price":"5800"},"13":{"title":"Deccan Chronical - Vijayawada","price":"5800"},"14":{"title":"Deccan Chronical - Vishakapatnam","price":"5800"},"15":{"title":"Deccan Chronicle - Trivandrum","price":"5800"}},"Vehicles Automobiles":{"0":{"title":"Deccan Chronicle - All Andhra Pradesh Editions","price":"37900"},"1":{"title":"Deccan Chronicle - Hyderabad + Chennai Editions","price":"37900"},"2":{"title":"Deccan Chronicle - Hyderabad + Bangalore Editions","price":"37900"},"3":{"title":"Deccan Chronicle - All Editions","price":"53600"},"4":{"title":"Deccan Chronical - Anantapur","price":"5800"},"5":{"title":"Deccan Chronical - Bangalore","price":"7700"},"6":{"title":"Deccan Chronical - Chennai","price":"7700"},"7":{"title":"Deccan Chronical - Coimbatore","price":"5800"},"8":{"title":"Deccan Chronical - Hyderabad","price":"33200"},"9":{"title":"Deccan Chronical - Karimnagar","price":"5800"},"10":{"title":"Deccan Chronical - Kochi","price":"5800"},"11":{"title":"Deccan Chronical - Nellore","price":"5800"},"12":{"title":"Deccan Chronical - Rajahmundry","price":"5800"},"13":{"title":"Deccan Chronical - Vijayawada","price":"5800"},"14":{"title":"Deccan Chronical - Vishakapatnam","price":"5800"},"15":{"title":"Deccan Chronicle - Trivandrum","price":"5800"}},"Tours and Travel":{"0":{"title":"Deccan Chronicle - All Andhra Pradesh Editions","price":"37900"},"1":{"title":"Deccan Chronicle - Hyderabad + Chennai Editions","price":"37900"},"2":{"title":"Deccan Chronicle - Hyderabad + Bangalore Editions","price":"37900"},"3":{"title":"Deccan Chronicle - All Editions","price":"53600"},"4":{"title":"Deccan Chronical - Anantapur","price":"5800"},"5":{"title":"Deccan Chronical - Bangalore","price":"7700"},"6":{"title":"Deccan Chronical - Chennai","price":"7700"},"7":{"title":"Deccan Chronical - Coimbatore","price":"5800"},"8":{"title":"Deccan Chronical - Hyderabad","price":"33200"},"9":{"title":"Deccan Chronical - Karimnagar","price":"5800"},"10":{"title":"Deccan Chronical - Kochi","price":"5800"},"11":{"title":"Deccan Chronical - Nellore","price":"5800"},"12":{"title":"Deccan Chronical - Rajahmundry","price":"5800"},"13":{"title":"Deccan Chronical - Vijayawada","price":"5800"},"14":{"title":"Deccan Chronical - Vishakapatnam","price":"5800"},"15":{"title":"Deccan Chronicle - Trivandrum","price":"5800"}},"Property-Rental":{"0":{"title":"Deccan Chronicle - All Andhra Pradesh Editions","price":"37900"},"1":{"title":"Deccan Chronicle - Hyderabad + Chennai Editions","price":"37900"},"2":{"title":"Deccan Chronicle - Hyderabad + Bangalore Editions","price":"37900"},"3":{"title":"Deccan Chronicle - All Editions","price":"53600"},"4":{"title":"Deccan Chronical - Anantapur","price":"5800"},"5":{"title":"Deccan Chronical - Bangalore","price":"7700"},"6":{"title":"Deccan Chronical - Chennai","price":"7700"},"7":{"title":"Deccan Chronical - Coimbatore","price":"5800"},"8":{"title":"Deccan Chronical - Hyderabad","price":"33200"},"9":{"title":"Deccan Chronical - Karimnagar","price":"5800"},"10":{"title":"Deccan Chronical - Kochi","price":"5800"},"11":{"title":"Deccan Chronical - Nellore","price":"5800"},"12":{"title":"Deccan Chronical - Rajahmundry","price":"5800"},"13":{"title":"Deccan Chronical - Vijayawada","price":"5800"},"14":{"title":"Deccan Chronical - Vishakapatnam","price":"5800"},"15":{"title":"Deccan Chronicle - Trivandrum","price":"5800"}}}