{"Services":{"0":{"title":"Deshonnati - Amravathi","price":"700"}},"Retail/Shopping":{"0":{"title":"Deshonnati - Amravathi","price":"700"}},"Personal Announcement":{"0":{"title":"Deshonnati - Amravathi","price":"700"}},"Computers and Hardware":{"0":{"title":"Deshonnati - Amravathi","price":"700"}},"Astrology":{"0":{"title":"Deshonnati - Amravathi","price":"700"}},"Vehicles Automobiles":{"0":{"title":"Deshonnati - Amravathi","price":"700"}},"Tours and Travel":{"0":{"title":"Deshonnati - Amravathi","price":"700"}},"Property-Rental":{"0":{"title":"Deshonnati - Amravathi","price":"700"}},"Entertainment":{"0":{"title":"Deshonnati - Amravathi","price":"700"}},"Real Estate Selling":{"0":{"title":"Deshonnati - Amravathi","price":"700"}},"Beauty & Wellness":{"0":{"title":"Deshonnati - Amravathi","price":"700"}},"Call Centre Employees":{"0":{"title":"Deshonnati - Amravathi","price":"700"}},"Prajapati":{"0":{"title":"Deshonnati - Amravathi","price":"700"}},"Bungalow For Sale":{"0":{"title":"Deshonnati - Amravathi","price":"700"}},"For Rent/Lease/To Let":{"0":{"title":"Deshonnati - Amravathi","price":"700"}},"Outright Sale":{"0":{"title":"Deshonnati - Amravathi","price":"700"}},"Property Others":{"0":{"title":"Deshonnati - Amravathi","price":"700"}},"SMS CAMPAIGN":{"0":{"title":"Deshonnati - Amravathi","price":"700"}}}