{"Education":{"0":{"title":"Dharitri - All orissa","price":"7000"}},"property real estate":{"0":{"title":"Dharitri - All orissa","price":"7000"}},"Lost and Found":{"0":{"title":"Dharitri - All orissa","price":"7000"}},"Business":{"0":{"title":"Dharitri - All orissa","price":"7000"}},"Obituary(Death Announcement)":{"0":{"title":"Dharitri - All orissa","price":"7000"}},"Remembrance(Unforgettable)":{"0":{"title":"Dharitri - All orissa","price":"7000"}},"public tender notices":{"0":{"title":"Dharitri - All orissa","price":"7000"}},"Services":{"0":{"title":"Dharitri - All orissa","price":"7000"}},"Retail/Shopping":{"0":{"title":"Dharitri - All orissa","price":"7000"}},"Personal Announcement":{"0":{"title":"Dharitri - All orissa","price":"7000"}},"Computers and Hardware":{"0":{"title":"Dharitri - All orissa","price":"7000"}},"Astrology":{"0":{"title":"Dharitri - All orissa","price":"7000"}},"Vehicles Automobiles":{"0":{"title":"Dharitri - All orissa","price":"7000"}},"Tours and Travel":{"0":{"title":"Dharitri - All orissa","price":"7000"}},"Property-Rental":{"0":{"title":"Dharitri - All orissa","price":"7000"}},"Entertainment":{"0":{"title":"Dharitri - All orissa","price":"7000"}},"Real Estate Selling":{"0":{"title":"Dharitri - All orissa","price":"7000"}},"Beauty & Wellness":{"0":{"title":"Dharitri - All orissa","price":"7000"}},"Call Centre Employees":{"0":{"title":"Dharitri - All orissa","price":"7000"}},"Prajapati":{"0":{"title":"Dharitri - All orissa","price":"7000"}},"Bungalow For Sale":{"0":{"title":"Dharitri - All orissa","price":"7000"}},"For Rent/Lease/To Let":{"0":{"title":"Dharitri - All orissa","price":"7000"}},"Outright Sale":{"0":{"title":"Dharitri - All orissa","price":"1500"}},"Property Others":{"0":{"title":"Dharitri - Bhubaneswar","price":"1500"}}}