{"Matrimonial":{"0":{"title":"Dinakaran - Tamilnadu + Pondy","price":"6612"},"1":{"title":"Dinakaran - All Editions Package","price":"7904"},"2":{"title":"Dinakaran - Bangalore","price":"441"},"3":{"title":"Dinakaran - Chennai","price":"2706"},"4":{"title":"Dinakaran - Coimbatore","price":"487"},"5":{"title":"Dinakaran - Delhi","price":"882"},"6":{"title":"Dinakaran - Madurai","price":"684"},"7":{"title":"Dinakaran - Mumbai","price":"289"},"8":{"title":"Dinakaran - Nagercoil","price":"289"},"9":{"title":"Dinakaran - Pondicherry","price":"304"},"10":{"title":"Dinakaran - Salem","price":"426"},"11":{"title":"Dinakaran - Trichy","price":"384"},"12":{"title":"Dinakaran - Vellore","price":"730"}},"Marriage Bureau":{"0":{"title":"Dinakaran - Tamilnadu + Pondy","price":"6612"},"1":{"title":"Dinakaran - All Editions Package","price":"7904"},"2":{"title":"Dinakaran - Bangalore","price":"441"},"3":{"title":"Dinakaran - Chennai","price":"2706"},"4":{"title":"Dinakaran - Coimbatore","price":"487"},"5":{"title":"Dinakaran - Delhi","price":"882"},"6":{"title":"Dinakaran - Madurai","price":"684"},"7":{"title":"Dinakaran - Mumbai","price":"289"},"8":{"title":"Dinakaran - Nagercoil","price":"289"},"9":{"title":"Dinakaran - Pondicherry","price":"304"},"10":{"title":"Dinakaran - Salem","price":"426"},"11":{"title":"Dinakaran - Trichy","price":"384"},"12":{"title":"Dinakaran - Vellore","price":"730"}},"Change of Name":{"0":{"title":"Dinakaran - Tamilnadu + Pondy","price":"6612"},"1":{"title":"Dinakaran - All Editions Package","price":"7904"},"2":{"title":"Dinakaran - Bangalore","price":"441"},"3":{"title":"Dinakaran - Chennai","price":"2706"},"4":{"title":"Dinakaran - Coimbatore","price":"487"},"5":{"title":"Dinakaran - Delhi","price":"882"},"6":{"title":"Dinakaran - Madurai","price":"684"},"7":{"title":"Dinakaran - Mumbai","price":"289"},"8":{"title":"Dinakaran - Nagercoil","price":"289"},"9":{"title":"Dinakaran - Pondicherry","price":"304"},"10":{"title":"Dinakaran - Salem","price":"426"},"11":{"title":"Dinakaran - Trichy","price":"384"},"12":{"title":"Dinakaran - Vellore","price":"730"}},"Recruitment job":{"0":{"title":"Dinakaran - Tamilnadu + Pondy","price":"6612"},"1":{"title":"Dinakaran - All Editions Package","price":"7904"},"2":{"title":"Dinakaran - Bangalore","price":"441"},"3":{"title":"Dinakaran - Chennai","price":"2706"},"4":{"title":"Dinakaran - Coimbatore","price":"1292"},"5":{"title":"Dinakaran - Delhi","price":"882"},"6":{"title":"Dinakaran - Madurai","price":"1368"},"7":{"title":"Dinakaran - Mumbai","price":"304"},"8":{"title":"Dinakaran - Nagercoil","price":"715"},"9":{"title":"Dinakaran - Pondicherry","price":"684"},"10":{"title":"Dinakaran - Salem","price":"1140"},"11":{"title":"Dinakaran - Tirunelveli","price":"1064"},"12":{"title":"Dinakaran - Trichy","price":"1064"}},"Education":{"0":{"title":"Dinakaran - Tamilnadu + Pondy","price":"13528"},"1":{"title":"Dinakaran - All Editions Package","price":"15048"},"2":{"title":"Dinakaran - Bangalore","price":"638"},"3":{"title":"Dinakaran - Chennai","price":"5594"},"4":{"title":"Dinakaran - Coimbatore","price":"1292"},"5":{"title":"Dinakaran - Delhi","price":"882"},"6":{"title":"Dinakaran - Madurai","price":"1368"},"7":{"title":"Dinakaran - Mumbai","price":"304"},"8":{"title":"Dinakaran - Nagercoil","price":"715"},"9":{"title":"Dinakaran - Pondicherry","price":"684"},"10":{"title":"Dinakaran - Salem","price":"1140"},"11":{"title":"Dinakaran - Tirunelveli","price":"1064"},"12":{"title":"Dinakaran - Trichy","price":"1064"},"13":{"title":"Dinakaran - Vellore","price":"836"}},"property real estate":{"0":{"title":"Dinakaran - Tamilnadu + Pondy","price":"13528"},"1":{"title":"Dinakaran - All Editions Package","price":"15048"},"2":{"title":"Dinakaran - Bangalore","price":"638"},"3":{"title":"Dinakaran - Chennai","price":"5594"},"4":{"title":"Dinakaran - Coimbatore","price":"1292"},"5":{"title":"Dinakaran - Delhi","price":"882"},"6":{"title":"Dinakaran - Madurai","price":"1368"},"7":{"title":"Dinakaran - Mumbai","price":"304"},"8":{"title":"Dinakaran - Nagercoil","price":"715"},"9":{"title":"Dinakaran - Pondicherry","price":"684"},"10":{"title":"Dinakaran - Salem","price":"1140"},"11":{"title":"Dinakaran - Tirunelveli","price":"1064"},"12":{"title":"Dinakaran - Trichy","price":"1064"},"13":{"title":"Dinakaran - Vellore","price":"836"}},"Lost and Found":{"0":{"title":"Dinakaran - Tamilnadu + Pondy","price":"13528"},"1":{"title":"Dinakaran - All Editions Package","price":"15048"},"2":{"title":"Dinakaran - Bangalore","price":"638"},"3":{"title":"Dinakaran - Chennai","price":"5594"},"4":{"title":"Dinakaran - Coimbatore","price":"1292"},"5":{"title":"Dinakaran - Delhi","price":"882"},"6":{"title":"Dinakaran - Madurai","price":"912"},"7":{"title":"Dinakaran - Mumbai","price":"304"},"8":{"title":"Dinakaran - Nagercoil","price":"471"},"9":{"title":"Dinakaran - Pondicherry","price":"684"},"10":{"title":"Dinakaran - Salem","price":"790"},"11":{"title":"Dinakaran - Tirunelveli","price":"624"},"12":{"title":"Dinakaran - Trichy","price":"608"},"13":{"title":"Dinakaran - Vellore","price":"578"}},"Business":{"0":{"title":"Dinakaran - Tamilnadu + Pondy","price":"9880"},"1":{"title":"Dinakaran - All Editions Package","price":"11552"},"2":{"title":"Dinakaran - Bangalore","price":"487"},"3":{"title":"Dinakaran - Chennai","price":"3755"},"4":{"title":"Dinakaran - Coimbatore","price":"882"},"5":{"title":"Dinakaran - Delhi","price":"851"},"6":{"title":"Dinakaran - Madurai","price":"912"},"7":{"title":"Dinakaran - Mumbai","price":"304"},"8":{"title":"Dinakaran - Nagercoil","price":"471"},"9":{"title":"Dinakaran - Pondicherry","price":"684"},"10":{"title":"Dinakaran - Salem","price":"790"},"11":{"title":"Dinakaran - Tirunelveli","price":"624"},"12":{"title":"Dinakaran - Trichy","price":"608"},"13":{"title":"Dinakaran - Vellore","price":"578"}},"Services":{"0":{"title":"Dinakaran - Chennai","price":"3040"}},"Retail/Shopping":{"0":{"title":"Dinakaran - Chennai","price":"3040"}},"Personal Announcement":{"0":{"title":"Dinakaran - Chennai","price":"3040"}},"Computers and Hardware":{"0":{"title":"Dinakaran - Chennai","price":"3040"}},"Astrology":{"0":{"title":"Dinakaran - Chennai","price":"3040"}},"Vehicles Automobiles":{"0":{"title":"Dinakaran - Chennai","price":"3040"}},"Tours and Travel":{"0":{"title":"Dinakaran - Chennai","price":"3040"}},"Property-Rental":{"0":{"title":"Dinakaran - Chennai","price":"3040"}},"Entertainment":{"0":{"title":"Dinakaran - Chennai","price":"3040"}},"Real Estate Selling":{"0":{"title":"Dinakaran - Chennai","price":"3040"}},"Beauty & Wellness":{"0":{"title":"Dinakaran - Chennai","price":"3040"}},"Call Centre Employees":{"0":{"title":"Dinakaran - Chennai","price":"3040"}},"Prajapati":{"0":{"title":"Dinakaran - Chennai","price":"3040"}},"Bungalow For Sale":{"0":{"title":"Dinakaran - Chennai","price":"3040"}},"For Rent/Lease/To Let":{"0":{"title":"Dinakaran - Chennai","price":"3040"}},"Outright Sale":{"0":{"title":"Dinakaran - Chennai","price":"3040"}},"Property Others":{"0":{"title":"Dinakaran - Tamilnadu + Pondy","price":"6612"},"1":{"title":"Dinakaran - All Editions Package","price":"7904"},"2":{"title":"Dinakaran - Bangalore","price":"320"},"3":{"title":"Dinakaran - Chennai","price":"2640"},"4":{"title":"Dinakaran - Coimbatore","price":"528"},"5":{"title":"Dinakaran - Delhi","price":"800"},"6":{"title":"Dinakaran - Madurai","price":"624"},"7":{"title":"Dinakaran - Mumbai","price":"272"},"8":{"title":"Dinakaran - Nagercoil","price":"288"},"9":{"title":"Dinakaran - Pondicherry","price":"352"},"10":{"title":"Dinakaran - Salem","price":"448"},"11":{"title":"Dinakaran - Tirunelveli","price":"448"},"12":{"title":"Dinakaran - Trichy","price":"448"},"13":{"title":"Dinakaran - Vellore","price":"704"}},"SMS CAMPAIGN":{"0":{"title":"Dinakaran - Tamilnadu + Pondy","price":"6612"},"1":{"title":"Dinakaran - All Editions Package","price":"7904"},"2":{"title":"Dinakaran - Bangalore","price":"320"},"3":{"title":"Dinakaran - Chennai","price":"2640"},"4":{"title":"Dinakaran - Coimbatore","price":"528"},"5":{"title":"Dinakaran - Delhi","price":"745"},"6":{"title":"Dinakaran - Madurai","price":"760"},"7":{"title":"Dinakaran - Mumbai","price":"289"},"8":{"title":"Dinakaran - Nagercoil","price":"334"},"9":{"title":"Dinakaran - Pondicherry","price":"426"},"10":{"title":"Dinakaran - Salem","price":"578"},"11":{"title":"Dinakaran - Tirunelveli","price":"400"},"12":{"title":"Dinakaran - Trichy","price":"380"},"13":{"title":"Dinakaran - Vellore","price":"441"}}}