{"Matrimonial":{"0":{"title":"Dinamalar -Chennai","price":"2538"}},"Marriage Bureau":{"0":{"title":"Dinamalar -Chennai","price":"2538"}},"Change of Name":{"0":{"title":"Dinamalar -Chennai","price":"2538"}},"Recruitment job":{"0":{"title":"Dinamalar -Chennai","price":"2538"}},"Education":{"0":{"title":"Dinamalar -Chennai","price":"2538"}},"property real estate":{"0":{"title":"Dinamalar -Chennai","price":"2538"}},"Lost and Found":{"0":{"title":"Dinamalar -Chennai","price":"2538"}},"Business":{"0":{"title":"Dinamalar -Chennai","price":"2538"}},"Obituary(Death Announcement)":{"0":{"title":"Dinamalar -Chennai","price":"2538"}},"Remembrance(Unforgettable)":{"0":{"title":"Dinamalar -Chennai","price":"2538"}},"public tender notices":{"0":{"title":"Dinamalar -Chennai","price":"2538"}},"Services":{"0":{"title":"Dinamalar -Chennai","price":"2538"}},"Retail/Shopping":{"0":{"title":"Dinamalar -Chennai","price":"3330"}},"Personal Announcement":{"0":{"title":"Dinamalar -Chennai","price":"3330"}},"Computers and Hardware":{"0":{"title":"Dinamalar -Chennai","price":"3330"}},"Astrology":{"0":{"title":"Dinamalar -Chennai","price":"3330"}},"Vehicles Automobiles":{"0":{"title":"Dinamalar -Chennai","price":"3330"}},"Tours and Travel":{"0":{"title":"Dinamalar -Chennai","price":"3330"}},"Property-Rental":{"0":{"title":"Dinamalar -Chennai","price":"3330"}},"Entertainment":{"0":{"title":"Dinamalar -Chennai","price":"3330"}},"Real Estate Selling":{"0":{"title":"Dinamalar -Chennai","price":"3330"}},"Beauty & Wellness":{"0":{"title":"Dinamalar - All 4 Editions\n(Chennai + Coimbatore + Madurai + Pondicherry)","price":"10500"},"1":{"title":"Dinamalar - Coimbatore","price":"2888"},"2":{"title":"Dinamalar - Madurai","price":"2188"},"3":{"title":"Dinamalar -Chennai","price":"3588"},"4":{"title":"Dinamalar-Pondicherry","price":"1400"}},"Call Centre Employees":{"0":{"title":"Dinamalar - All 4 Editions\n(Chennai + Coimbatore + Madurai + Pondicherry)","price":"10500"},"1":{"title":"Dinamalar - Coimbatore","price":"2888"},"2":{"title":"Dinamalar - Madurai","price":"2188"},"3":{"title":"Dinamalar -Chennai","price":"3588"},"4":{"title":"Dinamalar-Pondicherry","price":"1400"}},"Prajapati":{"0":{"title":"Dinamalar - All 4 Editions\n(Chennai + Coimbatore + Madurai + Pondicherry)","price":"10500"},"1":{"title":"Dinamalar - Coimbatore","price":"2888"},"2":{"title":"Dinamalar - Madurai","price":"2188"},"3":{"title":"Dinamalar -Chennai","price":"3588"},"4":{"title":"Dinamalar-Pondicherry","price":"1400"}},"Bungalow For Sale":{"0":{"title":"Dinamalar - All 4 Editions\n(Chennai + Coimbatore + Madurai + Pondicherry)","price":"10500"},"1":{"title":"Dinamalar - Coimbatore","price":"2888"},"2":{"title":"Dinamalar - Madurai","price":"2188"},"3":{"title":"Dinamalar -Chennai","price":"3588"},"4":{"title":"Dinamalar-Pondicherry","price":"1400"}},"For Rent/Lease/To Let":{"0":{"title":"Dinamalar - All 4 Editions\n(Chennai + Coimbatore + Madurai + Pondicherry)","price":"10500"},"1":{"title":"Dinamalar - Coimbatore","price":"2888"},"2":{"title":"Dinamalar - Madurai","price":"2188"},"3":{"title":"Dinamalar -Chennai","price":"3588"},"4":{"title":"Dinamalar-Pondicherry","price":"1400"}},"Outright Sale":{"0":{"title":"Dinamalar - All 4 Editions\n(Chennai + Coimbatore + Madurai + Pondicherry)","price":"10500"},"1":{"title":"Dinamalar - Coimbatore","price":"2888"},"2":{"title":"Dinamalar - Madurai","price":"2188"},"3":{"title":"Dinamalar -Chennai","price":"3588"},"4":{"title":"Dinamalar-Pondicherry","price":"1400"}},"Property Others":{"0":{"title":"Dinamalar - All 4 Editions\n(Chennai + Coimbatore + Madurai + Pondicherry)","price":"10500"},"1":{"title":"Dinamalar - Coimbatore","price":"2888"},"2":{"title":"Dinamalar - Madurai","price":"2188"},"3":{"title":"Dinamalar -Chennai","price":"3588"},"4":{"title":"Dinamalar-Pondicherry","price":"1400"}},"SMS CAMPAIGN":{"0":{"title":"Dinamalar - All 4 Editions\n(Chennai + Coimbatore + Madurai + Pondicherry)","price":"10500"},"1":{"title":"Dinamalar - Coimbatore","price":"2363"},"2":{"title":"Dinamalar - Madurai","price":"2188"},"3":{"title":"Dinamalar -Chennai","price":"3588"},"4":{"title":"Dinamalar-Pondicherry","price":"1400"}}}