{"Education":{"0":{"title":"Divya Bhaskar - All Gujarat Editions","price":"9000"},"1":{"title":"Divya Bhaskar - Ahmedabad","price":"7000"}},"property real estate":{"0":{"title":"Divya Bhaskar - All Gujarat Editions","price":"9000"},"1":{"title":"Divya Bhaskar - Ahmedabad","price":"7000"}},"Lost and Found":{"0":{"title":"Divya Bhaskar - All Gujarat Editions","price":"9000"},"1":{"title":"Divya Bhaskar - Ahmedabad","price":"7000"}},"Business":{"0":{"title":"Divya Bhaskar - All Gujarat Editions","price":"9000"},"1":{"title":"Divya Bhaskar - Ahmedabad","price":"7000"}},"Obituary(Death Announcement)":{"0":{"title":"Divya Bhaskar - All Gujarat Editions","price":"9000"},"1":{"title":"Divya Bhaskar - Ahmedabad","price":"7000"}},"Remembrance(Unforgettable)":{"0":{"title":"Divya Bhaskar - All Gujarat Editions","price":"9000"},"1":{"title":"Divya Bhaskar - Ahmedabad","price":"7000"}},"public tender notices":{"0":{"title":"Divya Bhaskar - All Gujarat Editions","price":"9000"},"1":{"title":"Divya Bhaskar - Ahmedabad","price":"7000"}},"Services":{"0":{"title":"Divya Bhaskar - All Gujarat Editions","price":"9000"},"1":{"title":"Divya Bhaskar - Ahmedabad","price":"7000"}},"Retail/Shopping":{"0":{"title":"Divya Bhaskar - All Gujarat Editions","price":"9000"},"1":{"title":"Divya Bhaskar - Ahmedabad","price":"7000"}},"Personal Announcement":{"0":{"title":"Divya Bhaskar - All Gujarat Editions","price":"9000"},"1":{"title":"Divya Bhaskar - Ahmedabad","price":"6500"}},"Computers and Hardware":{"0":{"title":"Divya Bhaskar - All Gujarat Editions","price":"9000"},"1":{"title":"Divya Bhaskar - Ahmedabad","price":"6500"}},"Astrology":{"0":{"title":"Divya Bhaskar - All Gujarat Editions","price":"9000"},"1":{"title":"Divya Bhaskar - Ahmedabad","price":"6500"}},"Vehicles Automobiles":{"0":{"title":"Divya Bhaskar - All Gujarat Editions","price":"9000"},"1":{"title":"Divya Bhaskar - Ahmedabad","price":"6500"}},"Tours and Travel":{"0":{"title":"Divya Bhaskar - All Gujarat Editions","price":"9000"},"1":{"title":"Divya Bhaskar - Ahmedabad","price":"6500"}},"Property-Rental":{"0":{"title":"Divya Bhaskar - All Gujarat Editions","price":"9000"},"1":{"title":"Divya Bhaskar - Ahmedabad","price":"6500"}},"Entertainment":{"0":{"title":"Divya Bhaskar - All Gujarat Editions","price":"9000"},"1":{"title":"Divya Bhaskar - Ahmedabad","price":"6500"}},"Real Estate Selling":{"0":{"title":"Divya Bhaskar - All Gujarat Editions","price":"9000"},"1":{"title":"Divya Bhaskar - Ahmedabad","price":"6500"}},"Beauty & Wellness":{"0":{"title":"Divya Bhaskar - All Gujarat Editions","price":"9000"},"1":{"title":"Divya Bhaskar - Ahmedabad","price":"6500"}}}