{"Matrimonial":{"0":{"title":"Divya Himachal - All Edition","price":"5200"}},"Marriage Bureau":{"0":{"title":"Divya Himachal - All Edition","price":"5200"}},"Change of Name":{"0":{"title":"Divya Himachal - All Edition","price":"5200"}},"Recruitment job":{"0":{"title":"Divya Himachal - All Edition","price":"5200"}},"Education":{"0":{"title":"Divya Himachal - All Edition","price":"5200"}},"property real estate":{"0":{"title":"Divya Himachal - All Edition","price":"5200"}},"Lost and Found":{"0":{"title":"Divya Himachal - All Edition","price":"5200"}},"Business":{"0":{"title":"Divya Himachal - All Edition","price":"5200"}},"Obituary(Death Announcement)":{"0":{"title":"Divya Himachal - All Edition","price":"5200"}},"Remembrance(Unforgettable)":{"0":{"title":"Divya Himachal - All Edition","price":"5200"}},"public tender notices":{"0":{"title":"Divya Himachal - All Edition","price":"5200"}},"Services":{"0":{"title":"Divya Himachal - All Edition","price":"5200"}},"Retail/Shopping":{"0":{"title":"Divya Himachal - All Edition","price":"5200"}},"Personal Announcement":{"0":{"title":"Divya Himachal - All Edition","price":"5200"}},"Computers and Hardware":{"0":{"title":"Divya Himachal - All Edition","price":"5200"}},"Astrology":{"0":{"title":"Divya Himachal - All Edition","price":"5200"}},"Vehicles Automobiles":{"0":{"title":"Divya Himachal - All Edition","price":"5200"}},"Tours and Travel":{"0":{"title":"Divya Himachal - All Edition","price":"5200"}},"Property-Rental":{"0":{"title":"Divya Himachal - All Edition","price":"5200"}},"Entertainment":{"0":{"title":"Divya Himachal - All Edition","price":"5200"}},"Real Estate Selling":{"0":{"title":"Divya Himachal - All Edition","price":"5200"}},"Beauty & Wellness":{"0":{"title":"Divya Himachal - All Edition","price":"5200"}},"Call Centre Employees":{"0":{"title":"Divya Himachal - All Edition","price":"5200"}},"Prajapati":{"0":{"title":"Divya Himachal - All Edition","price":"5200"}},"Bungalow For Sale":{"0":{"title":"Divya Himachal - All Edition","price":"5200"}},"For Rent/Lease/To Let":{"0":{"title":"Divya Himachal - All Edition","price":"5200"}},"Outright Sale":{"0":{"title":"Divya Himachal - All Edition","price":"5200"}},"Property Others":{"0":{"title":"Divya Himachal - All Edition","price":"5200"}},"SMS CAMPAIGN":{"0":{"title":"Divya Himachal - All Edition","price":"5200"}}}