{"Education":{"0":{"title":"The Times of India (Sun, Wkdy) + Education Times - Chennai","price":"9000"},"1":{"title":"The Times of India (Sndy, Wkdy) + Education Times + Navbharat Times + The Economic Times + Sandhya Times- Delhi NCR","price":"22500"},"2":{"title":"The Times of India (Sndy, Wkdy) + Education Times + The Economic Times - Delhi NCR","price":"21000"}},"property real estate":{"0":{"title":"The Times of India (Sun, Wkdy) + Education Times - Chennai","price":"9000"},"1":{"title":"The Times of India (Sndy, Wkdy) + Education Times + Navbharat Times + The Economic Times + Sandhya Times- Delhi NCR","price":"22500"},"2":{"title":"The Times of India (Sndy, Wkdy) + Education Times + The Economic Times - Delhi NCR","price":"21000"},"3":{"title":"The Times of India(Sun & Weekday) + Education Times + The Economic Times + Mirror - Mumbai","price":"18000"},"4":{"title":"The Times Of India - U.P + Economics Times + Navbharat Times + Education Times - Lucknow","price":"6075"},"5":{"title":"The Times of India (Wkdy + Sun)+ Education Times + Ei Samay + Bardhaman- Kolkata","price":"8100"},"6":{"title":"Education Times + Times of India (Sunday) + Economic Times -Hyderabad + Times of India (Vijayawada + Visakhapatnam)","price":"8250"},"7":{"title":"Education Times - Ahmedabad","price":"2100"},"8":{"title":"Education Times - Chandigarh","price":"750"},"9":{"title":"Education Times - Chennai","price":"7500"},"10":{"title":"Education Times - Delhi","price":"16500"},"11":{"title":"Education Times - Hyderabad","price":"3750"},"12":{"title":"Education Times - Kanpur","price":"330"},"13":{"title":"Education Times - Lucknow","price":"1200"},"14":{"title":"Education Times - Mumbai","price":"6750"},"15":{"title":"Education Times - Pune","price":"3600"},"16":{"title":"Education Times -Baroda","price":"1395"},"17":{"title":"Education Times -Jaipur","price":"795"},"18":{"title":"Education Times -Vishakapatnam","price":"450"}},"Lost and Found":{"0":{"title":"The Times of India (Sun, Wkdy) + Education Times - Chennai","price":"9000"},"1":{"title":"The Times of India (Sndy, Wkdy) + Education Times + Navbharat Times + The Economic Times + Sandhya Times- Delhi NCR","price":"22500"},"2":{"title":"The Times of India (Sndy, Wkdy) + Education Times + The Economic Times - Delhi NCR","price":"21000"},"3":{"title":"The Times of India(Sun & Weekday) + Education Times + The Economic Times + Mirror - Mumbai","price":"18000"},"4":{"title":"The Times Of India - U.P + Economics Times + Navbharat Times + Education Times - Lucknow","price":"6075"},"5":{"title":"The Times of India (Wkdy + Sun)+ Education Times + Ei Samay + Bardhaman- Kolkata","price":"8100"},"6":{"title":"Education Times + Times of India (Sunday) + Economic Times -Hyderabad + Times of India (Vijayawada + Visakhapatnam)","price":"8250"},"7":{"title":"Education Times - Ahmedabad","price":"2100"},"8":{"title":"Education Times - Chandigarh","price":"750"},"9":{"title":"Education Times - Chennai","price":"7500"},"10":{"title":"Education Times - Delhi","price":"16500"},"11":{"title":"Education Times - Hyderabad","price":"3750"},"12":{"title":"Education Times - Kanpur","price":"330"},"13":{"title":"Education Times - Lucknow","price":"1200"},"14":{"title":"Education Times - Mumbai","price":"6750"},"15":{"title":"Education Times - Pune","price":"3600"},"16":{"title":"Education Times -Baroda","price":"1395"},"17":{"title":"Education Times -Jaipur","price":"795"},"18":{"title":"Education Times -Vishakapatnam","price":"450"}}}