{"Education":{"0":{"title":"EENADU - AP + Telangana","price":"95250"}},"property real estate":{"0":{"title":"EENADU - AP + Telangana","price":"95250"}},"Lost and Found":{"0":{"title":"EENADU - AP + Telangana","price":"95250"}},"Business":{"0":{"title":"EENADU - AP + Telangana","price":"95250"}},"Obituary(Death Announcement)":{"0":{"title":"EENADU - AP + Telangana","price":"95250"}},"Remembrance(Unforgettable)":{"0":{"title":"EENADU - AP + Telangana","price":"95250"}},"public tender notices":{"0":{"title":"EENADU - AP + Telangana","price":"95250"}},"Services":{"0":{"title":"EENADU - AP + Telangana","price":"95250"}},"Retail/Shopping":{"0":{"title":"EENADU - AP + Telangana","price":"95250"}},"Personal Announcement":{"0":{"title":"EENADU - AP + Telangana","price":"95250"}},"Computers and Hardware":{"0":{"title":"EENADU - AP + Telangana","price":"95250"}},"Astrology":{"0":{"title":"EENADU - AP + Telangana","price":"95250"}},"Vehicles Automobiles":{"0":{"title":"EENADU - AP + Telangana","price":"95250"}},"Tours and Travel":{"0":{"title":"EENADU - AP + Telangana","price":"95250"}},"Property-Rental":{"0":{"title":"EENADU - AP + Telangana","price":"95250"}},"Entertainment":{"0":{"title":"EENADU - AP + Telangana","price":"95250"}},"Real Estate Selling":{"0":{"title":"EENADU - AP + Telangana","price":"95250"}},"Beauty & Wellness":{"0":{"title":"EENADU - AP + Telangana","price":"95250"}},"Call Centre Employees":{"0":{"title":"EENADU - AP + Telangana","price":"95250"}},"Prajapati":{"0":{"title":"EENADU - AP + Telangana","price":"95250"}},"Bungalow For Sale":{"0":{"title":"EENADU - AP + Telangana","price":"95250"},"1":{"title":"Eenadu - Hyderabad","price":"9300"}}}