{"Matrimonial":{"0":{"title":"Vivah Package :TOI (Delhi, A.P, Maharashtra, Karnataka, Tamilnadu, N, W.Bngal) + NBT (Delhi, Lucknow, Mumbai) + Ei Samay (Kolkata)","price":"30465"},"1":{"title":"Sindoor Package :\nThe Times of India - Patna, Kolkata + Ei Samay - Kolkata","price":"4500"},"2":{"title":"Eastern Selection Package :\nThe Times of India - Orissa, Bihar, W.Bengal + Ei Samay - Kolkata","price":"5205"}},"Marriage Bureau":{"0":{"title":"Vivah Package :TOI (Delhi, A.P, Maharashtra, Karnataka, Tamilnadu, N, W.Bngal) + NBT (Delhi, Lucknow, Mumbai) + Ei Samay (Kolkata)","price":"30465"},"1":{"title":"Sindoor Package :\nThe Times of India - Patna, Kolkata + Ei Samay - Kolkata","price":"4500"},"2":{"title":"Eastern Selection Package :\nThe Times of India - Orissa, Bihar, W.Bengal + Ei Samay - Kolkata","price":"5205"}},"Change of Name":{"0":{"title":"Vivah Package :TOI (Delhi, A.P, Maharashtra, Karnataka, Tamilnadu, N, W.Bngal) + NBT (Delhi, Lucknow, Mumbai) + Ei Samay (Kolkata)","price":"30465"},"1":{"title":"Sindoor Package :\nThe Times of India - Patna, Kolkata + Ei Samay - Kolkata","price":"4500"},"2":{"title":"Eastern Selection Package :\nThe Times of India - Orissa, Bihar, W.Bengal + Ei Samay - Kolkata","price":"5205"}},"Recruitment job":{"0":{"title":"Vivah Package :TOI (Delhi, A.P, Maharashtra, Karnataka, Tamilnadu, N, W.Bngal) + NBT (Delhi, Lucknow, Mumbai) + Ei Samay (Kolkata)","price":"30465"},"1":{"title":"Sindoor Package :\nThe Times of India - Patna, Kolkata + Ei Samay - Kolkata","price":"4500"},"2":{"title":"Eastern Selection Package :\nThe Times of India - Orissa, Bihar, W.Bengal + Ei Samay - Kolkata","price":"5205"}},"Education":{"0":{"title":"Vivah Package :TOI (Delhi, A.P, Maharashtra, Karnataka, Tamilnadu, N, W.Bngal) + NBT (Delhi, Lucknow, Mumbai) + Ei Samay (Kolkata)","price":"30465"},"1":{"title":"Sindoor Package :\nThe Times of India - Patna, Kolkata + Ei Samay - Kolkata","price":"4500"},"2":{"title":"Eastern Selection Package :\nThe Times of India - Orissa, Bihar, W.Bengal + Ei Samay - Kolkata","price":"5205"}},"property real estate":{"0":{"title":"Vivah Package :TOI (Delhi, A.P, Maharashtra, Karnataka, Tamilnadu, N, W.Bngal) + NBT (Delhi, Lucknow, Mumbai) + Ei Samay (Kolkata)","price":"30465"},"1":{"title":"Sindoor Package :\nThe Times of India - Patna, Kolkata + Ei Samay - Kolkata","price":"4500"},"2":{"title":"Eastern Selection Package :\nThe Times of India - Orissa, Bihar, W.Bengal + Ei Samay - Kolkata","price":"5205"}},"Lost and Found":{"0":{"title":"Vivah Package :TOI (Delhi, A.P, Maharashtra, Karnataka, Tamilnadu, N, W.Bngal) + NBT (Delhi, Lucknow, Mumbai) + Ei Samay (Kolkata)","price":"30465"},"1":{"title":"Sindoor Package :\nThe Times of India - Patna, Kolkata + Ei Samay - Kolkata","price":"4500"},"2":{"title":"Eastern Selection Package :\nThe Times of India - Orissa, Bihar, W.Bengal + Ei Samay - Kolkata","price":"5205"}},"Business":{"0":{"title":"Vivah Package :TOI (Delhi, A.P, Maharashtra, Karnataka, Tamilnadu, N, W.Bngal) + NBT (Delhi, Lucknow, Mumbai) + Ei Samay (Kolkata)","price":"30465"},"1":{"title":"Sindoor Package :\nThe Times of India - Patna, Kolkata + Ei Samay - Kolkata","price":"4500"},"2":{"title":"Eastern Selection Package :\nThe Times of India - Orissa, Bihar, W.Bengal + Ei Samay - Kolkata","price":"5205"}},"Obituary(Death Announcement)":{"0":{"title":"Ei Samay - Kolkata","price":"1875"}},"Remembrance(Unforgettable)":{"0":{"title":"The Times of India (Wkdy + Sun)+ The Economics Times + Ei Samay + Bardhaman- Kolkata","price":"7500"},"1":{"title":"The Economic Times + EI Samay - Kolkata","price":"4275"},"2":{"title":"Ei Samay - Kolkata","price":"1200"}},"public tender notices":{"0":{"title":"The Times of India (Wkdy + Sun)+ The Economics Times + Ei Samay + Bardhaman- Kolkata","price":"7500"},"1":{"title":"The Economic Times + EI Samay - Kolkata","price":"4275"},"2":{"title":"Ei Samay - Kolkata","price":"1200"}},"Services":{"0":{"title":"The Times of India (Wkdy + Sun)+ The Economics Times + Ei Samay + Bardhaman- Kolkata","price":"7500"},"1":{"title":"The Economic Times + EI Samay - Kolkata","price":"4275"},"2":{"title":"Ei Samay - Kolkata","price":"1200"}},"Retail/Shopping":{"0":{"title":"The Times of India (Wkdy + Sun)+ The Economics Times + Ei Samay + Bardhaman- Kolkata","price":"7500"},"1":{"title":"The Economic Times + EI Samay - Kolkata","price":"4275"},"2":{"title":"Ei Samay - Kolkata","price":"1200"}},"Personal Announcement":{"0":{"title":"The Times of India (Wkdy + Sun)+ The Economics Times + Ei Samay + Bardhaman- Kolkata","price":"7500"},"1":{"title":"The Economic Times + EI Samay - Kolkata","price":"4275"},"2":{"title":"Ei Samay - Kolkata ","price":"1200"}},"Computers and Hardware":{"0":{"title":"The Times of India (Wkdy + Sun)+ The Economics Times + Ei Samay + Bardhaman- Kolkata","price":"7500"},"1":{"title":"The Times of India (Wkdy + Sun)+ Education Times + Ei Samay + Bardhaman- Kolkata","price":"8100"},"2":{"title":"Ei Samay - Kolkata","price":"1275"}},"Astrology":{"0":{"title":"The Times of India (Wkdy + Sun)+ The Economics Times + Ei Samay + Bardhaman- Kolkata","price":"7500"},"1":{"title":"The Times of India (Wkdy + Sun)+ Education Times + Ei Samay + Bardhaman- Kolkata","price":"8100"},"2":{"title":"Ei Samay - Kolkata","price":"1275"}},"Vehicles Automobiles":{"0":{"title":"The Times of India (Wkdy + Sun)+ The Economics Times + Ei Samay + Bardhaman- Kolkata","price":"7500"},"1":{"title":"The Times of India (Wkdy + Sun)+ Education Times + Ei Samay + Bardhaman- Kolkata","price":"8100"},"2":{"title":"Ei Samay - Kolkata","price":"1275"}},"Tours and Travel":{"0":{"title":"The Times of India (Wkdy + Sun)+ The Economics Times + Ei Samay + Bardhaman- Kolkata","price":"7500"},"1":{"title":"The Times of India (Wkdy + Sun)+ Education Times + Ei Samay + Bardhaman- Kolkata","price":"8100"},"2":{"title":"Ei Samay - Kolkata","price":"1275"}},"Property-Rental":{"0":{"title":"The Times of India (Wkdy + Sun)+ The Economics Times + Ei Samay + Bardhaman- Kolkata","price":"7500"},"1":{"title":"The Times of India (Wkdy + Sun)+ Education Times + Ei Samay + Bardhaman- Kolkata","price":"8100"},"2":{"title":"Ei Samay - Kolkata","price":"1275"}},"Entertainment":{"0":{"title":"The Times of India (Wkdy + Sun)+ The Economics Times + Ei Samay + Bardhaman- Kolkata","price":"7500"},"1":{"title":"The Economic Times + EI Samay - Kolkata","price":"4800"},"2":{"title":"Ei Samay - Kolkata ","price":"1020"}},"Real Estate Selling":{"0":{"title":"Ei Samay - Kolkata","price":"1050"}},"Beauty & Wellness":{"0":{"title":"Ei Samay - Kolkata","price":"1050"}},"Call Centre Employees":{"0":{"title":"Ei Samay - Kolkata","price":"1050"}},"Prajapati":{"0":{"title":"Ei Samay - Kolkata","price":"1050"}},"Bungalow For Sale":{"0":{"title":"Ei Samay - Kolkata","price":"1050"}},"For Rent/Lease/To Let":{"0":{"title":"Ei Samay - Kolkata","price":"1050"}},"Outright Sale":{"0":{"title":"Ei Samay - Kolkata","price":"1050"}},"Property Others":{"0":{"title":"Ei Samay - Kolkata","price":"1050"}},"SMS CAMPAIGN":{"0":{"title":"Ei Samay - Kolkata","price":"1050"}}}