{"Matrimonial":{"0":{"title":"Ekdin- Kolkata","price":"700"}},"Marriage Bureau":{"0":{"title":"Ekdin- Kolkata","price":"700"}},"Change of Name":{"0":{"title":"Ekdin- Kolkata","price":"700"}},"Recruitment job":{"0":{"title":"Ekdin- Kolkata","price":"700"}},"Education":{"0":{"title":"Ekdin- Kolkata","price":"700"}},"property real estate":{"0":{"title":"Ekdin- Kolkata","price":"700"}},"Lost and Found":{"0":{"title":"Ekdin- Kolkata","price":"700"}},"Business":{"0":{"title":"Ekdin- Kolkata","price":"700"}},"Obituary(Death Announcement)":{"0":{"title":"Ekdin- Kolkata","price":"700"}},"Remembrance(Unforgettable)":{"0":{"title":"Ekdin- Kolkata","price":"700"}},"public tender notices":{"0":{"title":"Ekdin- Kolkata","price":"700"}},"Services":{"0":{"title":"Ekdin- Kolkata","price":"700"}},"Retail/Shopping":{"0":{"title":"Ekdin- Kolkata","price":"700"}},"Personal Announcement":{"0":{"title":"Ekdin- Kolkata","price":"700"}},"Computers and Hardware":{"0":{"title":"Ekdin- Kolkata","price":"700"}}}