{"Matrimonial":{"0":{"title":"Mid-day + Gujarati Mid-day - Mumbai","price":"8208"},"1":{"title":"Mid-day + Gujarati Mid-day + Inquilab - Mumbai","price":"9216"},"2":{"title":"Gujarati mid - Day + Inquilab - Mumbai","price":"5328"},"3":{"title":"Gujarati Mid-day - Mumbai","price":"4680"}},"Marriage Bureau":{"0":{"title":"Mid-day + Gujarati Mid-day - Mumbai","price":"8208"},"1":{"title":"Mid-day + Gujarati Mid-day + Inquilab - Mumbai","price":"9216"},"2":{"title":"Gujarati mid - Day + Inquilab - Mumbai","price":"5328"},"3":{"title":"Gujarati Mid-day - Mumbai","price":"4680"}},"Change of Name":{"0":{"title":"Mid-day + Gujarati Mid-day - Mumbai","price":"8208"},"1":{"title":"Mid-day + Gujarati Mid-day + Inquilab - Mumbai","price":"9216"},"2":{"title":"Gujarati mid - Day + Inquilab - Mumbai","price":"5328"},"3":{"title":"Gujarati Mid-day - Mumbai","price":"4680"}},"Recruitment job":{"0":{"title":"Mid-day + Gujarati Mid-day - Mumbai","price":"8208"},"1":{"title":"Mid-day + Gujarati Mid-day + Inquilab - Mumbai","price":"9216"},"2":{"title":"Gujarati mid - Day + Inquilab - Mumbai","price":"5328"},"3":{"title":"Gujarati Mid-day - Mumbai","price":"4680"}},"Education":{"0":{"title":"Mid-day + Gujarati Mid-day - Mumbai","price":"8208"},"1":{"title":"Mid-day + Gujarati Mid-day + Inquilab - Mumbai","price":"9216"},"2":{"title":"Gujarati mid - Day + Inquilab - Mumbai","price":"5328"},"3":{"title":"Gujarati Mid-day - Mumbai","price":"4680"}},"property real estate":{"0":{"title":"Mid-day + Gujarati Mid-day - Mumbai","price":"8208"},"1":{"title":"Mid-day + Gujarati Mid-day + Inquilab - Mumbai","price":"9216"},"2":{"title":"Gujarati mid - Day + Inquilab - Mumbai","price":"5328"},"3":{"title":"Gujarati Mid-day - Mumbai","price":"4680"}},"Lost and Found":{"0":{"title":"Mid-day + Gujarati Mid-day - Mumbai","price":"8208"},"1":{"title":"Mid-day + Gujarati Mid-day + Inquilab - Mumbai","price":"9216"},"2":{"title":"Gujarati mid - Day + Inquilab - Mumbai","price":"5328"},"3":{"title":"Gujarati Mid-day - Mumbai","price":"4680"}},"Business":{"0":{"title":"Mid-day + Gujarati Mid-day - Mumbai ","price":"8208"},"1":{"title":"Mid-day + Gujarati Mid-day + Inquilab - Mumbai","price":"9216"},"2":{"title":"Gujarati mid - Day + Inquilab - Mumbai","price":"5328"},"3":{"title":"Gujarati Mid-day - Mumbai","price":"3744"}},"Obituary(Death Announcement)":{"0":{"title":"Mid-day + Gujarati Mid-day - Mumbai","price":"8208"},"1":{"title":"Mid-day + Gujarati Mid-day + Inquilab - Mumbai","price":"9216"},"2":{"title":"Gujarati mid - Day + Inquilab - Mumbai","price":"5328"},"3":{"title":"Gujarati Mid-day - Mumbai","price":"3744"}},"Remembrance(Unforgettable)":{"0":{"title":"Gujarati Mid-day - Mumbai","price":"4680"}},"public tender notices":{"0":{"title":"Gujarati Mid-day - Mumbai","price":"4680"}},"Services":{"0":{"title":"Gujarati Mid-day - Mumbai","price":"4680"}},"Retail/Shopping":{"0":{"title":"Gujarati Mid-day - Mumbai","price":"4680"}},"Personal Announcement":{"0":{"title":"Gujarati Mid-day - Mumbai","price":"4680"}},"Computers and Hardware":{"0":{"title":"Gujarati Mid-day - Mumbai","price":"4680"}},"Astrology":{"0":{"title":"Gujarati Mid-day - Mumbai","price":"4680"}},"Vehicles Automobiles":{"0":{"title":"Gujarati Mid-day - Mumbai","price":"4680"}},"Tours and Travel":{"0":{"title":"Gujarati Mid-day - Mumbai","price":"4680"}},"Property-Rental":{"0":{"title":"Gujarati Mid-day - Mumbai","price":"4680"}},"Entertainment":{"0":{"title":"Gujarati Mid-day - Mumbai","price":"1440"},"1":{"title":"Mid-day + Gujarati Mid-day + Inquilab - Mumbai","price":"9216"},"2":{"title":"Gujarati mid - Day + Inquilab - Mumbai","price":"5328"}},"Real Estate Selling":{"0":{"title":"Mid-day + Gujarati Mid-day - Mumbai","price":"8208"},"1":{"title":"Mid-day + Gujarati Mid-day + Inquilab - Mumbai","price":"9216"},"2":{"title":"Gujarati mid - Day + Inquilab - Mumbai","price":"5328"},"3":{"title":"Gujarati Mid-day - Mumbai","price":"3744"}},"Beauty & Wellness":{"0":{"title":"Mid-day + Gujarati Mid-day - Mumbai","price":"8208"},"1":{"title":"Mid-day + Gujarati Mid-day + Inquilab - Mumbai","price":"9216"},"2":{"title":"Gujarati mid - Day + Inquilab - Mumbai","price":"5328"},"3":{"title":"Gujarati Mid-day - Mumbai","price":"3744"}},"Call Centre Employees":{"0":{"title":"Mid-day + Gujarati Mid-day - Mumbai","price":"8208"},"1":{"title":"Mid-day + Gujarati Mid-day + Inquilab - Mumbai","price":"9216"},"2":{"title":"Gujarati mid - Day + Inquilab - Mumbai","price":"5328"},"3":{"title":"Gujarati Mid-day - Mumbai","price":"3744"}},"Prajapati":{"0":{"title":"Mid-day + Gujarati Mid-day - Mumbai","price":"8208"},"1":{"title":"Mid-day + Gujarati Mid-day + Inquilab - Mumbai","price":"9216"},"2":{"title":"Gujarati mid - Day + Inquilab - Mumbai","price":"5328"},"3":{"title":"Gujarati Mid-day - Mumbai","price":"3744"}},"Bungalow For Sale":{"0":{"title":"Mid-day + Gujarati Mid-day - Mumbai","price":"8208"},"1":{"title":"Mid-day + Gujarati Mid-day + Inquilab - Mumbai","price":"9216"},"2":{"title":"Gujarati mid - Day + Inquilab - Mumbai","price":"5328"},"3":{"title":"Gujarati Mid-day - Mumbai","price":"3744"}},"For Rent/Lease/To Let":{"0":{"title":"Mid-day + Gujarati Mid-day - Mumbai","price":"8208"},"1":{"title":"Mid-day + Gujarati Mid-day + Inquilab - Mumbai","price":"9216"},"2":{"title":"Gujarati mid - Day + Inquilab - Mumbai","price":"5328"},"3":{"title":"Gujarati Mid-day - Mumbai","price":"3744"}},"Outright Sale":{"0":{"title":"Mid-day + Gujarati Mid-day - Mumbai","price":"8208"},"1":{"title":"Mid-day + Gujarati Mid-day + Inquilab - Mumbai","price":"9216"},"2":{"title":"Gujarati mid - Day + Inquilab - Mumbai","price":"5328"},"3":{"title":"Gujarati Mid-day - Mumbai","price":"3744"}},"Property Others":{"0":{"title":"Mid-day + Gujarati Mid-day - Mumbai","price":"8208"},"1":{"title":"Mid-day + Gujarati Mid-day + Inquilab - Mumbai","price":"9216"},"2":{"title":"Gujarati mid - Day + Inquilab - Mumbai","price":"5328"},"3":{"title":"Gujarati Mid-day - Mumbai","price":"3744"}},"SMS CAMPAIGN":{"0":{"title":"Mid-day + Gujarati Mid-day - Mumbai","price":"8208"},"1":{"title":"Mid-day + Gujarati Mid-day + Inquilab - Mumbai","price":"9216"},"2":{"title":"Gujarati mid - Day + Inquilab - Mumbai","price":"5328"},"3":{"title":"Gujarati Mid-day - Mumbai","price":"3744"}}}