{"Recruitment job":{"0":{"title":"Gujarat Samachar - Ahmedabad","price":"12000"},"1":{"title":"Gujarat Samachar - Baroda","price":"5100"},"2":{"title":"Gujarat Samachar - Bhavnagar","price":"1800"}},"Education":{"0":{"title":"Gujarat Samachar - Ahmedabad","price":"12000"},"1":{"title":"Gujarat Samachar - Baroda","price":"5100"},"2":{"title":"Gujarat Samachar - Bhavnagar","price":"1800"},"3":{"title":"Gujarat Samachar - Bhuj","price":"900"},"4":{"title":"Gujarat Samachar - Mumbai","price":"9000"},"5":{"title":"Gujarat Samachar - Rajkot","price":"3600"},"6":{"title":"Gujarat Samachar - Surat","price":"5100"}},"property real estate":{"0":{"title":"Gujarat Samachar - Ahmedabad","price":"12000"},"1":{"title":"Gujarat Samachar - Baroda","price":"5100"},"2":{"title":"Gujarat Samachar - Bhavnagar","price":"1800"},"3":{"title":"Gujarat Samachar - Bhuj","price":"900"},"4":{"title":"Gujarat Samachar - Mumbai","price":"9000"},"5":{"title":"Gujarat Samachar - Rajkot","price":"3600"},"6":{"title":"Gujarat Samachar - Surat","price":"5100"}},"Lost and Found":{"0":{"title":"Gujarat Samachar - Ahmedabad","price":"12000"},"1":{"title":"Gujarat Samachar - Baroda","price":"5100"},"2":{"title":"Gujarat Samachar - Bhavnagar","price":"1800"},"3":{"title":"Gujarat Samachar - Bhuj","price":"900"},"4":{"title":"Gujarat Samachar - Mumbai","price":"9000"},"5":{"title":"Gujarat Samachar - Rajkot","price":"3600"},"6":{"title":"Gujarat Samachar - Surat","price":"5100"}},"Business":{"0":{"title":"Gujarat Samachar - Ahmedabad","price":"12000"},"1":{"title":"Gujarat Samachar - Baroda","price":"5100"},"2":{"title":"Gujarat Samachar - Bhavnagar","price":"1800"},"3":{"title":"Gujarat Samachar - Bhuj","price":"900"},"4":{"title":"Gujarat Samachar - Mumbai","price":"9000"},"5":{"title":"Gujarat Samachar - Rajkot","price":"3600"},"6":{"title":"Gujarat Samachar - Surat","price":"5100"}},"Obituary(Death Announcement)":{"0":{"title":"Gujarat Samachar - Ahmedabad","price":"12000"},"1":{"title":"Gujarat Samachar - Baroda","price":"5100"},"2":{"title":"Gujarat Samachar - Bhavnagar","price":"1800"},"3":{"title":"Gujarat Samachar - Bhuj","price":"900"},"4":{"title":"Gujarat Samachar - Mumbai","price":"9000"},"5":{"title":"Gujarat Samachar - Rajkot","price":"3600"},"6":{"title":"Gujarat Samachar - Surat","price":"5100"}},"public tender notices":{"0":{"title":"Gujarat Samachar - Ahmedabad","price":"8100"}},"Services":{"0":{"title":"Gujarat Samachar - Ahmedabad","price":"8100"}},"Retail/Shopping":{"0":{"title":"Gujarat Samachar - Ahmedabad","price":"8100"}},"Personal Announcement":{"0":{"title":"Gujarat Samachar - Ahmedabad","price":"8100"}},"Computers and Hardware":{"0":{"title":"Gujarat Samachar - Ahmedabad","price":"8100"}},"Astrology":{"0":{"title":"Gujarat Samachar - Ahmedabad","price":"8100"}},"Vehicles Automobiles":{"0":{"title":"Gujarat Samachar - Ahmedabad","price":"8100"}},"Tours and Travel":{"0":{"title":"Gujarat Samachar - Ahmedabad","price":"8100"}},"Property-Rental":{"0":{"title":"Gujarat Samachar - Ahmedabad","price":"12000"},"1":{"title":"Gujarat Samachar - Baroda","price":"5100"},"2":{"title":"Gujarat Samachar - Bhavnagar","price":"1800"},"3":{"title":"Gujarat Samachar - Bhuj","price":"900"},"4":{"title":"Gujarat Samachar - Mumbai","price":"9000"},"5":{"title":"Gujarat Samachar - Rajkot","price":"3600"},"6":{"title":"Gujarat Samachar - Surat","price":"5100"}},"Entertainment":{"0":{"title":"Gujarat Samachar - Ahmedabad","price":"12000"},"1":{"title":"Gujarat Samachar - Baroda","price":"5100"},"2":{"title":"Gujarat Samachar - Bhavnagar","price":"1800"},"3":{"title":"Gujarat Samachar - Bhuj","price":"900"},"4":{"title":"Gujarat Samachar - Mumbai","price":"9000"},"5":{"title":"Gujarat Samachar - Rajkot","price":"3600"},"6":{"title":"Gujarat Samachar - Surat","price":"5100"}},"Real Estate Selling":{"0":{"title":"Gujarat Samachar - Ahmedabad","price":"12000"},"1":{"title":"Gujarat Samachar - Baroda","price":"5100"},"2":{"title":"Gujarat Samachar - Bhavnagar","price":"1800"},"3":{"title":"Gujarat Samachar - Bhuj","price":"900"},"4":{"title":"Gujarat Samachar - Mumbai","price":"9000"},"5":{"title":"Gujarat Samachar - Rajkot","price":"3600"},"6":{"title":"Gujarat Samachar - Surat","price":"5100"}},"Beauty & Wellness":{"0":{"title":"Gujarat Samachar - Ahmedabad","price":"12000"},"1":{"title":"Gujarat Samachar - Baroda","price":"5100"},"2":{"title":"Gujarat Samachar - Bhavnagar","price":"1800"},"3":{"title":"Gujarat Samachar - Bhuj","price":"900"},"4":{"title":"Gujarat Samachar - Mumbai","price":"9000"},"5":{"title":"Gujarat Samachar - Rajkot","price":"3600"},"6":{"title":"Gujarat Samachar - Surat","price":"5100"}}}