{"Education":{"0":{"title":"Hindustan Times (Tue, Sun)\n+ Hindustan Hindi (Tue, Sun)\n+ HTD Special - Delhi Ncr (Thur)","price":"16020"},"1":{"title":"Hindustan Times (Tue + Sun) + Hindustan Hindi(Any Day) + HT Education (Wed) + HTD Special(Thu)","price":"17400"}},"property real estate":{"0":{"title":"Hindustan Times (Tue, Sun)\n+ Hindustan Hindi (Tue, Sun)\n+ HTD Special - Delhi Ncr (Thur)","price":"16020"},"1":{"title":"Hindustan Times (Tue + Sun) + Hindustan Hindi(Any Day) + HT Education (Wed) + HTD Special(Thu)","price":"17400"}},"Lost and Found":{"0":{"title":"Hindustan Times (Tue, Sun)\n+ Hindustan Hindi (Tue, Sun)\n+ HTD Special - Delhi Ncr (Thur)","price":"16020"},"1":{"title":"Hindustan Times (Tue + Sun) + Hindustan Hindi(Any Day) + HT Education (Wed) + HTD Special(Thu)","price":"17400"}},"Business":{"0":{"title":"Hindustan Times (Tue, Sun)\n+ Hindustan Hindi (Tue, Sun)\n+ HTD Special - Delhi Ncr (Thur)","price":"16020"},"1":{"title":"Hindustan Times (Tue + Sun) + Hindustan Hindi(Any Day) + HT Education (Wed) + HTD Special(Thu)","price":"17400"}},"Obituary(Death Announcement)":{"0":{"title":"Hindustan Times (Tue, Sun)\n+ Hindustan Hindi (Tue, Sun)\n+ HTD Special - Delhi Ncr (Thur)","price":"16020"},"1":{"title":"Hindustan Times (Tue + Sun) + Hindustan Hindi(Any Day) + HT Education (Wed) + HTD Special(Thu)","price":"17400"}},"Remembrance(Unforgettable)":{"0":{"title":"Hindustan Times (Tue, Sun)\n+ Hindustan Hindi (Tue, Sun)\n+ HTD Special - Delhi Ncr (Thur)","price":"16020"},"1":{"title":"Hindustan Times (Tue + Sun) + Hindustan Hindi(Any Day) + HT Education (Wed) + HTD Special(Thu)","price":"17400"}},"public tender notices":{"0":{"title":"Hindustan Times (Tue, Sun)\n+ Hindustan Hindi (Tue, Sun)\n+ HTD Special - Delhi Ncr (Thur)","price":"16020"},"1":{"title":"Hindustan Times (Tue + Sun) + Hindustan Hindi(Any Day) + HT Education (Wed) + HTD Special(Thu)","price":"17400"}},"Services":{"0":{"title":"Hindustan Times (Tue, Sun)\n+ Hindustan Hindi (Tue, Sun)\n+ HTD Special - Delhi Ncr (Thur)","price":"16020"},"1":{"title":"Hindustan Times (Tue + Sun) + Hindustan Hindi(Any Day) + HT Education (Wed) + HTD Special(Thu)","price":"17400"}},"Retail/Shopping":{"0":{"title":"Hindustan Times (Tue, Sun) + Hindustan Hindi (Tue, Sun)  + HTD Special - Delhi Ncr (Thur)","price":"14400"},"1":{"title":"Hindustan Times(Wed + Sun) + Hindustan Hindi(Any Day) + HT Education + HT City (Any Day) + HTD Special - Delhi & Ncr","price":"17160"}},"Personal Announcement":{"0":{"title":"Hindustan Times(Wed + Sun) + Hindustan Hindi(Any Day) + HT Education + HTD Special - Delhi & Ncr","price":"14400"},"1":{"title":"Hindustan Times(Wed + Sun) + Hindustan Hindi(Any Day) + HT Education + HT City (Any Day) + HTD Special - Delhi & Ncr","price":"17160"}},"Computers and Hardware":{"0":{"title":"Hindustan Times(Wed + Sun) + Hindustan Hindi(Any Day) + HT Education + HTD Special - Delhi & Ncr","price":"14400"},"1":{"title":"Hindustan Times(Wed + Sun) + Hindustan Hindi(Any Day) + HT Education + HT City (Any Day) + HTD Special - Delhi & Ncr","price":"17160"}},"Astrology":{"0":{"title":"Hindustan Times(Wed + Sun) + Hindustan Hindi(Any Day) + HT Education + HTD Special - Delhi & Ncr","price":"14400"},"1":{"title":"Hindustan Times(Wed + Sun) + Hindustan Hindi(Any Day) + HT Education + HT City (Any Day) + HTD Special - Delhi & Ncr","price":"17160"}},"Vehicles Automobiles":{"0":{"title":"Hindustan Times(Wed + Sun) + Hindustan Hindi(Any Day) + HT Education + HTD Special - Delhi & Ncr","price":"14400"},"1":{"title":"Hindustan Times(Wed + Sun) + Hindustan Hindi(Any Day) + HT Education + HT City (Any Day) + HTD Special - Delhi & Ncr","price":"17160"}},"Tours and Travel":{"0":{"title":"Hindustan Times(Wed + Sun) + Hindustan Hindi(Any Day) + HT Education + HTD Special - Delhi & Ncr","price":"14400"},"1":{"title":"Hindustan Times(Wed + Sun) + Hindustan Hindi(Any Day) + HT Education + HT City (Any Day) + HTD Special - Delhi & Ncr","price":"17160"}},"Property-Rental":{"0":{"title":"Hindustan Times(Wed + Sun) + Hindustan Hindi(Any Day) + HT Education + HTD Special - Delhi & Ncr","price":"14400"},"1":{"title":"Hindustan Times(Wed + Sun) + Hindustan Hindi(Any Day) + HT Education + HT City (Any Day) + HTD Special - Delhi & Ncr","price":"17160"}},"Entertainment":{"0":{"title":"Hindustan Times (Sat, Sun) + Hindustan Hindi (Fri, Sun) + HT Clsfd Spcl (Thur) - Delhi NCR + Mint (Wednesday)","price":"19200"},"1":{"title":"Hindustan Times (Sat,Sun) + Hindustan Hindi (Fri,Sun) + HTD clsfd Spcl (Thu) + Mint(Wed)\n(FOR RENT & TO LET ONLY)","price":"11760"},"2":{"title":"Hindustan Times (Fri, Sat, Sun) + Hindustan Hindi (Fri, Sun) + HT Clsfd Spcl (Thur) - Delhi NCR","price":"20820"}},"Real Estate Selling":{"0":{"title":"Hindustan Times (Sat, Sun) + Hindustan Hindi (Fri, Sun) + HT Clsfd Spcl (Thur) - Delhi NCR + Mint (Wednesday)","price":"19200"},"1":{"title":"Hindustan Times (Sat,Sun) + Hindustan Hindi (Fri,Sun) + HTD clsfd Spcl (Thu) + Mint(Wed)\n(FOR RENT & TO LET ONLY)","price":"11760"},"2":{"title":"Hindustan Times (Fri, Sat, Sun) + Hindustan Hindi (Fri, Sun) + HT Clsfd Spcl (Thur) - Delhi NCR","price":"20820"}},"Beauty & Wellness":{"0":{"title":"Hindustan Times (Sat, Sun) + Hindustan Hindi (Fri, Sun) + HT Clsfd Spcl (Thur) - Delhi NCR + Mint (Wednesday)","price":"19200"},"1":{"title":"Hindustan Times (Sat,Sun) + Hindustan Hindi (Fri,Sun) + HTD clsfd Spcl (Thu) + Mint(Wed)\n(FOR RENT & TO LET ONLY)","price":"11760"},"2":{"title":"Hindustan Times (Fri, Sat, Sun) + Hindustan Hindi (Fri, Sun) + HT Clsfd Spcl (Thur) - Delhi NCR","price":"20820"}},"Call Centre Employees":{"0":{"title":"Hindustan Times (Sat, Sun) + Hindustan Hindi (Fri, Sun) + HT Clsfd Spcl (Thur) - Delhi NCR + Mint (Wednesday)","price":"19200"},"1":{"title":"Hindustan Times (Sat,Sun) + Hindustan Hindi (Fri,Sun) + HTD clsfd Spcl (Thu) + Mint(Wed)\n(FOR RENT & TO LET ONLY)","price":"11760"},"2":{"title":"Hindustan Times (Fri, Sat, Sun) + Hindustan Hindi (Fri, Sun) + HT Clsfd Spcl (Thur) - Delhi NCR","price":"20820"}}}