{"Matrimonial":{"0":{"title":"Saath Saath Package\nHindustan Times + Hindustan Hindi","price":"12960"},"1":{"title":"Sanjog Metro Package\nHindustan Times + Hindustan Hindi","price":"15480"},"2":{"title":"Better Half Package\nHindustan Times - All Edition + Hindustan Hindi - Delhi NCR , Lucknow","price":"19200"},"3":{"title":"\nSaath Saath Package with Jaipur\nHindustan Times + Hindustan Hindi","price":"13980"},"4":{"title":"Mumbai Lagan Package\nHindustan Times - Delhi Ncr + Mumbai","price":"12600"},"5":{"title":"Gatbandhan Package\nHindustan Times - Delhi Ncr, Lucknow + Hindustan Hindi - UP + Uttarakhand","price":"14400"}},"Marriage Bureau":{"0":{"title":"Saath Saath Package\nHindustan Times + Hindustan Hindi","price":"12960"},"1":{"title":"Sanjog Metro Package\nHindustan Times + Hindustan Hindi","price":"15480"},"2":{"title":"Better Half Package\nHindustan Times - All Edition + Hindustan Hindi - Delhi NCR , Lucknow","price":"19200"},"3":{"title":"\nSaath Saath Package with Jaipur\nHindustan Times + Hindustan Hindi","price":"13980"},"4":{"title":"Mumbai Lagan Package\nHindustan Times - Delhi Ncr + Mumbai","price":"12600"},"5":{"title":"Gatbandhan Package\nHindustan Times - Delhi Ncr, Lucknow + Hindustan Hindi - UP + Uttarakhand","price":"14400"}},"Change of Name":{"0":{"title":"Saath Saath Package\nHindustan Times + Hindustan Hindi","price":"12960"},"1":{"title":"Sanjog Metro Package\nHindustan Times + Hindustan Hindi","price":"15480"},"2":{"title":"Better Half Package\nHindustan Times - All Edition + Hindustan Hindi - Delhi NCR , Lucknow","price":"19200"},"3":{"title":"\nSaath Saath Package with Jaipur\nHindustan Times + Hindustan Hindi","price":"13980"},"4":{"title":"Mumbai Lagan Package\nHindustan Times - Delhi Ncr + Mumbai","price":"12600"},"5":{"title":"Gatbandhan Package\nHindustan Times - Delhi Ncr, Lucknow + Hindustan Hindi - UP + Uttarakhand","price":"14400"}},"Recruitment job":{"0":{"title":"Saath Saath Package\nHindustan Times + Hindustan Hindi","price":"12960"},"1":{"title":"Sanjog Metro Package\nHindustan Times + Hindustan Hindi","price":"15480"},"2":{"title":"Better Half Package\nHindustan Times - All Edition + Hindustan Hindi - Delhi NCR , Lucknow","price":"19200"},"3":{"title":"\nSaath Saath Package with Jaipur\nHindustan Times + Hindustan Hindi","price":"13980"},"4":{"title":"Mumbai Lagan Package\nHindustan Times - Delhi Ncr + Mumbai","price":"12600"},"5":{"title":"Gatbandhan Package\nHindustan Times - Delhi Ncr, Lucknow + Hindustan Hindi - UP + Uttarakhand","price":"14400"}},"Education":{"0":{"title":"Saath Saath Package\nHindustan Times + Hindustan Hindi","price":"12960"},"1":{"title":"Sanjog Metro Package\nHindustan Times + Hindustan Hindi","price":"15480"},"2":{"title":"Better Half Package\nHindustan Times - All Edition + Hindustan Hindi - Delhi NCR , Lucknow","price":"19200"},"3":{"title":"\nSaath Saath Package with Jaipur\nHindustan Times + Hindustan Hindi","price":"13980"},"4":{"title":"Mumbai Lagan Package\nHindustan Times - Delhi Ncr + Mumbai","price":"12600"},"5":{"title":"Gatbandhan Package  Hindustan Times - Delhi Ncr, Lucknow + Hindustan Hindi - UP + Uttarakhand ","price":"17400"}},"property real estate":{"0":{"title":"Hindustan Times (Tue) + Hindustan Hindi (Any day) Delhi Ncr","price":"14760"},"1":{"title":"Hindustan Times (Tue, Sun) +\nUpcountry + Hindustan Hindi\n(Tue, Sun) - Delhi Ncr","price":"15720"},"2":{"title":"Hindustan Times (Tue, Sun)\n+ Hindustan Hindi (Tue, Sun)\n+ HTD Special - Delhi Ncr (Thur)","price":"16020"},"3":{"title":"Hindustan Times + Hindustan Hindi\nAll Editions","price":"41160"},"4":{"title":"Hindustan Times\nAll Editions","price":"22920"},"5":{"title":"Hindustan Times (Tue + Sun) + Hindustan Hindi(Any Day) + HT Education (Wed) + HTD Special(Thu)","price":"17400"},"6":{"title":"Hindustan Times - Chandigarh","price":"4800"},"7":{"title":"Hindustan Times - Lucknow","price":"2040"},"8":{"title":"Hindustan Times - Mumbai","price":"4500"},"9":{"title":"Hindustan Times - Patna","price":"1680"},"10":{"title":"Hindustan Times - Ranchi","price":"1200"}},"Lost and Found":{"0":{"title":"Hindustan Times (Tue) + Hindustan Hindi (Any day) Delhi Ncr","price":"14760"},"1":{"title":"Hindustan Times (Tue, Sun) +\nUpcountry + Hindustan Hindi\n(Tue, Sun) - Delhi Ncr","price":"15720"},"2":{"title":"Hindustan Times (Tue, Sun)\n+ Hindustan Hindi (Tue, Sun)\n+ HTD Special - Delhi Ncr (Thur)","price":"16020"},"3":{"title":"Hindustan Times + Hindustan Hindi\nAll Editions","price":"41160"},"4":{"title":"Hindustan Times\nAll Editions","price":"22920"},"5":{"title":"Hindustan Times (Tue + Sun) + Hindustan Hindi(Any Day) + HT Education (Wed) + HTD Special(Thu)","price":"17400"},"6":{"title":"Hindustan Times - Chandigarh","price":"4800"},"7":{"title":"Hindustan Times - Lucknow","price":"2040"},"8":{"title":"Hindustan Times - Mumbai","price":"4500"},"9":{"title":"Hindustan Times - Patna","price":"1680"},"10":{"title":"Hindustan Times - Ranchi","price":"1200"}},"Business":{"0":{"title":"Hindustan Times (Wed, Sun) + HT Education + Hindustan Hindi (Any day) - Delhi Ncr","price":"13980"},"1":{"title":"Hindustan Times + Hindustan Hindi\nAll Editions","price":"41160"},"2":{"title":"Hindustan Times\nAll Editions","price":"22920"},"3":{"title":"Hindustan Times(Wednesday) + HT Education + Hindustan Hindi (Any Day)","price":"12360"},"4":{"title":"Hindustan Times(Wed + Sun) + Hindustan Hindi(Any Day) + HT Education + HTD Special - Delhi & Ncr","price":"14400"},"5":{"title":"Hindustan Times(Wed + Sun) + Hindustan Hindi(Any Day) + HT Education + HT City (Any Day) + HTD Special - Delhi & Ncr","price":"17160"},"6":{"title":"Hindustan Times - Chandigarh","price":"4800"},"7":{"title":"Hindustan Times - Lucknow","price":"2040"},"8":{"title":"Hindustan Times - Mumbai","price":"4500"},"9":{"title":"Hindustan Times - Patna","price":"1680"},"10":{"title":"Hindustan Times - Ranchi","price":"1200"}},"Remembrance(Unforgettable)":{"0":{"title":"Hindustan Times + Hindustan Hindi - Delhi Ncr","price":"5625"},"1":{"title":"Hindustan Times - Chandigarh","price":"4800"},"2":{"title":"Hindustan Times - Delhi Ncr","price":"5625"},"3":{"title":"Hindustan Times - Lucknow","price":"2040"},"4":{"title":"Hindustan Times - Mumbai","price":"3000"},"5":{"title":"Hindustan Times - Patna","price":"1680"},"6":{"title":"Hindustan Times - Ranchi","price":"1500"}},"public tender notices":{"0":{"title":"Hindustan Times + Hindustan Hindi - Delhi Ncr","price":"5625"},"1":{"title":"Hindustan Times - Chandigarh","price":"4800"},"2":{"title":"Hindustan Times - Delhi Ncr","price":"5625"},"3":{"title":"Hindustan Times - Lucknow","price":"2040"},"4":{"title":"Hindustan Times - Mumbai","price":"3000"},"5":{"title":"Hindustan Times - Patna","price":"1680"},"6":{"title":"Hindustan Times - Ranchi","price":"1500"}},"Services":{"0":{"title":"Hindustan Times + Hindustan Hindi - Delhi Ncr (Full Run)","price":"5625"},"1":{"title":"Hindustan Times - Lucknow","price":"2040"},"2":{"title":"Hindustan Times - Patna","price":"1680"},"3":{"title":"Hindustan Times - Chandigarh","price":"4800"},"4":{"title":"Hindustan Times - Delhi Ncr","price":"6240"},"5":{"title":"Hindustan Times - Lucknow","price":"2040"},"6":{"title":"Hindustan Times - Mumbai","price":"3000"}},"Retail/Shopping":{"0":{"title":"Hindustan Times + Hindustan Hindi\nAll Editions","price":"41160"},"1":{"title":"Hindustan Times + Hindustan Hindi - Delhi Ncr","price":"8040"},"2":{"title":"Hindustan Times\nAll Editions","price":"22920"},"3":{"title":"Hindustan Times - Chandigarh","price":"4800"},"4":{"title":"Hindustan Times - Delhi Ncr","price":"6240"},"5":{"title":"Hindustan Times - Lucknow","price":"2040"},"6":{"title":"Hindustan Times - Mumbai","price":"3000"},"7":{"title":"Hindustan Times - Patna","price":"1680"},"8":{"title":"Hindustan Times - Ranchi","price":"1200"}},"Personal Announcement":{"0":{"title":"Hindustan Times + Hindustan Hindi\nAll Editions","price":"41160"},"1":{"title":"Hindustan Times + Hindustan Hindi - Delhi Ncr","price":"8040"},"2":{"title":"Hindustan Times - Chandigarh","price":"4800"},"3":{"title":"Hindustan Times - Lucknow","price":"2040"},"4":{"title":"Hindustan Times - Mumbai","price":"4500"},"5":{"title":"Hindustan Times - Patna","price":"1680"},"6":{"title":"Hindustan Times - Patna","price":"1680"},"7":{"title":"Hindustan Times - Ranchi","price":"1200"},"8":{"title":"Hindustan Times-Gurgaon","price":"1560"}},"Computers and Hardware":{"0":{"title":"Hindustan Times + Hindustan Hindi\nAll Editions","price":"41160"},"1":{"title":"Hindustan Times\nAll Editions","price":"22920"},"2":{"title":"Hindustan Times - Chandigarh","price":"2880"},"3":{"title":"Hindustan Times - Delhi Ncr","price":"3480"},"4":{"title":"Hindustan Times - Lucknow","price":"2040"},"5":{"title":"Hindustan Times - Mumbai","price":"4500"},"6":{"title":"Hindustan Times - Patna","price":"1680"},"7":{"title":"Hindustan Times - Ranchi","price":"1500"}},"Astrology":{"0":{"title":"Hindustan Times + Hindustan Hindi\nAll Editions","price":"41160"},"1":{"title":"Hindustan Times\nAll Editions","price":"22920"},"2":{"title":"Hindustan Times - Chandigarh","price":"2880"},"3":{"title":"Hindustan Times - Delhi Ncr","price":"3480"},"4":{"title":"Hindustan Times - Lucknow","price":"2040"},"5":{"title":"Hindustan Times - Mumbai","price":"4500"},"6":{"title":"Hindustan Times - Patna","price":"1680"},"7":{"title":"Hindustan Times - Ranchi","price":"1500"}},"Vehicles Automobiles":{"0":{"title":"Hindustan Times + Hindustan Hindi\nAll Editions","price":"41160"},"1":{"title":"Hindustan Times\nAll Editions","price":"22920"},"2":{"title":"Hindustan Times - Chandigarh","price":"2880"},"3":{"title":"Hindustan Times - Delhi Ncr","price":"3480"},"4":{"title":"Hindustan Times - Lucknow","price":"2040"},"5":{"title":"Hindustan Times - Mumbai","price":"4500"},"6":{"title":"Hindustan Times - Patna","price":"1680"},"7":{"title":"Hindustan Times - Ranchi","price":"1500"}},"Tours and Travel":{"0":{"title":"Hindustan Times + Hindustan Hindi\nAll Editions","price":"41160"},"1":{"title":"Hindustan Times\nAll Editions","price":"22920"},"2":{"title":"Hindustan Times - Chandigarh","price":"2880"},"3":{"title":"Hindustan Times - Delhi Ncr","price":"3480"},"4":{"title":"Hindustan Times - Lucknow","price":"2040"},"5":{"title":"Hindustan Times - Mumbai","price":"4500"},"6":{"title":"Hindustan Times - Patna","price":"1680"},"7":{"title":"Hindustan Times - Ranchi","price":"1500"}},"Property-Rental":{"0":{"title":"Hindustan Times (Wkdy) + Hindustan Hindi (Any day) - Delhi Ncr","price":"10800"},"1":{"title":"Hindustan Times + Hindustan Hindi\nAll Editions","price":"41160"},"2":{"title":"Hindustan Times\nAll Editions","price":"22920"},"3":{"title":"Hindustan Times - Chandigarh","price":"4800"},"4":{"title":"Hindustan Times - Lucknow","price":"2040"},"5":{"title":"Hindustan Times - Mumbai","price":"4500"},"6":{"title":"Hindustan Times - Patna","price":"1680"},"7":{"title":"Hindustan Times - Ranchi","price":"1200"}},"Entertainment":{"0":{"title":"Hindustan Times (Wkdy) + Hindustan Hindi (Any day) - Delhi Ncr","price":"10800"},"1":{"title":"Hindustan Times + Hindustan Hindi\nAll Editions","price":"41160"},"2":{"title":"Hindustan Times\nAll Editions","price":"22920"},"3":{"title":"Hindustan Times - Chandigarh","price":"4800"},"4":{"title":"Hindustan Times - Lucknow","price":"2040"},"5":{"title":"Hindustan Times - Mumbai","price":"4500"},"6":{"title":"Hindustan Times - Patna","price":"1680"},"7":{"title":"Hindustan Times - Ranchi","price":"1200"}},"Real Estate Selling":{"0":{"title":"Hindustan Times (Wkdy) + Hindustan Hindi (Any day) - Delhi Ncr","price":"41160"},"1":{"title":"Hindustan Times\nAll Editions","price":"22920"},"2":{"title":"Hindustan Times - Chandigarh","price":"4800"},"3":{"title":"Hindustan Times - Lucknow","price":"2040"},"4":{"title":"Hindustan Times - Mumbai","price":"4500"},"5":{"title":"Hindustan Times - Patna","price":"1680"},"6":{"title":"Hindustan Times - Ranchi","price":"1200"},"7":{"title":"Hindustan Times - Patna","price":"1680"}},"Beauty & Wellness":{"0":{"title":"Hindustan Times + Hindustan Hindi\nAll Editions","price":"41160"},"1":{"title":"Hindustan Times (Friday + Sunday ) + Hindustan Hindi (Any Day) - Delhi NCR","price":"9000"},"2":{"title":"Hindustan Times\nAll Editions","price":"22920"},"3":{"title":"Hindustan Times (Friday + Sunday) - Delhi & Ncr","price":"8400"},"4":{"title":"Hindustan Times - Chandigarh","price":"4800"},"5":{"title":"Hindustan Times - Lucknow","price":"2040"},"6":{"title":"Hindustan Times - Mumbai","price":"4500"},"7":{"title":"Hindustan Times - Patna","price":"1680"},"8":{"title":"Hindustan Times - Ranchi","price":"1200"}}}