{"Marriage Bureau":{"0":{"title":"Saath Saath Package\nHindustan Times + Hindustan Hindi","price":"12960"},"1":{"title":"Sanjog Metro Package\nHindustan Times + Hindustan Hindi","price":"15480"},"2":{"title":"Shehnai Package  Hindustan Hindi - Delhi Ncr","price":"1200"},"3":{"title":"Hindustan Hindi - Allahabad (Prayagraj)","price":"1440"}},"Change of Name":{"0":{"title":"Hindustan Times + Hindustan Hindi - Delhi Ncr","price":"9480"},"1":{"title":"Hindustan Hindi - Agra","price":"1440"},"2":{"title":"Hindustan Hindi - Aligarh","price":"1200"},"3":{"title":"Hindustan Hindi - Allahabad (Prayagraj)","price":"1440"},"4":{"title":"Hindustan Hindi - Bareilly","price":"1440"},"5":{"title":"Hindustan Hindi - Bhagalpur","price":"1800"},"6":{"title":"Hindustan Hindi - Delhi Ncr","price":"3240"},"7":{"title":"Hindustan Hindi - Dhanbad","price":"1080"},"8":{"title":"Hindustan Hindi - Gorakhpur","price":"1200"},"9":{"title":"Hindustan Hindi - Jamshedpur","price":"600"},"10":{"title":"Hindustan Hindi - Kanpur","price":"1800"},"11":{"title":"Hindustan Hindi - Lucknow","price":"3000"},"12":{"title":"Hindustan Hindi - Meerut","price":"1848"},"13":{"title":"Hindustan Hindi - Moradabad","price":"1200"},"14":{"title":"Hindustan Hindi - Muzaffarpur","price":"2640"},"15":{"title":"Hindustan Hindi - Patna","price":"4800"},"16":{"title":"Hindustan Hindi - Ranchi","price":"1680"},"17":{"title":"Hindustan Hindi - Varanasi","price":"2040"}},"Recruitment job":{"0":{"title":"Hindustan Times + Hindustan Hindi - Delhi Ncr","price":"9480"},"1":{"title":"Hindustan Hindi - Agra","price":"1440"},"2":{"title":"Hindustan Hindi - Aligarh","price":"1200"},"3":{"title":"Hindustan Hindi - Allahabad (Prayagraj)","price":"1440"},"4":{"title":"Hindustan Hindi - Bareilly","price":"1440"},"5":{"title":"Hindustan Hindi - Bhagalpur","price":"2040"},"6":{"title":"Hindustan Hindi - Dehradun","price":"2400"},"7":{"title":"Hindustan Hindi - Delhi Ncr","price":"6000"},"8":{"title":"Hindustan Hindi - Dhanbad","price":"2880"},"9":{"title":"Hindustan Hindi - Gorakhpur","price":"1800"},"10":{"title":"Hindustan Hindi - Haldwani","price":"2100"},"11":{"title":"Hindustan Hindi - Jamshedpur","price":"900"},"12":{"title":"Hindustan Hindi - Kanpur","price":"3000"},"13":{"title":"Hindustan Hindi - Lucknow","price":"4200"},"14":{"title":"Hindustan Hindi - Meerut","price":"3000"},"15":{"title":"Hindustan Hindi - Moradabad","price":"1680"},"16":{"title":"Hindustan Hindi - Muzaffarpur","price":"2940"},"17":{"title":"Hindustan Hindi - Patna","price":"6000"}},"Education":{"0":{"title":"Hindustan Hindi - East UP","price":"8400"},"1":{"title":"Hindustan Hindi - Agra","price":"2700"},"2":{"title":"Hindustan Hindi - Aligarh","price":"1440"},"3":{"title":"Hindustan Hindi - Allahabad (Prayagraj)","price":"2100"},"4":{"title":"Hindustan Hindi - Bareilly","price":"1920"},"5":{"title":"Hindustan Hindi - Bhagalpur","price":"2040"},"6":{"title":"Hindustan Hindi - Dehradun","price":"2400"},"7":{"title":"Hindustan Hindi - Delhi Ncr","price":"6000"},"8":{"title":"Hindustan Hindi - Dhanbad","price":"2880"},"9":{"title":"Hindustan Hindi - Gorakhpur","price":"1800"},"10":{"title":"Hindustan Hindi - Haldwani","price":"2100"},"11":{"title":"Hindustan Hindi - Jamshedpur","price":"900"},"12":{"title":"Hindustan Hindi - Kanpur","price":"3000"},"13":{"title":"Hindustan Hindi - Lucknow","price":"4200"},"14":{"title":"Hindustan Hindi - Meerut","price":"3000"},"15":{"title":"Hindustan Hindi - Moradabad","price":"1680"},"16":{"title":"Hindustan Hindi - Muzaffarpur","price":"2940"},"17":{"title":"Hindustan Hindi - Patna","price":"6000"},"18":{"title":"Hindustan Hindi - Ranchi","price":"3240"},"19":{"title":"Hindustan Hindi - Varanasi","price":"3900"}},"property real estate":{"0":{"title":"Hindustan Hindi - East UP","price":"8400"},"1":{"title":"Hindustan Hindi - Agra","price":"2700"},"2":{"title":"Hindustan Hindi - Aligarh","price":"1440"},"3":{"title":"Hindustan Hindi - Allahabad (Prayagraj)","price":"2100"},"4":{"title":"Hindustan Hindi - Bareilly","price":"1920"},"5":{"title":"Hindustan Hindi - Bhagalpur","price":"2040"},"6":{"title":"Hindustan Hindi - Dehradun","price":"2400"},"7":{"title":"Hindustan Hindi - Delhi Ncr","price":"6000"},"8":{"title":"Hindustan Hindi - Dhanbad","price":"2880"},"9":{"title":"Hindustan Hindi - Gorakhpur","price":"1800"},"10":{"title":"Hindustan Hindi - Haldwani","price":"2100"},"11":{"title":"Hindustan Hindi - Jamshedpur","price":"900"},"12":{"title":"Hindustan Hindi - Kanpur","price":"3000"},"13":{"title":"Hindustan Hindi - Lucknow","price":"4200"},"14":{"title":"Hindustan Hindi - Meerut","price":"3000"},"15":{"title":"Hindustan Hindi - Moradabad","price":"1680"},"16":{"title":"Hindustan Hindi - Muzaffarpur","price":"2940"},"17":{"title":"Hindustan Hindi - Patna","price":"6000"},"18":{"title":"Hindustan Hindi - Ranchi","price":"3240"},"19":{"title":"Hindustan Hindi - Varanasi","price":"3900"}},"Lost and Found":{"0":{"title":"Hindustan Hindi - East UP","price":"8400"},"1":{"title":"Hindustan Hindi - Agra","price":"15720"},"2":{"title":"Hindustan Times (Tue, Sun)\n+ Hindustan Hindi (Tue, Sun)\n+ HTD Special - Delhi Ncr (Thur)","price":"16020"},"3":{"title":"Hindustan Hindi - All Edition\n(Uttar Pradesh, Uttrakhand, Bihar, Jharkhand, Delhi Ncr)","price":"27600"},"4":{"title":"Hindustan Hindi - UP + Uttarakhand","price":"16200"},"5":{"title":"Hindustan Times + Hindustan Hindi\nAll Editions","price":"41160"},"6":{"title":"Hindustan Hindi - East UP","price":"8400"},"7":{"title":"Hindustan Hindi: Western UP","price":"6300"},"8":{"title":"Hindustan Hindi - Uttarakhand","price":"4200"},"9":{"title":"Hindustan Hindi : (Bihar + Jharkhand)","price":"12000"},"10":{"title":"Hindustan Hindi - Bihar","price":"9660"},"11":{"title":"Hindustan Hindi - Jharkhand","price":"5400"},"12":{"title":"Hindustan Hindi - All UP","price":"14400"},"13":{"title":"Hindustan Times (Tue + Sun) + Hindustan Hindi(Any Day) + HT Education (Wed) + HTD Special(Thu)","price":"17400"},"14":{"title":"Hindustan Hindi - Agra","price":"2700"},"15":{"title":"Hindustan Hindi - Aligarh","price":"1440"},"16":{"title":"Hindustan Hindi - Allahabad (Prayagraj)","price":"2100"},"17":{"title":"Hindustan Hindi - Bareilly","price":"1920"},"18":{"title":"Hindustan Hindi - Bhagalpur","price":"2040"},"19":{"title":"Hindustan Hindi - Dehradun","price":"2400"}},"Business":{"0":{"title":"Hindustan Times (Wed, Sun) + HT Education + Hindustan Hindi (Any day) - Delhi Ncr","price":"13980"},"1":{"title":"Hindustan Hindi - All Edition\n(Uttar Pradesh, Uttrakhand, Bihar, Jharkhand, Delhi Ncr)","price":"27600"},"2":{"title":"Hindustan Hindi - UP + Uttarakhand","price":"16200"},"3":{"title":"Hindustan Times + Hindustan Hindi\nAll Editions","price":"41160"},"4":{"title":"Hindustan Hindi - East UP","price":"8400"},"5":{"title":"Hindustan Hindi: Western UP","price":"6300"},"6":{"title":"Hindustan Hindi - Uttarakhand","price":"4200"},"7":{"title":"Hindustan Hindi : (Bihar + Jharkhand)","price":"12000"},"8":{"title":"Hindustan Hindi - Bihar","price":"9660"},"9":{"title":"Hindustan Hindi - Jharkhand","price":"5400"},"10":{"title":"Hindustan Hindi - All UP","price":"14400"},"11":{"title":"Hindustan Times(Wednesday) + HT Education + Hindustan Hindi (Any Day)","price":"12360"},"12":{"title":"Hindustan Times(Wed + Sun) + Hindustan Hindi(Any Day) + HT Education + HTD Special - Delhi & Ncr","price":"14400"},"13":{"title":"Hindustan Times(Wed + Sun) + Hindustan Hindi(Any Day) + HT Education + HT City (Any Day) + HTD Special - Delhi & Ncr","price":"17160"},"14":{"title":"Hindustan Hindi - Agra","price":"2700"},"15":{"title":"Hindustan Hindi - Aligarh","price":"1440"},"16":{"title":"Hindustan Hindi - Allahabad (Prayagraj)","price":"2100"},"17":{"title":"Hindustan Hindi - Bareilly","price":"1920"},"18":{"title":"Hindustan Hindi - Bhagalpur","price":"2040"},"19":{"title":"Hindustan Hindi - Dehradun","price":"2400"},"20":{"title":"Hindustan Hindi - Delhi Ncr","price":"6000"},"21":{"title":"Hindustan Hindi - Dhanbad","price":"2880"},"22":{"title":"Hindustan Hindi - Gorakhpur","price":"1800"},"23":{"title":"Hindustan Hindi - Haldwani","price":"1800"},"24":{"title":"Hindustan Hindi - Haldwani","price":"2100"},"25":{"title":"Hindustan Hindi - Jamshedpur","price":"900"},"26":{"title":"Hindustan Hindi - Varanasi","price":"3900"},"27":{"title":"Hindustan Hindi - Meerut","price":"3000"},"28":{"title":"Hindustan Hindi - Moradabad","price":"1680"},"29":{"title":"Hindustan Hindi - Muzaffarpur","price":"2940"},"30":{"title":"Hindustan Hindi - Patna","price":"6000"},"31":{"title":"Hindustan Hindi - Ranchi","price":"3240"},"32":{"title":"Hindustan Hindi - Varanasi","price":"3900"}},"Remembrance(Unforgettable)":{"0":{"title":"Hindustan Times + Hindustan Hindi - Delhi Ncr","price":"5625"},"1":{"title":"Hindustan Hindi - Agra","price":"2700"},"2":{"title":"Hindustan Hindi - Aligarh","price":"1440"},"3":{"title":"Hindustan Hindi - Allahabad (Prayagraj)","price":"2100"},"4":{"title":"Hindustan Hindi - Bareilly","price":"1920"},"5":{"title":"Hindustan Hindi - Bhagalpur","price":"2040"},"6":{"title":"Hindustan Hindi - Dehradun","price":"2400"},"7":{"title":"Hindustan Hindi - Delhi Ncr","price":"2550"},"8":{"title":"Hindustan Hindi - Dhanbad","price":"2880"},"9":{"title":"Hindustan Hindi - Gorakhpur","price":"1800"},"10":{"title":"Hindustan Hindi - Haldwani","price":"2100"},"11":{"title":"Hindustan Hindi - Jamshedpur","price":"900"},"12":{"title":"Hindustan Hindi - Kanpur","price":"3000"},"13":{"title":"Hindustan Hindi - Lucknow","price":"4200"},"14":{"title":"Hindustan Hindi - Meerut","price":"3000"},"15":{"title":"Hindustan Hindi - Moradabad","price":"1680"},"16":{"title":"Hindustan Hindi - Muzaffarpur","price":"2940"},"17":{"title":"Hindustan Hindi - Patna","price":"6000"},"18":{"title":"Hindustan Hindi - Ranchi","price":"3240"},"19":{"title":"Hindustan Hindi - Varanasi","price":"3900"}},"public tender notices":{"0":{"title":"Hindustan Times + Hindustan Hindi - Delhi Ncr (Full Run)","price":"5625"},"1":{"title":"Hindustan Hindi - Agra","price":"2700"},"2":{"title":"Hindustan Hindi - Aligarh","price":"1440"},"3":{"title":"Hindustan Hindi - Allahabad (Prayagraj)","price":"2100"},"4":{"title":"Hindustan Hindi - Bareilly","price":"1920"},"5":{"title":"Hindustan Hindi - Bhagalpur","price":"2040"},"6":{"title":"Hindustan Hindi - Dehradun","price":"2400"},"7":{"title":"Hindustan Hindi - Delhi Ncr","price":"2550"},"8":{"title":"Hindustan Hindi - Dhanbad","price":"2880"},"9":{"title":"Hindustan Hindi - Gorakhpur","price":"1800"},"10":{"title":"Hindustan Hindi - Haldwani","price":"2100"},"11":{"title":"Hindustan Hindi - Jamshedpur","price":"900"},"12":{"title":"Hindustan Hindi - Kanpur","price":"3000"},"13":{"title":"Hindustan Hindi - Lucknow","price":"4200"},"14":{"title":"Hindustan Hindi - Meerut","price":"3000"},"15":{"title":"Hindustan Hindi - Moradabad","price":"1680"},"16":{"title":"Hindustan Hindi - Muzaffarpur","price":"2940"},"17":{"title":"Hindustan Hindi - Patna","price":"6000"},"18":{"title":"Hindustan Hindi - Ranchi","price":"3240"},"19":{"title":"Hindustan Hindi - Varanasi","price":"3900"}},"Services":{"0":{"title":"Hindustan Times + Hindustan Hindi - Delhi Ncr (Full Run)","price":"5625"},"1":{"title":"Hindustan Hindi - Agra","price":"2700"},"2":{"title":"Hindustan Hindi - Aligarh","price":"1440"},"3":{"title":"Hindustan Hindi - Allahabad (Prayagraj)","price":"2100"},"4":{"title":"Hindustan Hindi - Bareilly","price":"1920"},"5":{"title":"Hindustan Hindi - Bhagalpur","price":"2040"},"6":{"title":"Hindustan Hindi - Dehradun","price":"2400"},"7":{"title":"Hindustan Hindi - Delhi Ncr","price":"2550"},"8":{"title":"Hindustan Hindi - Dhanbad","price":"2880"},"9":{"title":"Hindustan Hindi - Gorakhpur","price":"1800"},"10":{"title":"Hindustan Hindi - Haldwani","price":"2100"},"11":{"title":"Hindustan Hindi - Jamshedpur","price":"900"},"12":{"title":"Hindustan Hindi - Kanpur","price":"1440"},"13":{"title":"Hindustan Hindi - Allahabad (Prayagraj)","price":"2100"},"14":{"title":"Hindustan Hindi - Bareilly","price":"1920"},"15":{"title":"Hindustan Hindi - Bhagalpur","price":"2040"},"16":{"title":"Hindustan Hindi - Dehradun","price":"2400"},"17":{"title":"Hindustan Hindi - Delhi Ncr","price":"3600"},"18":{"title":"Hindustan Hindi - Dhanbad","price":"2880"},"19":{"title":"Hindustan Hindi - Gorakhpur","price":"1800"}},"Retail/Shopping":{"0":{"title":"Hindustan Hindi - All Edition\n(Uttar Pradesh, Uttrakhand, Bihar, Jharkhand, Delhi Ncr)","price":"27600"},"1":{"title":"Hindustan Hindi - UP + Uttarakhand","price":"16200"},"2":{"title":"Hindustan Times + Hindustan Hindi\nAll Editions","price":"41160"},"3":{"title":"Hindustan Hindi - East UP","price":"8400"},"4":{"title":"Hindustan Hindi: Western UP","price":"6300"},"5":{"title":"Hindustan Hindi - Uttarakhand","price":"4200"},"6":{"title":"Hindustan Hindi : (Bihar + Jharkhand)","price":"12000"},"7":{"title":"Hindustan Hindi - Bihar","price":"9660"},"8":{"title":"Hindustan Hindi - Jharkhand","price":"5400"},"9":{"title":"Hindustan Hindi - All UP","price":"14400"},"10":{"title":"Hindustan Times + Hindustan Hindi - Delhi Ncr","price":"8040"},"11":{"title":"Hindustan Hindi - Agra","price":"2700"},"12":{"title":"Hindustan Hindi - Aligarh","price":"1440"},"13":{"title":"Hindustan Hindi - Allahabad (Prayagraj)","price":"2100"},"14":{"title":"Hindustan Hindi - Bareilly","price":"1920"},"15":{"title":"Hindustan Hindi - Bhagalpur","price":"2040"},"16":{"title":"Hindustan Hindi - Dehradun","price":"2400"},"17":{"title":"Hindustan Hindi - Delhi Ncr","price":"3600"},"18":{"title":"Hindustan Hindi - Dhanbad","price":"2880"},"19":{"title":"Hindustan Hindi - Gorakhpur","price":"1800"},"20":{"title":"Hindustan Hindi - Haldwani","price":"2100"},"21":{"title":"Hindustan Hindi - Jamshedpur","price":"900"},"22":{"title":"Hindustan Hindi - Kanpur","price":"3000"},"23":{"title":"Hindustan Hindi - Lucknow","price":"4200"},"24":{"title":"Hindustan Hindi - Meerut","price":"3000"},"25":{"title":"Hindustan Hindi - Muzaffarpur","price":"2940"},"26":{"title":"Hindustan Hindi - Patna","price":"6000"},"27":{"title":"Hindustan Hindi - Ranchi","price":"3240"},"28":{"title":"Hindustan Hindi - Varanasi","price":"3900"},"29":{"title":"Hindustan Hindi - Varanasi","price":"3900"}},"Computers and Hardware":{"0":{"title":"Hindustan Hindi - All Edition\n(Uttar Pradesh, Uttrakhand, Bihar, Jharkhand, Delhi Ncr)","price":"27600"},"1":{"title":"Hindustan Hindi - UP + Uttarakhand","price":"16200"},"2":{"title":"Hindustan Times + Hindustan Hindi\nAll Editions","price":"41160"},"3":{"title":"Hindustan Hindi - East UP","price":"8400"},"4":{"title":"Hindustan Hindi: Western UP","price":"6300"},"5":{"title":"Hindustan Hindi : (Bihar + Jharkhand)","price":"12000"},"6":{"title":"Hindustan Hindi - Bihar","price":"9660"},"7":{"title":"Hindustan Hindi - Jharkhand","price":"5400"},"8":{"title":"Hindustan Hindi - All UP","price":"14400"},"9":{"title":"Hindustan Hindi - Agra","price":"2700"},"10":{"title":"Hindustan Hindi - Aligarh","price":"1440"},"11":{"title":"Hindustan Hindi - Allahabad (Prayagraj)","price":"2100"},"12":{"title":"Hindustan Hindi - Bareilly","price":"1920"},"13":{"title":"Hindustan Hindi - Bhagalpur","price":"2040"},"14":{"title":"Hindustan Hindi - Dehradun","price":"2400"},"15":{"title":"Hindustan Hindi - Delhi Ncr","price":"1920"},"16":{"title":"Hindustan Hindi - Dhanbad","price":"2880"},"17":{"title":"Hindustan Hindi - Gorakhpur","price":"1800"},"18":{"title":"Hindustan Hindi - Haldwani","price":"2100"},"19":{"title":"Hindustan Hindi - Jamshedpur","price":"900"},"20":{"title":"Hindustan Hindi - Kanpur","price":"3000"},"21":{"title":"Hindustan Hindi - Lucknow","price":"4200"},"22":{"title":"Hindustan Hindi - Meerut","price":"3000"},"23":{"title":"Hindustan Hindi - Moradabad","price":"1680"},"24":{"title":"Hindustan Hindi - Muzaffarpur","price":"2940"},"25":{"title":"Hindustan Hindi - Patna","price":"6000"},"26":{"title":"Hindustan Hindi - Ranchi","price":"3240"},"27":{"title":"Hindustan Hindi - Varanasi","price":"3900"}},"Astrology":{"0":{"title":"Hindustan Hindi - All Edition\n(Uttar Pradesh, Uttrakhand, Bihar, Jharkhand, Delhi Ncr)","price":"27600"},"1":{"title":"Hindustan Hindi - UP + Uttarakhand","price":"16200"},"2":{"title":"Hindustan Times + Hindustan Hindi\nAll Editions","price":"41160"},"3":{"title":"Hindustan Hindi - East UP","price":"8400"},"4":{"title":"Hindustan Hindi: Western UP","price":"6300"},"5":{"title":"Hindustan Hindi : (Bihar + Jharkhand)","price":"12000"},"6":{"title":"Hindustan Hindi - Bihar","price":"9660"},"7":{"title":"Hindustan Hindi - Jharkhand","price":"5400"},"8":{"title":"Hindustan Hindi - All UP","price":"14400"},"9":{"title":"Hindustan Hindi - Agra","price":"2700"},"10":{"title":"Hindustan Hindi - Aligarh","price":"1440"},"11":{"title":"Hindustan Hindi - Allahabad (Prayagraj)","price":"2100"},"12":{"title":"Hindustan Hindi - Bareilly","price":"1920"},"13":{"title":"Hindustan Hindi - Bhagalpur","price":"2040"},"14":{"title":"Hindustan Hindi - Dehradun","price":"2400"},"15":{"title":"Hindustan Hindi - Delhi Ncr","price":"1920"},"16":{"title":"Hindustan Hindi - Dhanbad","price":"2880"},"17":{"title":"Hindustan Hindi - Gorakhpur","price":"1800"},"18":{"title":"Hindustan Hindi - Haldwani","price":"2100"},"19":{"title":"Hindustan Hindi - Jamshedpur","price":"900"},"20":{"title":"Hindustan Hindi - Kanpur","price":"3000"},"21":{"title":"Hindustan Hindi - Lucknow","price":"4200"},"22":{"title":"Hindustan Hindi - Meerut","price":"3000"},"23":{"title":"Hindustan Hindi - Lucknow","price":"4200"},"24":{"title":"Hindustan Hindi - Meerut","price":"3000"},"25":{"title":"Hindustan Hindi - Moradabad","price":"1680"},"26":{"title":"Hindustan Hindi - Muzaffarpur","price":"2940"},"27":{"title":"Hindustan Hindi - Patna","price":"6000"}},"Vehicles Automobiles":{"0":{"title":"Hindustan Times (Wkdy) + Hindustan Hindi (Any day) - Delhi Ncr","price":"10800"},"1":{"title":"Hindustan Hindi - All Edition\n(Uttar Pradesh, Uttrakhand, Bihar, Jharkhand, Delhi Ncr)","price":"27600"},"2":{"title":"Hindustan Hindi - UP + Uttarakhand","price":"16200"},"3":{"title":"Hindustan Times + Hindustan Hindi\nAll Editions","price":"41160"},"4":{"title":"Hindustan Hindi - East UP","price":"8400"},"5":{"title":"Hindustan Hindi: Western UP","price":"6300"},"6":{"title":"Hindustan Hindi - Uttarakhand","price":"4200"},"7":{"title":"Hindustan Hindi : (Bihar + Jharkhand)","price":"12000"},"8":{"title":"Hindustan Hindi - Bihar","price":"9660"},"9":{"title":"Hindustan Hindi - Jharkhand","price":"5400"},"10":{"title":"Hindustan Hindi - Agra","price":"2700"},"11":{"title":"Hindustan Hindi - Aligarh","price":"1440"},"12":{"title":"Hindustan Hindi - Allahabad (Prayagraj)","price":"2100"},"13":{"title":"Hindustan Hindi - Bareilly","price":"1920"},"14":{"title":"Hindustan Hindi - Bhagalpur","price":"2040"},"15":{"title":"Hindustan Hindi - Dehradun","price":"2400"},"16":{"title":"Hindustan Hindi - Delhi Ncr","price":"6000"},"17":{"title":"Hindustan Hindi - Dhanbad","price":"2880"},"18":{"title":"Hindustan Hindi - Gorakhpur","price":"1800"},"19":{"title":"Hindustan Hindi - Haldwani","price":"2100"},"20":{"title":"Hindustan Hindi - Jamshedpur","price":"900"},"21":{"title":"Hindustan Hindi - Kanpur","price":"3000"},"22":{"title":"Hindustan Hindi - Lucknow","price":"4200"},"23":{"title":"Hindustan Hindi - Meerut","price":"3000"},"24":{"title":"Hindustan Hindi - Moradabad","price":"1680"},"25":{"title":"Hindustan Hindi - Muzaffarpur","price":"2940"},"26":{"title":"Hindustan Hindi - Patna","price":"6000"},"27":{"title":"Hindustan Hindi - Ranchi","price":"3240"},"28":{"title":"Hindustan Hindi - Varanasi","price":"3900"},"29":{"title":"Hindustan Hindi - Varanasi","price":"3900"}},"Tours and Travel":{"0":{"title":"Hindustan Hindi - All Edition\n(Uttar Pradesh, Uttrakhand, Bihar, Jharkhand, Delhi Ncr)","price":"27600"},"1":{"title":"Hindustan Hindi - UP + Uttarakhand","price":"16200"},"2":{"title":"Hindustan Times + Hindustan Hindi\nAll Editions","price":"41160"},"3":{"title":"Hindustan Hindi - East UP","price":"8400"},"4":{"title":"Hindustan Hindi: Western UP","price":"6300"},"5":{"title":"Hindustan Hindi - Uttarakhand","price":"4200"},"6":{"title":"Hindustan Hindi : (Bihar + Jharkhand)","price":"12000"},"7":{"title":"Hindustan Hindi - Bihar","price":"9660"},"8":{"title":"Hindustan Hindi - Jharkhand","price":"5400"},"9":{"title":"Hindustan Hindi - All UP","price":"14400"},"10":{"title":"Hindustan Times (Friday + Sunday ) + Hindustan Hindi (Any Day) - Delhi NCR","price":"9000"},"11":{"title":"Hindustan Hindi - Agra","price":"2700"},"12":{"title":"Hindustan Hindi - Aligarh","price":"1440"},"13":{"title":"Hindustan Hindi - Allahabad (Prayagraj)","price":"2100"},"14":{"title":"Hindustan Hindi - Bareilly","price":"1920"},"15":{"title":"Hindustan Hindi - Bhagalpur","price":"2040"},"16":{"title":"Hindustan Hindi - Dehradun","price":"2400"},"17":{"title":"Hindustan Hindi - Delhi Ncr","price":"6000"},"18":{"title":"Hindustan Hindi - Dhanbad","price":"2880"},"19":{"title":"Hindustan Hindi - Gorakhpur","price":"1800"},"20":{"title":"Hindustan Hindi - Haldwani","price":"2100"},"21":{"title":"Hindustan Hindi - Jamshedpur","price":"900"},"22":{"title":"Hindustan Hindi - Kanpur","price":"3000"},"23":{"title":"Hindustan Hindi - Lucknow","price":"4200"},"24":{"title":"Hindustan Hindi - Meerut","price":"3000"},"25":{"title":"Hindustan Hindi - Moradabad","price":"1680"},"26":{"title":"Hindustan Hindi - Muzaffarpur","price":"2940"},"27":{"title":"Hindustan Hindi - Patna","price":"6000"},"28":{"title":"Hindustan Hindi - Ranchi","price":"3240"},"29":{"title":"Hindustan Hindi - Varanasi","price":"3900"}},"Real Estate Selling":{"0":{"title":"Hindustan Times (Wkdy) + Hindustan Hindi (Any day) - Delhi Ncr","price":"13680"},"1":{"title":"Hindustan Times - (Thu) + HT City + Hindustan Hindi ( Any day ) - Delhi NCR","price":"14520"}},"Beauty & Wellness":{"0":{"title":"Hindustan Times (Wkdy) + Hindustan Hindi (Any day) - Delhi Ncr","price":"13680"},"1":{"title":"Hindustan Times - (Thu) + HT City + Hindustan Hindi ( Any day ) - Delhi NCR","price":"14520"}},"Call Centre Employees":{"0":{"title":"Hindustan Times (Wkdy) + Hindustan Hindi (Any day) - Delhi Ncr","price":"13680"},"1":{"title":"Hindustan Times - (Thu) + HT City + Hindustan Hindi ( Any day ) - Delhi NCR","price":"14520"}}}