{"Education":{"0":{"title":"Hindustan Times (Tue + Sun) + Hindustan Hindi(Any Day) + HT Education (Wed) + HTD Special(Thu)","price":"5400"}},"property real estate":{"0":{"title":"Hindustan Times (Tue + Sun) + Hindustan Hindi(Any Day) + HT Education (Wed) + HTD Special(Thu)","price":"5400"}},"Lost and Found":{"0":{"title":"Hindustan Times (Tue + Sun) + Hindustan Hindi(Any Day) + HT Education (Wed) + HTD Special(Thu)","price":"5400"}},"Business":{"0":{"title":"Hindustan Times (Tue + Sun) + Hindustan Hindi(Any Day) + HT Education (Wed) + HTD Special(Thu)","price":"5400"}},"Obituary(Death Announcement)":{"0":{"title":"Hindustan Times (Tue + Sun) + Hindustan Hindi(Any Day) + HT Education (Wed) + HTD Special(Thu)","price":"5400"}},"Remembrance(Unforgettable)":{"0":{"title":"Hindustan Times (Tue + Sun) + Hindustan Hindi(Any Day) + HT Education (Wed) + HTD Special(Thu)","price":"5400"}},"public tender notices":{"0":{"title":"Hindustan Times (Tue + Sun) + Hindustan Hindi(Any Day) + HT Education (Wed) + HTD Special(Thu)","price":"5400"}},"Services":{"0":{"title":"Hindustan Times (Tue + Sun) + Hindustan Hindi(Any Day) + HT Education (Wed) + HTD Special(Thu)","price":"5400"}},"Retail/Shopping":{"0":{"title":"Hindustan Times (Tue + Sun) + Hindustan Hindi(Any Day) + HT Education (Wed) + HTD Special(Thu)","price":"5400"}},"Personal Announcement":{"0":{"title":"Hindustan Times (Tue + Sun) + Hindustan Hindi(Any Day) + HT Education (Wed) + HTD Special(Thu)","price":"5400"}},"Computers and Hardware":{"0":{"title":"Hindustan Times (Tue + Sun) + Hindustan Hindi(Any Day) + HT Education (Wed) + HTD Special(Thu)","price":"5400"}},"Astrology":{"0":{"title":"Hindustan Times (Tue + Sun) + Hindustan Hindi(Any Day) + HT Education (Wed) + HTD Special(Thu)","price":"5400"}},"Vehicles Automobiles":{"0":{"title":"Hindustan Times (Tue + Sun) + Hindustan Hindi(Any Day) + HT Education (Wed) + HTD Special(Thu)","price":"5400"}},"Tours and Travel":{"0":{"title":"Hindustan Times (Tue + Sun) + Hindustan Hindi(Any Day) + HT Education (Wed) + HTD Special(Thu)","price":"5400"}},"Property-Rental":{"0":{"title":"Hindustan Times (Tue + Sun) + Hindustan Hindi(Any Day) + HT Education (Wed) + HTD Special(Thu)","price":"5400"}},"Entertainment":{"0":{"title":"Hindustan Times (Tue + Sun) + Hindustan Hindi(Any Day) + HT Education (Wed) + HTD Special(Thu)","price":"5400"}},"Real Estate Selling":{"0":{"title":"Hindustan Times (Tue + Sun) + Hindustan Hindi(Any Day) + HT Education (Wed) + HTD Special(Thu)","price":"5400"}},"Beauty & Wellness":{"0":{"title":"Hindustan Times (Tue + Sun) + Hindustan Hindi(Any Day) + HT Education (Wed) + HTD Special(Thu)","price":"5400"}},"Call Centre Employees":{"0":{"title":"Hindustan Times (Tue + Sun) + Hindustan Hindi(Any Day) + HT Education (Wed) + HTD Special(Thu)","price":"5400"}},"Prajapati":{"0":{"title":"Hindustan Times (Tue + Sun) + Hindustan Hindi(Any Day) + HT Education (Wed) + HTD Special(Thu)","price":"5400"}},"Bungalow For Sale":{"0":{"title":"Hindustan Times (Tue + Sun) + Hindustan Hindi(Any Day) + HT Education (Wed) + HTD Special(Thu)","price":"5400"}},"For Rent/Lease/To Let":{"0":{"title":"Hindustan Times (Tue + Sun) + Hindustan Hindi(Any Day) + HT Education (Wed) + HTD Special(Thu)","price":"5400"}},"Outright Sale":{"0":{"title":"Hindustan Times (Tue + Sun) + Hindustan Hindi(Any Day) + HT Education (Wed) + HTD Special(Thu)","price":"5400"}},"Property Others":{"0":{"title":"Hindustan Times (Tue + Sun) + Hindustan Hindi(Any Day) + HT Education (Wed) + HTD Special(Thu)","price":"5400"}}}