{"property real estate":{"0":{"title":"Hindustan Times (Sat) + Hindustan Hindi (Fri + Sun) - Delhi NCR + Mint (Wdnsdy)","price":"18000"},"1":{"title":"Hindustan Times (Sat, Sun) + Hindustan Hindi (Fri, Sun) - Delhi NCR + Mint (Wednesday)","price":"20250"},"2":{"title":"Hindustan Times (Sat, Sun) + Hindustan Hindi (Fri, Sun) + HT Clsfd Spcl (Thur) - Delhi NCR + Mint (Wednesday)","price":"19200"}},"Lost and Found":{"0":{"title":"Hindustan Times (Sat) + Hindustan Hindi (Fri + Sun) - Delhi NCR + Mint (Wdnsdy)","price":"18000"},"1":{"title":"Hindustan Times (Sat, Sun) + Hindustan Hindi (Fri, Sun) - Delhi NCR + Mint (Wednesday)","price":"20250"},"2":{"title":"Hindustan Times (Sat, Sun) + Hindustan Hindi (Fri, Sun) + HT Clsfd Spcl (Thur) - Delhi NCR + Mint (Wednesday)","price":"19200"},"3":{"title":"Hindustan Times (Sat,Sun) + Hindustan Hindi (Fri,Sun) + HTD clsfd Spcl (Thu) + Mint(Wed)\n(FOR RENT & TO LET ONLY)","price":"11760"}},"Business":{"0":{"title":"Hindustan Times (Sat) + Hindustan Hindi (Fri + Sun) - Delhi NCR + Mint (Wdnsdy)","price":"18000"},"1":{"title":"Hindustan Times (Sat, Sun) + Hindustan Hindi (Fri, Sun) - Delhi NCR + Mint (Wednesday)","price":"20250"},"2":{"title":"Hindustan Times (Sat, Sun) + Hindustan Hindi (Fri, Sun) + HT Clsfd Spcl (Thur) - Delhi NCR + Mint (Wednesday)","price":"19200"},"3":{"title":"Hindustan Times (Sat,Sun) + Hindustan Hindi (Fri,Sun) + HTD clsfd Spcl (Thu) + Mint(Wed)\n(FOR RENT & TO LET ONLY)","price":"11760"}},"Obituary(Death Announcement)":{"0":{"title":"Hindustan Times (Sat) + Hindustan Hindi (Fri + Sun) - Delhi NCR + Mint (Wdnsdy)","price":"18000"},"1":{"title":"Hindustan Times (Sat, Sun) + Hindustan Hindi (Fri, Sun) - Delhi NCR + Mint (Wednesday)","price":"20250"},"2":{"title":"Hindustan Times (Sat, Sun) + Hindustan Hindi (Fri, Sun) + HT Clsfd Spcl (Thur) - Delhi NCR + Mint (Wednesday)","price":"19200"},"3":{"title":"Hindustan Times (Sat,Sun) + Hindustan Hindi (Fri,Sun) + HTD clsfd Spcl (Thu) + Mint(Wed)\n(FOR RENT & TO LET ONLY)","price":"11760"}},"Remembrance(Unforgettable)":{"0":{"title":"Hindustan Times (Sat) + Hindustan Hindi (Fri + Sun) - Delhi NCR + Mint (Wdnsdy)","price":"18000"},"1":{"title":"Hindustan Times (Sat, Sun) + Hindustan Hindi (Fri, Sun) - Delhi NCR + Mint (Wednesday)","price":"20250"},"2":{"title":"Hindustan Times (Sat, Sun) + Hindustan Hindi (Fri, Sun) + HT Clsfd Spcl (Thur) - Delhi NCR + Mint (Wednesday)","price":"19200"},"3":{"title":"Hindustan Times (Sat,Sun) + Hindustan Hindi (Fri,Sun) + HTD clsfd Spcl (Thu) + Mint(Wed)\n(FOR RENT & TO LET ONLY)","price":"11760"}},"public tender notices":{"0":{"title":"Hindustan Times (Sat) + Hindustan Hindi (Fri + Sun) - Delhi NCR + Mint (Wdnsdy)","price":"18000"},"1":{"title":"Hindustan Times (Sat, Sun) + Hindustan Hindi (Fri, Sun) - Delhi NCR + Mint (Wednesday)","price":"20250"},"2":{"title":"Hindustan Times (Sat, Sun) + Hindustan Hindi (Fri, Sun) + HT Clsfd Spcl (Thur) - Delhi NCR + Mint (Wednesday)","price":"19200"},"3":{"title":"Hindustan Times (Sat,Sun) + Hindustan Hindi (Fri,Sun) + HTD clsfd Spcl (Thu) + Mint(Wed)\n(FOR RENT & TO LET ONLY)","price":"11760"}},"Services":{"0":{"title":"Hindustan Times (Sat) + Hindustan Hindi (Fri + Sun) - Delhi NCR + Mint (Wdnsdy)","price":"18000"},"1":{"title":"Hindustan Times (Sat, Sun) + Hindustan Hindi (Fri, Sun) - Delhi NCR + Mint (Wednesday)","price":"20250"},"2":{"title":"Hindustan Times (Sat, Sun) + Hindustan Hindi (Fri, Sun) + HT Clsfd Spcl (Thur) - Delhi NCR + Mint (Wednesday)","price":"19200"},"3":{"title":"Hindustan Times (Sat,Sun) + Hindustan Hindi (Fri,Sun) + HTD clsfd Spcl (Thu) + Mint(Wed)\n(FOR RENT & TO LET ONLY)","price":"11760"}},"Retail/Shopping":{"0":{"title":"Hindustan Times (Sat) + Hindustan Hindi (Fri + Sun) - Delhi NCR + Mint (Wdnsdy)","price":"18000"},"1":{"title":"Hindustan Times (Sat, Sun) + Hindustan Hindi (Fri, Sun) - Delhi NCR + Mint (Wednesday)","price":"20250"},"2":{"title":"Hindustan Times (Sat, Sun) + Hindustan Hindi (Fri, Sun) + HT Clsfd Spcl (Thur) - Delhi NCR + Mint (Wednesday)","price":"19200"},"3":{"title":"Hindustan Times (Sat,Sun) + Hindustan Hindi (Fri,Sun) + HTD clsfd Spcl (Thu) + Mint(Wed)\n(FOR RENT & TO LET ONLY)","price":"11760"}},"Personal Announcement":{"0":{"title":"Hindustan Times (Sat) + Hindustan Hindi (Fri + Sun) - Delhi NCR + Mint (Wdnsdy)","price":"18000"},"1":{"title":"Hindustan Times (Sat, Sun) + Hindustan Hindi (Fri, Sun) - Delhi NCR + Mint (Wednesday)","price":"20250"},"2":{"title":"Hindustan Times (Sat, Sun) + Hindustan Hindi (Fri, Sun) + HT Clsfd Spcl (Thur) - Delhi NCR + Mint (Wednesday)","price":"19200"},"3":{"title":"Hindustan Times (Sat,Sun) + Hindustan Hindi (Fri,Sun) + HTD clsfd Spcl (Thu) + Mint(Wed)\n(FOR RENT & TO LET ONLY)","price":"11760"}},"Computers and Hardware":{"0":{"title":"Hindustan Times (Sat) + Hindustan Hindi (Fri + Sun) - Delhi NCR + Mint (Wdnsdy)","price":"18000"},"1":{"title":"Hindustan Times (Sat, Sun) + Hindustan Hindi (Fri, Sun) - Delhi NCR + Mint (Wednesday)","price":"20250"},"2":{"title":"Hindustan Times (Sat, Sun) + Hindustan Hindi (Fri, Sun) + HT Clsfd Spcl (Thur) - Delhi NCR + Mint (Wednesday)","price":"19200"},"3":{"title":"Hindustan Times (Sat,Sun) + Hindustan Hindi (Fri,Sun) + HTD clsfd Spcl (Thu) + Mint(Wed)\n(FOR RENT & TO LET ONLY)","price":"11760"}},"Astrology":{"0":{"title":"Hindustan Times (Sat) + Hindustan Hindi (Fri + Sun) - Delhi NCR + Mint (Wdnsdy)","price":"18000"},"1":{"title":"Hindustan Times (Sat, Sun) + Hindustan Hindi (Fri, Sun) - Delhi NCR + Mint (Wednesday)","price":"20250"},"2":{"title":"Hindustan Times (Sat, Sun) + Hindustan Hindi (Fri, Sun) + HT Clsfd Spcl (Thur) - Delhi NCR + Mint (Wednesday)","price":"19200"},"3":{"title":"Hindustan Times (Sat,Sun) + Hindustan Hindi (Fri,Sun) + HTD clsfd Spcl (Thu) + Mint(Wed)\n(FOR RENT & TO LET ONLY)","price":"11760"}},"Vehicles Automobiles":{"0":{"title":"Hindustan Times (Sat) + Hindustan Hindi (Fri + Sun) - Delhi NCR + Mint (Wdnsdy)","price":"18000"},"1":{"title":"Hindustan Times (Sat, Sun) + Hindustan Hindi (Fri, Sun) - Delhi NCR + Mint (Wednesday)","price":"20250"},"2":{"title":"Hindustan Times (Sat, Sun) + Hindustan Hindi (Fri, Sun) + HT Clsfd Spcl (Thur) - Delhi NCR + Mint (Wednesday)","price":"19200"},"3":{"title":"Hindustan Times (Sat,Sun) + Hindustan Hindi (Fri,Sun) + HTD clsfd Spcl (Thu) + Mint(Wed)\n(FOR RENT & TO LET ONLY)","price":"11760"}},"Tours and Travel":{"0":{"title":"Hindustan Times (Sat) + Hindustan Hindi (Fri + Sun) - Delhi NCR + Mint (Wdnsdy)","price":"18000"},"1":{"title":"Hindustan Times (Sat, Sun) + Hindustan Hindi (Fri, Sun) - Delhi NCR + Mint (Wednesday)","price":"20250"},"2":{"title":"Hindustan Times (Sat, Sun) + Hindustan Hindi (Fri, Sun) + HT Clsfd Spcl (Thur) - Delhi NCR + Mint (Wednesday)","price":"19200"},"3":{"title":"Hindustan Times (Sat,Sun) + Hindustan Hindi (Fri,Sun) + HTD clsfd Spcl (Thu) + Mint(Wed)\n(FOR RENT & TO LET ONLY)","price":"11760"}}}