{"Computers and Hardware":{"0":{"title":"INEXT - Bareily","price":"750"}},"Astrology":{"0":{"title":"INEXT - Bareily","price":"750"}},"Vehicles Automobiles":{"0":{"title":"INEXT - Bareily","price":"750"}},"Tours and Travel":{"0":{"title":"INEXT - Bareily","price":"750"}},"Property-Rental":{"0":{"title":"INEXT - Bareily","price":"750"}},"Entertainment":{"0":{"title":"INEXT - Bareily","price":"750"}},"Real Estate Selling":{"0":{"title":"INEXT - Bareily","price":"750"}},"Beauty & Wellness":{"0":{"title":"INEXT - Bareily","price":"750"}},"Call Centre Employees":{"0":{"title":"INEXT - Bareily","price":"750"}},"Prajapati":{"0":{"title":"INEXT - Bareily","price":"750"}},"Bungalow For Sale":{"0":{"title":"INEXT - Bareily","price":"750"}},"For Rent/Lease/To Let":{"0":{"title":"INEXT - Bareily","price":"750"}},"Outright Sale":{"0":{"title":"INEXT - Bareily","price":"750"}},"Property Others":{"0":{"title":"INEXT - Bareily","price":"750"}},"SMS CAMPAIGN":{"0":{"title":"INEXT - Bareily","price":"750"}}}