{"Matrimonial":{"0":{"title":"Mid-day + Inquilab - Mumbai","price":"7200"},"1":{"title":"Mid-day + Gujarati Mid-day + Inquilab - Mumbai","price":"9216"},"2":{"title":"Gujarati mid - Day + Inquilab - Mumbai","price":"5328"},"3":{"title":"Inquilab - Mumbai","price":"4680"}},"Marriage Bureau":{"0":{"title":"Mid-day + Inquilab - Mumbai","price":"7200"},"1":{"title":"Mid-day + Gujarati Mid-day + Inquilab - Mumbai","price":"9216"},"2":{"title":"Gujarati mid - Day + Inquilab - Mumbai","price":"5328"},"3":{"title":"Inquilab - Mumbai","price":"4680"}},"Change of Name":{"0":{"title":"Mid-day + Inquilab - Mumbai","price":"7200"},"1":{"title":"Mid-day + Gujarati Mid-day + Inquilab - Mumbai","price":"9216"},"2":{"title":"Gujarati mid - Day + Inquilab - Mumbai","price":"5328"},"3":{"title":"Inquilab - Mumbai","price":"4680"}},"Recruitment job":{"0":{"title":"Mid-day + Inquilab - Mumbai","price":"7200"},"1":{"title":"Mid-day + Gujarati Mid-day + Inquilab - Mumbai","price":"9216"},"2":{"title":"Gujarati mid - Day + Inquilab - Mumbai","price":"5328"},"3":{"title":"Inquilab - Mumbai","price":"4680"}},"Education":{"0":{"title":"Mid-day + Inquilab - Mumbai","price":"7200"},"1":{"title":"Mid-day + Gujarati Mid-day + Inquilab - Mumbai","price":"9216"},"2":{"title":"Gujarati mid - Day + Inquilab - Mumbai","price":"5328"},"3":{"title":"Inquilab - Mumbai","price":"4680"}},"property real estate":{"0":{"title":"Mid-day + Inquilab - Mumbai","price":"7200"},"1":{"title":"Mid-day + Gujarati Mid-day + Inquilab - Mumbai","price":"9216"},"2":{"title":"Gujarati mid - Day + Inquilab - Mumbai","price":"5328"},"3":{"title":"Inquilab - Mumbai","price":"4680"}},"Lost and Found":{"0":{"title":"Mid-day + Inquilab - Mumbai","price":"7200"},"1":{"title":"Mid-day + Gujarati Mid-day + Inquilab - Mumbai","price":"9216"},"2":{"title":"Gujarati mid - Day + Inquilab - Mumbai","price":"5328"},"3":{"title":"Inquilab - Mumbai","price":"4680"}},"Business":{"0":{"title":"Mid-day + Inquilab - Mumbai","price":"7200"},"1":{"title":"Mid-day + Gujarati Mid-day + Inquilab - Mumbai","price":"9216"},"2":{"title":"Gujarati mid - Day + Inquilab - Mumbai","price":"5328"},"3":{"title":"Inquilab - Mumbai","price":"4680"}},"Obituary(Death Announcement)":{"0":{"title":"Inquilab - Mumbai","price":"4680"}},"Remembrance(Unforgettable)":{"0":{"title":"Inquilab - Mumbai","price":"4680"}},"public tender notices":{"0":{"title":"Inquilab - Mumbai","price":"4680"}},"Services":{"0":{"title":"Inquilab - Mumbai","price":"4680"}},"Retail/Shopping":{"0":{"title":"Inquilab - Mumbai","price":"4680"}},"Personal Announcement":{"0":{"title":"Inquilab - Mumbai","price":"7200"}},"Computers and Hardware":{"0":{"title":"Mid-day + Inquilab - Mumbai","price":"7200"},"1":{"title":"Mid-day + Gujarati Mid-day + Inquilab - Mumbai","price":"9216"},"2":{"title":"Gujarati mid - Day + Inquilab - Mumbai","price":"5328"},"3":{"title":"Inquilab - Mumbai","price":"2736"}},"Astrology":{"0":{"title":"Mid-day + Inquilab - Mumbai","price":"7200"},"1":{"title":"Mid-day + Gujarati Mid-day + Inquilab - Mumbai","price":"9216"},"2":{"title":"Gujarati mid - Day + Inquilab - Mumbai","price":"5328"},"3":{"title":"Inquilab - Mumbai","price":"2736"}},"Vehicles Automobiles":{"0":{"title":"Mid-day + Inquilab - Mumbai","price":"7200"},"1":{"title":"Mid-day + Gujarati Mid-day + Inquilab - Mumbai","price":"9216"},"2":{"title":"Gujarati mid - Day + Inquilab - Mumbai","price":"5328"},"3":{"title":"Inquilab - Mumbai","price":"2736"}},"Tours and Travel":{"0":{"title":"Mid-day + Inquilab - Mumbai","price":"7200"},"1":{"title":"Mid-day + Gujarati Mid-day + Inquilab - Mumbai","price":"9216"},"2":{"title":"Gujarati mid - Day + Inquilab - Mumbai","price":"5328"},"3":{"title":"Inquilab - Mumbai","price":"2736"}},"Property-Rental":{"0":{"title":"Mid-day + Inquilab - Mumbai","price":"7200"},"1":{"title":"Mid-day + Gujarati Mid-day + Inquilab - Mumbai","price":"9216"},"2":{"title":"Gujarati mid - Day + Inquilab - Mumbai","price":"5328"},"3":{"title":"Inquilab - Mumbai","price":"2736"}},"Entertainment":{"0":{"title":"Mid-day + Inquilab - Mumbai","price":"7200"},"1":{"title":"Mid-day + Gujarati Mid-day + Inquilab - Mumbai","price":"9216"},"2":{"title":"Gujarati mid - Day + Inquilab - Mumbai","price":"5328"},"3":{"title":"Inquilab - Mumbai","price":"2736"}},"Real Estate Selling":{"0":{"title":"Mid-day + Inquilab - Mumbai","price":"7200"},"1":{"title":"Mid-day + Gujarati Mid-day + Inquilab - Mumbai","price":"9216"},"2":{"title":"Gujarati mid - Day + Inquilab - Mumbai","price":"5328"},"3":{"title":"Inquilab - Mumbai","price":"2736"}},"Beauty & Wellness":{"0":{"title":"Mid-day + Inquilab - Mumbai","price":"7200"},"1":{"title":"Mid-day + Gujarati Mid-day + Inquilab - Mumbai","price":"9216"},"2":{"title":"Gujarati mid - Day + Inquilab - Mumbai","price":"5328"},"3":{"title":"Inquilab - Mumbai","price":"2736"}},"Call Centre Employees":{"0":{"title":"Mid-day + Inquilab - Mumbai","price":"7200"},"1":{"title":"Mid-day + Gujarati Mid-day + Inquilab - Mumbai","price":"9216"},"2":{"title":"Gujarati mid - Day + Inquilab - Mumbai","price":"5328"},"3":{"title":"Inquilab - Mumbai","price":"2736"}},"Prajapati":{"0":{"title":"Mid-day + Inquilab - Mumbai","price":"7200"},"1":{"title":"Mid-day + Gujarati Mid-day + Inquilab - Mumbai","price":"9216"},"2":{"title":"Gujarati mid - Day + Inquilab - Mumbai","price":"5328"},"3":{"title":"Inquilab - Mumbai","price":"2736"}},"Bungalow For Sale":{"0":{"title":"Mid-day + Inquilab - Mumbai","price":"7200"},"1":{"title":"Mid-day + Gujarati Mid-day + Inquilab - Mumbai","price":"9216"},"2":{"title":"Gujarati mid - Day + Inquilab - Mumbai","price":"5328"},"3":{"title":"Inquilab - Mumbai","price":"2736"}},"For Rent/Lease/To Let":{"0":{"title":"Mid-day + Inquilab - Mumbai","price":"7200"},"1":{"title":"Mid-day + Gujarati Mid-day + Inquilab - Mumbai","price":"9216"},"2":{"title":"Gujarati mid - Day + Inquilab - Mumbai","price":"5328"},"3":{"title":"Inquilab - Mumbai","price":"2736"}},"Outright Sale":{"0":{"title":"Mid-day + Inquilab - Mumbai ","price":"7200"},"1":{"title":"Mid-day + Gujarati Mid-day + Inquilab - Mumbai","price":"9216"},"2":{"title":"Gujarati mid - Day + Inquilab - Mumbai","price":"5328"},"3":{"title":"Inquilab - Mumbai","price":"2736"}},"Property Others":{"0":{"title":"Mid-day + Inquilab - Mumbai","price":"7200"},"1":{"title":"Mid-day + Gujarati Mid-day + Inquilab - Mumbai","price":"9216"},"2":{"title":"Gujarati mid - Day + Inquilab - Mumbai","price":"5328"},"3":{"title":"Inquilab - Mumbai","price":"2736"}},"SMS CAMPAIGN":{"0":{"title":"Mid-day + Inquilab - Mumbai","price":"7200"},"1":{"title":"Mid-day + Gujarati Mid-day + Inquilab - Mumbai","price":"9216"},"2":{"title":"Gujarati mid - Day + Inquilab - Mumbai","price":"5328"},"3":{"title":"Inquilab - Mumbai","price":"2736"}}}