{"Education":{"0":{"title":"Jagbani - Punjab Editions","price":"7500"}},"property real estate":{"0":{"title":"Jagbani - Punjab Editions","price":"7500"}},"Lost and Found":{"0":{"title":"Jagbani - Punjab Editions","price":"7500"}},"Business":{"0":{"title":"Jagbani - Punjab Editions","price":"7500"}},"Obituary(Death Announcement)":{"0":{"title":"Jagbani - Punjab Editions","price":"7500"}},"Remembrance(Unforgettable)":{"0":{"title":"Jagbani - Punjab Editions","price":"7500"}},"public tender notices":{"0":{"title":"Jagbani - Punjab Editions","price":"7500"}},"Services":{"0":{"title":"Jagbani - Punjab Editions","price":"7500"}},"Retail/Shopping":{"0":{"title":"Jagbani - Punjab Editions","price":"7500"}},"Personal Announcement":{"0":{"title":"Jagbani - Punjab Editions","price":"7500"}},"Computers and Hardware":{"0":{"title":"Jagbani - Punjab Editions","price":"7500"}},"Astrology":{"0":{"title":"Jagbani - Punjab Editions","price":"7500"}},"Vehicles Automobiles":{"0":{"title":"Jagbani - Punjab Editions","price":"7500"}},"Tours and Travel":{"0":{"title":"Jagbani - Punjab Editions","price":"7500"}},"Property-Rental":{"0":{"title":"Jagbani - Punjab Editions","price":"7500"}},"Entertainment":{"0":{"title":"Jagbani - Punjab Editions","price":"7500"}},"Real Estate Selling":{"0":{"title":"Jagbani - Punjab Editions","price":"7500"}},"Beauty & Wellness":{"0":{"title":"Jagbani - Punjab Editions","price":"7500"}},"Call Centre Employees":{"0":{"title":"Jagbani - Punjab Editions","price":"7500"}},"Prajapati":{"0":{"title":"Jagbani - Punjab Editions","price":"7500"}},"Bungalow For Sale":{"0":{"title":"Jagbani - Punjab Editions","price":"7500"}},"For Rent/Lease/To Let":{"0":{"title":"Jagbani - Punjab Editions","price":"7500"}},"Outright Sale":{"0":{"title":"Jagbani - Punjab Editions","price":"7500"}},"Property Others":{"0":{"title":"Jagbani - Punjab Editions","price":"7500"}},"SMS CAMPAIGN":{"0":{"title":"Jagbani - Punjab Editions","price":"7500"}}}