{"Services":{"0":{"title":"JaJANADESH -Silvassa","price":"1500"}},"Retail/Shopping":{"0":{"title":"JaJANADESH -Silvassa","price":"1500"}},"Personal Announcement":{"0":{"title":"JaJANADESH -Silvassa","price":"1500"}},"Computers and Hardware":{"0":{"title":"JaJANADESH -Silvassa","price":"1500"}},"Astrology":{"0":{"title":"JaJANADESH -Silvassa","price":"1500"}},"Vehicles Automobiles":{"0":{"title":"JaJANADESH -Silvassa","price":"1500"}},"Tours and Travel":{"0":{"title":"JaJANADESH -Silvassa","price":"1500"}},"Property-Rental":{"0":{"title":"JaJANADESH -Silvassa","price":"1500"}},"Entertainment":{"0":{"title":"JaJANADESH -Silvassa","price":"1500"}},"Real Estate Selling":{"0":{"title":"JaJANADESH -Silvassa","price":"1500"}},"Beauty & Wellness":{"0":{"title":"JaJANADESH -Silvassa","price":"1500"}},"Call Centre Employees":{"0":{"title":"JaJANADESH -Silvassa","price":"1500"}},"Prajapati":{"0":{"title":"JaJANADESH -Silvassa","price":"1500"}},"Bungalow For Sale":{"0":{"title":"JaJANADESH -Silvassa","price":"1500"}},"For Rent/Lease/To Let":{"0":{"title":"JaJANADESH -Silvassa","price":"1500"}},"Outright Sale":{"0":{"title":"JaJANADESH -Silvassa","price":"1500"}},"Property Others":{"0":{"title":"JaJANADESH -Silvassa","price":"1500"}},"SMS CAMPAIGN":{"0":{"title":"JaJANADESH -Silvassa","price":"1500"}}}