{"Change of Name":{"0":{"title":"The Indian Express + Jansatta - Delhi","price":"1800"},"1":{"title":"The Indian Express + Jansatta - Chandigarh","price":"2475"},"2":{"title":"Jansatta - Delhi","price":"780"}},"Recruitment job":{"0":{"title":"The Indian Express + Jansatta - Delhi","price":"1800"},"1":{"title":"The Indian Express + Jansatta - Chandigarh","price":"2475"},"2":{"title":"Jansatta - Delhi","price":"780"}},"Education":{"0":{"title":"The Indian Express + Jansatta - Delhi","price":"1800"},"1":{"title":"The Indian Express + Jansatta - Chandigarh","price":"2475"},"2":{"title":"Jansatta - Delhi","price":"780"}},"property real estate":{"0":{"title":"The Indian Express + Jansatta - Delhi","price":"1800"},"1":{"title":"The Indian Express + Jansatta - Chandigarh","price":"2475"},"2":{"title":"Jansatta - Delhi","price":"780"}},"Lost and Found":{"0":{"title":"The Indian Express + Jansatta - Delhi","price":"1800"},"1":{"title":"The Indian Express + Jansatta - Chandigarh","price":"2475"},"2":{"title":"Jansatta - Delhi","price":"780"}},"Business":{"0":{"title":"The Indian Express + Jansatta - Delhi","price":"1800"},"1":{"title":"The Indian Express + Jansatta - Chandigarh","price":"2475"},"2":{"title":"Jansatta - Delhi","price":"780"}},"Obituary(Death Announcement)":{"0":{"title":"The Indian Express + Jansatta - Delhi","price":"1800"},"1":{"title":"The Indian Express + Jansatta - Chandigarh","price":"2475"},"2":{"title":"Jansatta - Delhi","price":"780"}},"Remembrance(Unforgettable)":{"0":{"title":"The Indian Express + Jansatta - Delhi","price":"1800"},"1":{"title":"The Indian Express + Jansatta - Chandigarh","price":"2475"},"2":{"title":"Jansatta - Delhi","price":"780"}},"public tender notices":{"0":{"title":"The Indian Express + Jansatta - Delhi","price":"1800"},"1":{"title":"The Indian Express + Jansatta - Chandigarh","price":"2475"},"2":{"title":"Jansatta - Delhi","price":"780"}},"Services":{"0":{"title":"The Indian Express + Jansatta - Delhi","price":"1800"},"1":{"title":"The Indian Express + Jansatta - Chandigarh","price":"2475"},"2":{"title":"Jansatta - Delhi","price":"780"}},"Retail/Shopping":{"0":{"title":"The Indian Express + Jansatta - Delhi","price":"1800"},"1":{"title":"The Indian Express + Jansatta - Chandigarh","price":"2475"},"2":{"title":"Jansatta - Delhi","price":"780"}},"Personal Announcement":{"0":{"title":"The Indian Express + Jansatta - Delhi","price":"1800"},"1":{"title":"The Indian Express + Jansatta - Chandigarh","price":"2475"},"2":{"title":"Jansatta - Delhi","price":"780"}},"Computers and Hardware":{"0":{"title":"The Indian Express + Jansatta - Delhi","price":"1800"},"1":{"title":"The Indian Express + Jansatta - Chandigarh","price":"2475"},"2":{"title":"Jansatta - Delhi","price":"780"}},"Astrology":{"0":{"title":"The Indian Express + Jansatta - Delhi","price":"1800"},"1":{"title":"The Indian Express + Jansatta - Chandigarh","price":"2475"},"2":{"title":"Jansatta - Delhi","price":"780"}},"Vehicles Automobiles":{"0":{"title":"The Indian Express + Jansatta - Delhi","price":"1800"},"1":{"title":"The Indian Express + Jansatta - Chandigarh","price":"2475"},"2":{"title":"Jansatta - Delhi","price":"780"}},"Tours and Travel":{"0":{"title":"The Indian Express + Jansatta - Delhi","price":"1800"},"1":{"title":"The Indian Express + Jansatta - Chandigarh","price":"2475"},"2":{"title":"Jansatta - Delhi","price":"780"}},"Property-Rental":{"0":{"title":"The Indian Express + Jansatta - Delhi","price":"1800"},"1":{"title":"The Indian Express + Jansatta - Chandigarh","price":"2475"},"2":{"title":"Jansatta - Delhi","price":"780"}},"Entertainment":{"0":{"title":"The Indian Express + Jansatta - Delhi","price":"1800"},"1":{"title":"The Indian Express + Jansatta - Chandigarh","price":"2475"},"2":{"title":"Jansatta - Delhi","price":"780"}},"Real Estate Selling":{"0":{"title":"The Indian Express + Jansatta - Delhi","price":"1800"},"1":{"title":"The Indian Express + Jansatta - Chandigarh","price":"2475"},"2":{"title":"Jansatta - Delhi","price":"780"}},"Beauty & Wellness":{"0":{"title":"The Indian Express + Jansatta - Delhi","price":"1800"},"1":{"title":"The Indian Express + Jansatta - Chandigarh","price":"2475"},"2":{"title":"Jansatta - Delhi","price":"780"}},"Call Centre Employees":{"0":{"title":"The Indian Express + Jansatta - Delhi","price":"1800"},"1":{"title":"The Indian Express + Jansatta - Chandigarh","price":"2475"},"2":{"title":"Jansatta - Delhi","price":"780"}},"Prajapati":{"0":{"title":"The Indian Express + Jansatta - Delhi","price":"1800"},"1":{"title":"The Indian Express + Jansatta - Chandigarh","price":"2475"},"2":{"title":"Jansatta - Delhi","price":"780"}},"Bungalow For Sale":{"0":{"title":"The Indian Express + Jansatta - Delhi","price":"1800"},"1":{"title":"The Indian Express + Jansatta - Chandigarh","price":"2475"},"2":{"title":"Jansatta - Delhi","price":"780"}},"For Rent/Lease/To Let":{"0":{"title":"The Indian Express + Jansatta - Delhi","price":"1800"},"1":{"title":"The Indian Express + Jansatta - Chandigarh","price":"2475"},"2":{"title":"Jansatta - Delhi","price":"780"}},"Outright Sale":{"0":{"title":"The Indian Express + Jansatta - Delhi","price":"1800"},"1":{"title":"The Indian Express + Jansatta - Chandigarh","price":"2475"},"2":{"title":"Jansatta - Delhi","price":"780"}},"Property Others":{"0":{"title":"The Indian Express + Jansatta - Delhi","price":"1800"},"1":{"title":"The Indian Express + Jansatta - Chandigarh","price":"2475"},"2":{"title":"Jansatta - Delhi","price":"780"}},"SMS CAMPAIGN":{"0":{"title":"The Indian Express + Jansatta - Delhi","price":"1800"},"1":{"title":"The Indian Express + Jansatta - Chandigarh","price":"2475"},"2":{"title":"Jansatta - Delhi","price":"780"}}}