{"Education":{"0":{"title":"Kannada Prabha - All Edition","price":"3600"}},"property real estate":{"0":{"title":"Kannada Prabha - All Edition","price":"3600"}},"Lost and Found":{"0":{"title":"Kannada Prabha - All Edition","price":"3600"}},"Business":{"0":{"title":"Kannada Prabha - All Edition","price":"3600"}},"Obituary(Death Announcement)":{"0":{"title":"Kannada Prabha - All Edition","price":"3600"}},"Remembrance(Unforgettable)":{"0":{"title":"Kannada Prabha - All Edition","price":"3600"}},"public tender notices":{"0":{"title":"Kannada Prabha - All Edition","price":"3600"}},"Services":{"0":{"title":"Kannada Prabha - All Edition","price":"3600"}},"Retail/Shopping":{"0":{"title":"Kannada Prabha - All Edition","price":"3600"}},"Personal Announcement":{"0":{"title":"Kannada Prabha - All Edition","price":"3600"}},"Computers and Hardware":{"0":{"title":"Kannada Prabha - All Edition","price":"3600"}},"Astrology":{"0":{"title":"Kannada Prabha - All Edition","price":"3600"}},"Vehicles Automobiles":{"0":{"title":"Kannada Prabha - All Edition","price":"3600"}},"Tours and Travel":{"0":{"title":"Kannada Prabha - All Edition","price":"3600"}},"Property-Rental":{"0":{"title":"Kannada Prabha - All Edition","price":"3600"}},"Entertainment":{"0":{"title":"Kannada Prabha - All Edition","price":"3600"}},"Real Estate Selling":{"0":{"title":"Kannada Prabha - All Edition","price":"3600"}},"Beauty & Wellness":{"0":{"title":"Kannada Prabha - All Edition","price":"3600"}},"Call Centre Employees":{"0":{"title":"Kannada Prabha - All Edition","price":"3600"}},"Prajapati":{"0":{"title":"Kannada Prabha - All Edition","price":"3600"}},"Bungalow For Sale":{"0":{"title":"Kannada Prabha - All Edition","price":"3600"}},"For Rent/Lease/To Let":{"0":{"title":"Kannada Prabha - All Edition","price":"3600"}},"Outright Sale":{"0":{"title":"Kannada Prabha - All Edition","price":"3600"}},"Property Others":{"0":{"title":"Kannada Prabha - All Edition","price":"3600"}},"SMS CAMPAIGN":{"0":{"title":"Kannada Prabha - All Edition","price":"3600"}}}