{"Matrimonial":{"0":{"title":"Lokmat - All Editions","price":"40000"}},"Marriage Bureau":{"0":{"title":"Lokmat - All Editions","price":"40000"}},"Change of Name":{"0":{"title":"Lokmat - All Editions","price":"40000"}},"Recruitment job":{"0":{"title":"Lokmat - All Editions","price":"40000"}},"Education":{"0":{"title":"Lokmat - All Editions","price":"40000"}},"property real estate":{"0":{"title":"Lokmat - All Editions","price":"40000"}},"Lost and Found":{"0":{"title":"Lokmat - All Editions","price":"40000"}},"Business":{"0":{"title":"Lokmat - All Editions","price":"40000"}},"Obituary(Death Announcement)":{"0":{"title":"Lokmat - All Editions","price":"40000"}},"Remembrance(Unforgettable)":{"0":{"title":"Lokmat - All Editions","price":"40000"}},"public tender notices":{"0":{"title":"Lokmat - All Editions","price":"40000"}},"Services":{"0":{"title":"Lokmat - All Editions","price":"40000"}},"Retail/Shopping":{"0":{"title":"Lokmat - All Editions","price":"40000"}},"Personal Announcement":{"0":{"title":"Lokmat - All Editions","price":"40000"}},"Computers and Hardware":{"0":{"title":"Lokmat - All Editions","price":"40000"}},"Astrology":{"0":{"title":"Lokmat - All Editions","price":"40000"}},"Vehicles Automobiles":{"0":{"title":"Lokmat - All Editions","price":"40000"}},"Tours and Travel":{"0":{"title":"Lokmat - Ahmadnagar","price":"1170"},"1":{"title":"Lokmat - Akola","price":"1575"},"2":{"title":"Lokmat - Aurangabad","price":"6045"}},"Property-Rental":{"0":{"title":"Lokmat - Ahmadnagar","price":"1170"},"1":{"title":"Lokmat - Akola","price":"1575"},"2":{"title":"Lokmat - Aurangabad","price":"6045"},"3":{"title":"Lokmat - Goa","price":"1320"},"4":{"title":"Lokmat - Jalgaon","price":"3450"},"5":{"title":"Lokmat - Kolhapur","price":"4125"},"6":{"title":"Lokmat - Mumbai","price":"6525"},"7":{"title":"Lokmat - Nagpur","price":"5850"},"8":{"title":"Lokmat - Nashik","price":"3300"},"9":{"title":"Lokmat - Pune","price":"13500"},"10":{"title":"Lokmat - Solapur","price":"1500"}},"Entertainment":{"0":{"title":"Lokmat - Ahmadnagar","price":"1170"},"1":{"title":"Lokmat - Akola","price":"1575"},"2":{"title":"Lokmat - Aurangabad","price":"6045"},"3":{"title":"Lokmat - Goa","price":"1320"},"4":{"title":"Lokmat - Jalgaon","price":"3450"},"5":{"title":"Lokmat - Kolhapur","price":"4125"},"6":{"title":"Lokmat - Mumbai","price":"6525"},"7":{"title":"Lokmat - Nagpur","price":"5850"},"8":{"title":"Lokmat - Nashik","price":"3300"},"9":{"title":"Lokmat - Pune","price":"13500"},"10":{"title":"Lokmat - Solapur","price":"1500"}},"Real Estate Selling":{"0":{"title":"Lokmat - Ahmadnagar","price":"1170"},"1":{"title":"Lokmat - Akola","price":"1575"},"2":{"title":"Lokmat - Aurangabad","price":"6045"},"3":{"title":"Lokmat - Goa","price":"1320"},"4":{"title":"Lokmat - Jalgaon","price":"3450"},"5":{"title":"Lokmat - Kolhapur","price":"4125"},"6":{"title":"Lokmat - Mumbai","price":"6525"},"7":{"title":"Lokmat - Nagpur","price":"5850"},"8":{"title":"Lokmat - Nashik","price":"3300"},"9":{"title":"Lokmat - Pune","price":"13500"},"10":{"title":"Lokmat - Solapur","price":"1500"}},"Beauty & Wellness":{"0":{"title":"Lokmat - Ahmadnagar","price":"1170"},"1":{"title":"Lokmat - Akola","price":"1575"},"2":{"title":"Lokmat - Aurangabad","price":"6045"},"3":{"title":"Lokmat - Goa","price":"1320"},"4":{"title":"Lokmat - Jalgaon","price":"3450"},"5":{"title":"Lokmat - Kolhapur","price":"4125"},"6":{"title":"Lokmat - Mumbai","price":"6525"},"7":{"title":"Lokmat - Nagpur","price":"5850"},"8":{"title":"Lokmat - Nashik","price":"3300"},"9":{"title":"Lokmat - Pune","price":"13500"},"10":{"title":"Lokmat - Solapur","price":"1500"}},"Call Centre Employees":{"0":{"title":"Lokmat - Ahmadnagar","price":"1170"},"1":{"title":"Lokmat - Akola","price":"1575"},"2":{"title":"Lokmat - Aurangabad","price":"6045"},"3":{"title":"Lokmat - Goa","price":"1320"},"4":{"title":"Lokmat - Jalgaon","price":"3450"},"5":{"title":"Lokmat - Kolhapur","price":"4125"},"6":{"title":"Lokmat - Mumbai","price":"6525"},"7":{"title":"Lokmat - Nagpur","price":"5850"},"8":{"title":"Lokmat - Nashik","price":"3300"},"9":{"title":"Lokmat - Pune","price":"13500"},"10":{"title":"Lokmat - Solapur","price":"1500"}},"Prajapati":{"0":{"title":"Lokmat - Ahmadnagar","price":"1170"},"1":{"title":"Lokmat - Akola","price":"1575"},"2":{"title":"Lokmat - Aurangabad","price":"6045"},"3":{"title":"Lokmat - Goa","price":"1320"},"4":{"title":"Lokmat - Jalgaon","price":"3450"},"5":{"title":"Lokmat - Kolhapur","price":"4125"},"6":{"title":"Lokmat - Mumbai","price":"6525"},"7":{"title":"Lokmat - Nagpur","price":"5850"},"8":{"title":"Lokmat - Nashik","price":"3300"},"9":{"title":"Lokmat - Pune","price":"13500"},"10":{"title":"Lokmat - Solapur","price":"1500"}},"Bungalow For Sale":{"0":{"title":"Lokmat - Ahmadnagar","price":"1170"},"1":{"title":"Lokmat - Akola","price":"1575"},"2":{"title":"Lokmat - Aurangabad","price":"6045"},"3":{"title":"Lokmat - Goa","price":"1320"},"4":{"title":"Lokmat - Jalgaon","price":"3450"},"5":{"title":"Lokmat - Kolhapur","price":"4125"},"6":{"title":"Lokmat - Mumbai","price":"6525"},"7":{"title":"Lokmat - Nagpur","price":"5850"},"8":{"title":"Lokmat - Nashik","price":"3300"},"9":{"title":"Lokmat - Pune","price":"13500"},"10":{"title":"Lokmat - Solapur","price":"1500"}},"For Rent/Lease/To Let":{"0":{"title":"Lokmat - Ahmadnagar","price":"1170"},"1":{"title":"Lokmat - Akola","price":"1575"},"2":{"title":"Lokmat - Aurangabad","price":"6045"},"3":{"title":"Lokmat - Goa","price":"1320"},"4":{"title":"Lokmat - Jalgaon","price":"3225"},"5":{"title":"Lokmat - Kolhapur","price":"4125"},"6":{"title":"Lokmat - Mumbai","price":"5925"},"7":{"title":"Lokmat - Nagpur","price":"5325"},"8":{"title":"Lokmat - Nashik","price":"3000"},"9":{"title":"Lokmat - Pune","price":"10125"},"10":{"title":"Lokmat - Solapur","price":"1845"}},"Outright Sale":{"0":{"title":"Lokmat - Ahmadnagar","price":"1095"},"1":{"title":"Lokmat - Akola","price":"1470"},"2":{"title":"Lokmat - Aurangabad","price":"5475"},"3":{"title":"Lokmat - Goa","price":"1320"},"4":{"title":"Lokmat - Jalgaon","price":"3225"},"5":{"title":"Lokmat - Kolhapur","price":"4125"},"6":{"title":"Lokmat - Mumbai","price":"5925"},"7":{"title":"Lokmat - Nagpur","price":"5325"},"8":{"title":"Lokmat - Nashik","price":"3000"},"9":{"title":"Lokmat - Pune","price":"10125"},"10":{"title":"Lokmat - Solapur","price":"1845"}}}