{"Matrimonial":{"0":{"title":"Loksatta - All Editions","price":"6375"}},"Marriage Bureau":{"0":{"title":"Loksatta - All Editions","price":"6375"}},"Change of Name":{"0":{"title":"Loksatta - All Editions","price":"6375"}},"Recruitment job":{"0":{"title":"Loksatta - All Editions","price":"6375"}},"Education":{"0":{"title":"Loksatta - All Editions","price":"6375"}},"property real estate":{"0":{"title":"Loksatta - All Editions","price":"6375"}},"Lost and Found":{"0":{"title":"Loksatta - All Editions","price":"6375"}},"Business":{"0":{"title":"Loksatta - All Editions","price":"6375"}},"Obituary(Death Announcement)":{"0":{"title":"Loksatta - All Editions","price":"6375"}},"Remembrance(Unforgettable)":{"0":{"title":"Loksatta - All Editions","price":"6375"}},"public tender notices":{"0":{"title":"Loksatta - All Editions","price":"6375"}},"Services":{"0":{"title":"Loksatta - All Editions","price":"6375"}},"Retail/Shopping":{"0":{"title":"Loksatta - All Editions","price":"6375"}},"Personal Announcement":{"0":{"title":"Loksatta - All Editions","price":"6375"}},"Computers and Hardware":{"0":{"title":"Loksatta - All Editions","price":"6375"}},"Astrology":{"0":{"title":"Loksatta - All Editions","price":"6375"}},"Vehicles Automobiles":{"0":{"title":"Loksatta - All Editions","price":"6375"}},"Tours and Travel":{"0":{"title":"Loksatta - All Editions","price":"6375"}},"Property-Rental":{"0":{"title":"Loksatta - All Editions","price":"6375"}},"Entertainment":{"0":{"title":"Loksatta - All Editions","price":"6375"}},"Real Estate Selling":{"0":{"title":"Loksatta - All Editions","price":"6375"}},"Beauty & Wellness":{"0":{"title":"Loksatta - All Editions","price":"6375"}},"Call Centre Employees":{"0":{"title":"Loksatta - All Editions","price":"6375"}},"Prajapati":{"0":{"title":"Loksatta - All Editions","price":"6375"}},"Bungalow For Sale":{"0":{"title":"Loksatta - All Editions","price":"6375"}},"For Rent/Lease/To Let":{"0":{"title":"Loksatta - All Editions","price":"6375"}},"Outright Sale":{"0":{"title":"Loksatta - All Editions","price":"6375"}},"Property Others":{"0":{"title":"Loksatta - All Editions","price":"6375"}},"SMS CAMPAIGN":{"0":{"title":"Loksatta - All Editions","price":"6375"}}}