{"Matrimonial":{"0":{"title":"Sahayadri package :\nMaharashtra Times - All Maharashtra","price":"5595"},"1":{"title":"Milap package :\nThe Times of India - Maharashtra Times (Pune, Mumbai)","price":"11580"},"2":{"title":"Sanjog package :\nThe Times of India - Pune, Mumbai + Maharashtra Times - Maharashtra","price":"13080"},"3":{"title":"Jodi Package:\nTOI + NBT (Mumbai, Delhi NCR) + Maharashtra Times - Mumbai","price":"15390"}},"Marriage Bureau":{"0":{"title":"Sahayadri package :\nMaharashtra Times - All Maharashtra","price":"5595"},"1":{"title":"Milap package :\nThe Times of India - Maharashtra Times (Pune, Mumbai)","price":"11580"},"2":{"title":"Sanjog package :\nThe Times of India - Pune, Mumbai + Maharashtra Times - Maharashtra","price":"13080"},"3":{"title":"Jodi Package:\nTOI + NBT (Mumbai, Delhi NCR) + Maharashtra Times - Mumbai","price":"15390"}},"Change of Name":{"0":{"title":"Sahayadri package :\nMaharashtra Times - All Maharashtra","price":"5595"},"1":{"title":"Milap package :\nThe Times of India - Maharashtra Times (Pune, Mumbai)","price":"11580"},"2":{"title":"Sanjog package :\nThe Times of India - Pune, Mumbai + Maharashtra Times - Maharashtra","price":"13080"},"3":{"title":"Jodi Package:\nTOI + NBT (Mumbai, Delhi NCR) + Maharashtra Times - Mumbai","price":"15390"}},"Recruitment job":{"0":{"title":"Sahayadri package :\nMaharashtra Times - All Maharashtra","price":"5595"},"1":{"title":"Milap package :\nThe Times of India - Maharashtra Times (Pune, Mumbai)","price":"11580"},"2":{"title":"Sanjog package :\nThe Times of India - Pune, Mumbai + Maharashtra Times - Maharashtra","price":"13080"},"3":{"title":"Jodi Package:\nTOI + NBT (Mumbai, Delhi NCR) + Maharashtra Times - Mumbai","price":"15390"}},"Education":{"0":{"title":"Sahayadri package :\nMaharashtra Times - All Maharashtra","price":"5595"},"1":{"title":"Milap package :\nThe Times of India - Maharashtra Times (Pune, Mumbai)","price":"11580"},"2":{"title":"Sanjog package :\nThe Times of India - Pune, Mumbai + Maharashtra Times - Maharashtra","price":"13080"},"3":{"title":"Jodi Package:\nTOI + NBT (Mumbai, Delhi NCR) + Maharashtra Times - Mumbai","price":"15390"}},"property real estate":{"0":{"title":"Sahayadri package :\nMaharashtra Times - All Maharashtra","price":"5595"},"1":{"title":"Milap package :\nThe Times of India - Maharashtra Times (Pune, Mumbai)","price":"11580"},"2":{"title":"Sanjog package :\nThe Times of India - Pune, Mumbai + Maharashtra Times - Maharashtra","price":"13080"},"3":{"title":"Jodi Package:\nTOI + NBT (Mumbai, Delhi NCR) + Maharashtra Times - Mumbai","price":"15390"}},"Lost and Found":{"0":{"title":"Sahayadri package :\nMaharashtra Times - All Maharashtra","price":"5595"},"1":{"title":"Milap package : The Times of India - Maharashtra Times (Pune, Mumbai)\n","price":"11580"},"2":{"title":"Sanjog package :\nThe Times of India - Pune, Mumbai + Maharashtra Times - Maharashtra","price":"13080"},"3":{"title":"Jodi Package:\nTOI + NBT (Mumbai, Delhi NCR) + Maharashtra Times - Mumbai","price":"15390"}},"Business":{"0":{"title":"Maharashtra Times - Ahmednagar","price":"450"},"1":{"title":"Maharashtra Times - Aurangabad","price":"900"},"2":{"title":"The Times of India - Nagpur + Maharashtra Times - Nagpur","price":"1125"},"3":{"title":"Times Of India Nashik Split - Pune Upcountry + Maharashtra Times - Nashik","price":"1050"},"4":{"title":"The Times of India + Maharashtra Times - Aurangabad","price":"600"},"5":{"title":"Mirror + Maharashtra Times + Navbharat Times - Mumbai","price":"10500"},"6":{"title":"Times of India(Sunday + weekday) + Maharashtra Times + The Economic Times - Pune","price":"5250"}},"Remembrance(Unforgettable)":{"0":{"title":"The Times of India + Maharashtra Times - Kolhapur","price":"1185"},"1":{"title":"The Times of India (Sun & Weekday) + The Economics Times + Mirror + Navbharat Times + Maharashtra Times - Mumbai","price":"21000"},"2":{"title":"Times Of India Nashik Split - Pune Upcountry + Maharashtra Times - Nashik","price":"1050"},"3":{"title":"The Times of India + Maharashtra Times - Aurangabad","price":"600"},"4":{"title":"Mirror + Maharashtra Times + Navbharat Times - Mumbai","price":"9000"},"5":{"title":"Times of India(Sunday + weekday) + Maharashtra Times + The Economic Times - Pune","price":"5250"},"6":{"title":"Times of India + Maharashtra Times + The Economic Times - Pune","price":"4500"},"7":{"title":"Maharashtra Times - Ahmednagar","price":"330"},"8":{"title":"Maharashtra Times - Aurangabad","price":"480"},"9":{"title":"Maharashtra Times - Jalgaon","price":"450"},"10":{"title":"Maharashtra Times - Kolhapur","price":"795"},"11":{"title":"Maharashtra Times - Mumbai","price":"3750"},"12":{"title":"Maharashtra Times - Nagpur","price":"525"},"13":{"title":"Maharashtra Times - Nashik","price":"750"},"14":{"title":"Maharashtra Times - Pune","price":"2070"}},"Services":{"0":{"title":"The Times of India + Maharashtra Times - Kolhapur","price":"1200"},"1":{"title":"Times of India + Maharashtra Times - Mumbai Edition","price":"6300"},"2":{"title":"The Economic Times + Maharashtra Times - Mumbai","price":"4500"},"3":{"title":"Maharashtra Times - Ahmednagar","price":"330"},"4":{"title":"Maharashtra Times - Aurangabad","price":"480"},"5":{"title":"Maharashtra Times - Jalgaon","price":"450"},"6":{"title":"Maharashtra Times - Kolhapur","price":"795"},"7":{"title":"Maharashtra Times - Mumbai","price":"2550"},"8":{"title":"Maharashtra Times - Nagpur","price":"675"},"9":{"title":"Maharashtra Times - Nashik","price":"660"},"10":{"title":"Maharashtra Times - Pune","price":"2070"}},"Retail/Shopping":{"0":{"title":"The Times of India + Maharashtra Times - Kolhapur","price":"1200"},"1":{"title":"Times of India + Maharashtra Times - Mumbai Edition","price":"6300"},"2":{"title":"The Economic Times + Maharashtra Times - Mumbai","price":"4500"},"3":{"title":"Maharashtra Times - Ahmednagar","price":"330"},"4":{"title":"Maharashtra Times - Aurangabad","price":"480"},"5":{"title":"Maharashtra Times - Jalgaon","price":"450"},"6":{"title":"Maharashtra Times - Kolhapur","price":"795"},"7":{"title":"Maharashtra Times - Mumbai","price":"2550"},"8":{"title":"Maharashtra Times - Nagpur","price":"675"},"9":{"title":"Maharashtra Times - Nashik","price":"660"},"10":{"title":"Maharashtra Times - Pune","price":"2070"}},"Personal Announcement":{"0":{"title":"The Times of India + Maharashtra Times - Kolhapur","price":"1200"},"1":{"title":"Times of India + Maharashtra Times - Mumbai Edition","price":"6300"},"2":{"title":"The Economic Times + Maharashtra Times - Mumbai","price":"4500"},"3":{"title":"Maharashtra Times - Ahmednagar","price":"330"},"4":{"title":"Maharashtra Times - Aurangabad","price":"480"},"5":{"title":"Maharashtra Times - Jalgaon","price":"450"},"6":{"title":"Maharashtra Times - Kolhapur","price":"795"},"7":{"title":"Maharashtra Times - Mumbai","price":"2550"},"8":{"title":"Maharashtra Times - Nagpur","price":"675"},"9":{"title":"Maharashtra Times - Nashik","price":"660"},"10":{"title":"Maharashtra Times - Pune","price":"450"}},"Astrology":{"0":{"title":"The Times of India + Maharashtra Times - Kolhapur","price":"1185"},"1":{"title":"The Times of India (Sun & Weekday) + The Economics Times + Mirror + Navbharat Times + Maharashtra Times - Mumbai","price":"21000"},"2":{"title":"Times Of India Nashik Split - Pune Upcountry + Maharashtra Times - Nashik","price":"1050"},"3":{"title":"The Times of India + Maharashtra Times - Aurangabad","price":"600"},"4":{"title":"Mirror + Maharashtra Times + Navbharat Times - Mumbai","price":"9000"},"5":{"title":"Times of India(Sunday + weekday) + Maharashtra Times + The Economic Times - Pune","price":"5250"},"6":{"title":"Times of India + Maharashtra Times + The Economic Times - Pune","price":"4500"},"7":{"title":"Maharashtra Times - Ahmednagar","price":"330"},"8":{"title":"Maharashtra Times - Aurangabad","price":"480"},"9":{"title":"Maharashtra Times - Jalgaon","price":"450"},"10":{"title":"Maharashtra Times - Kolhapur","price":"795"},"11":{"title":"Maharashtra Times - Mumbai","price":"3750"},"12":{"title":"Maharashtra Times - Nagpur","price":"525"},"13":{"title":"Maharashtra Times - Nashik","price":"750"},"14":{"title":"Maharashtra Times - Pune","price":"2070"}},"Vehicles Automobiles":{"0":{"title":"The Times of India + Maharashtra Times - Kolhapur","price":"1185"},"1":{"title":"The Times of India (Sun & Weekday) + The Economics Times + Mirror + Navbharat Times + Maharashtra Times - Mumbai","price":"21000"},"2":{"title":"Times Of India Nashik Split - Pune Upcountry + Maharashtra Times - Nashik","price":"1050"},"3":{"title":"The Times of India + Maharashtra Times - Aurangabad","price":"600"},"4":{"title":"Mirror + Maharashtra Times + Navbharat Times - Mumbai","price":"9000"},"5":{"title":"Times of India(Sunday + weekday) + Maharashtra Times + The Economic Times - Pune","price":"5250"},"6":{"title":"Times of India + Maharashtra Times + The Economic Times - Pune","price":"4500"},"7":{"title":"Maharashtra Times - Ahmednagar","price":"330"},"8":{"title":"Maharashtra Times - Aurangabad","price":"480"},"9":{"title":"Maharashtra Times - Jalgaon","price":"450"},"10":{"title":"Maharashtra Times - Kolhapur","price":"795"},"11":{"title":"Maharashtra Times - Mumbai","price":"3750"},"12":{"title":"Maharashtra Times - Nagpur","price":"525"},"13":{"title":"Maharashtra Times - Nashik","price":"750"},"14":{"title":"Maharashtra Times - Pune","price":"2070"}},"Tours and Travel":{"0":{"title":"The Times of India + Maharashtra Times - Kolhapur","price":"1185"},"1":{"title":"The Times of India (Sun & Weekday) + The Economics Times + Mirror + Navbharat Times + Maharashtra Times - Mumbai","price":"21000"},"2":{"title":"The Times of India - Nagpur + Maharashtra Times - Nagpur","price":"1125"},"3":{"title":"Times Of India Nashik Split - Pune Upcountry + Maharashtra Times - Nashik","price":"1050"},"4":{"title":"The Times of India + Maharashtra Times - Aurangabad","price":"600"},"5":{"title":"Mirror + Maharashtra Times + Navbharat Times - Mumbai","price":"9000"},"6":{"title":"Times of India(Sunday + weekday) + Maharashtra Times + The Economic Times - Pune","price":"5250"},"7":{"title":"Times of India + Maharashtra Times + The Economic Times - Pune","price":"4500"},"8":{"title":"Maharashtra Times - Ahmednagar","price":"330"},"9":{"title":"Maharashtra Times - Aurangabad","price":"480"},"10":{"title":"Maharashtra Times - Jalgaon","price":"450"},"11":{"title":"Maharashtra Times - Kolhapur","price":"795"},"12":{"title":"Maharashtra Times - Mumbai","price":"3750"},"13":{"title":"Maharashtra Times - Nagpur","price":"750"},"14":{"title":"Maharashtra Times - Pune","price":"2070"},"15":{"title":"Maharashtra Times - Pune","price":"2070"}}}