{"Matrimonial":{"0":{"title":"Malayala Manorama - All India\n(Kerala, Delhi, Karnataka, Tamilnadu & Mumbai)","price":"57000"},"1":{"title":"Malayala Manorama - All Kerala","price":"53200"},"2":{"title":"Malayala Manorama - All Editions(India + Overseas)","price":"61750"},"3":{"title":"Malayala Manorama- All Kerala + Overseas Editions","price":"58900"}},"Marriage Bureau":{"0":{"title":"Malayala Manorama - All India\n(Kerala, Delhi, Karnataka, Tamilnadu & Mumbai)","price":"57000"},"1":{"title":"Malayala Manorama - All Kerala","price":"53200"},"2":{"title":"Malayala Manorama - All Editions(India + Overseas)","price":"61750"},"3":{"title":"Malayala Manorama- All Kerala + Overseas Editions","price":"58900"}},"Change of Name":{"0":{"title":"Malayala Manorama - All India\n(Kerala, Delhi, Karnataka, Tamilnadu & Mumbai)","price":"57000"},"1":{"title":"Malayala Manorama - All Kerala","price":"53200"},"2":{"title":"Malayala Manorama - All Editions(India + Overseas)","price":"61750"},"3":{"title":"Malayala Manorama- All Kerala + Overseas Editions","price":"58900"}},"Recruitment job":{"0":{"title":"Malayala Manorama - All India\n(Kerala, Delhi, Karnataka, Tamilnadu & Mumbai)","price":"57000"},"1":{"title":"Malayala Manorama - All Kerala","price":"53200"},"2":{"title":"Malayala Manorama - All Editions(India + Overseas)","price":"61750"},"3":{"title":"Malayala Manorama- All Kerala + Overseas Editions","price":"58900"}},"Education":{"0":{"title":"Malayala Manorama - All India\n(Kerala, Delhi, Karnataka, Tamilnadu & Mumbai)","price":"57000"},"1":{"title":"Malayala Manorama - All Kerala","price":"53200"},"2":{"title":"Malayala Manorama - All Editions(India + Overseas)","price":"61750"},"3":{"title":"Malayala Manorama- All Kerala + Overseas Editions","price":"58900"}},"property real estate":{"0":{"title":"Malayala Manorama - All India\n(Kerala, Delhi, Karnataka, Tamilnadu & Mumbai)","price":"57000"},"1":{"title":"Malayala Manorama - All Kerala","price":"53200"},"2":{"title":"Malayala Manorama - All Editions(India + Overseas)","price":"61750"},"3":{"title":"Malayala Manorama- All Kerala + Overseas Editions","price":"58900"}},"Lost and Found":{"0":{"title":"Malayala Manorama - All India\n(Kerala, Delhi, Karnataka, Tamilnadu & Mumbai)","price":"57000"},"1":{"title":"Malayala Manorama - All Kerala","price":"53200"},"2":{"title":"Malayala Manorama - All Editions(India + Overseas)","price":"61750"},"3":{"title":"Malayala Manorama- All Kerala + Overseas Editions","price":"58900"}},"Business":{"0":{"title":"Malayala Manorama - All India\n(Kerala, Delhi, Karnataka, Tamilnadu & Mumbai)","price":"57000"},"1":{"title":"Malayala Manorama - All Kerala","price":"53200"},"2":{"title":"Malayala Manorama - All Editions(India + Overseas)","price":"61750"},"3":{"title":"Malayala Manorama- All Kerala + Overseas Editions","price":"58900"}},"Obituary(Death Announcement)":{"0":{"title":"Malayala Manorama - All India\n(Kerala, Delhi, Karnataka, Tamilnadu & Mumbai)","price":"57000"},"1":{"title":"Malayala Manorama - All Kerala","price":"53200"},"2":{"title":"Malayala Manorama - All Editions(India + Overseas)","price":"61750"},"3":{"title":"Malayala Manorama- All Kerala + Overseas Editions","price":"58900"}},"Remembrance(Unforgettable)":{"0":{"title":"Malayala Manorama - All India\n(Kerala, Delhi, Karnataka, Tamilnadu & Mumbai)","price":"57000"},"1":{"title":"Malayala Manorama - All Kerala","price":"53200"},"2":{"title":"Malayala Manorama - All Editions(India + Overseas)","price":"61750"},"3":{"title":"Malayala Manorama- All Kerala + Overseas Editions","price":"58900"}},"public tender notices":{"0":{"title":"Malayala Manorama - All India\n(Kerala, Delhi, Karnataka, Tamilnadu & Mumbai)","price":"57000"},"1":{"title":"Malayala Manorama - All Kerala","price":"53200"},"2":{"title":"Malayala Manorama - All Editions(India + Overseas)","price":"61750"},"3":{"title":"Malayala Manorama- All Kerala + Overseas Editions","price":"58900"}},"Services":{"0":{"title":"Malayala Manorama - All India\n(Kerala, Delhi, Karnataka, Tamilnadu & Mumbai)","price":"57000"},"1":{"title":"Malayala Manorama - All Kerala","price":"53200"},"2":{"title":"Malayala Manorama - Chennai","price":"1140"},"3":{"title":"Malayala Manorama - Delhi","price":"1330"}},"Retail/Shopping":{"0":{"title":"Malayala Manorama - Alappuzha","price":"4655"},"1":{"title":"Malayala Manorama - Bangalore","price":"1520"},"2":{"title":"Malayala Manorama - Chennai","price":"1140"},"3":{"title":"Malayala Manorama - Delhi","price":"1330"},"4":{"title":"Malayala Manorama - Kannur","price":"4560"},"5":{"title":"Malayala Manorama - Kochi","price":"11020"},"6":{"title":"Malayala Manorama - Kollam","price":"4940"},"7":{"title":"Malayala Manorama - Kottayam","price":"7505"},"8":{"title":"Malayala Manorama - Kozhikode","price":"5320"},"9":{"title":"Malayala Manorama - Malappuram","price":"4560"},"10":{"title":"Malayala Manorama - Mumbai","price":"1425"},"11":{"title":"Malayala Manorama - Palakkad","price":"4560"},"12":{"title":"Malayala Manorama - Pathanamthitta","price":"5035"},"13":{"title":"Malayala Manorama - Thrissur","price":"5700"},"14":{"title":"Malayala Manorama - Trivandrum","price":"7505"}},"Personal Announcement":{"0":{"title":"Malayala Manorama - Alappuzha","price":"4655"},"1":{"title":"Malayala Manorama - Bangalore","price":"1520"},"2":{"title":"Malayala Manorama - Chennai","price":"1140"},"3":{"title":"Malayala Manorama - Delhi","price":"1330"},"4":{"title":"Malayala Manorama - Kannur","price":"4560"},"5":{"title":"Malayala Manorama - Kochi","price":"11020"},"6":{"title":"Malayala Manorama - Kollam","price":"4940"},"7":{"title":"Malayala Manorama - Kottayam","price":"7505"},"8":{"title":"Malayala Manorama - Kozhikode","price":"5320"},"9":{"title":"Malayala Manorama - Malappuram","price":"4560"},"10":{"title":"Malayala Manorama - Mumbai","price":"1425"},"11":{"title":"Malayala Manorama - Palakkad","price":"4560"},"12":{"title":"Malayala Manorama - Pathanamthitta","price":"5035"},"13":{"title":"Malayala Manorama - Thrissur","price":"5700"},"14":{"title":"Malayala Manorama - Trivandrum","price":"7505"}},"Computers and Hardware":{"0":{"title":"Malayala Manorama - All India\n(Kerala, Delhi, Karnataka, Tamilnadu & Mumbai)","price":"57000"},"1":{"title":"Malayala Manorama - All Kerala","price":"53200"},"2":{"title":"Malayala Manorama - ( Mumbai + Bangalore + Chennai + Delhi)","price":"1140"},"3":{"title":"Malayala Manorama - Delhi","price":"1330"}},"Astrology":{"0":{"title":"Malayala Manorama - Alappuzha","price":"4655"},"1":{"title":"Malayala Manorama - Bangalore","price":"1520"},"2":{"title":"Malayala Manorama - Chennai","price":"1140"},"3":{"title":"Malayala Manorama - Delhi","price":"912"},"4":{"title":"Malayala Manorama - Kannur","price":"4940"},"5":{"title":"Malayala Manorama - Kochi","price":"11970"},"6":{"title":"Malayala Manorama - Kollam","price":"3990"},"7":{"title":"Malayala Manorama - Kottayam","price":"6080"},"8":{"title":"Malayala Manorama - Kozhikode","price":"4275"},"9":{"title":"Malayala Manorama - Malappuram","price":"3705"},"10":{"title":"Malayala Manorama - Mumbai","price":"1140"},"11":{"title":"Malayala Manorama - Palakkad","price":"3705"},"12":{"title":"Malayala Manorama - Pathanamthitta","price":"4085"},"13":{"title":"Malayala Manorama - Thrissur","price":"4655"},"14":{"title":"Malayala Manorama - Trivandrum","price":"6080"}},"Vehicles Automobiles":{"0":{"title":"Malayala Manorama - Alappuzha","price":"3800"},"1":{"title":"Malayala Manorama - Bangalore","price":"1235"},"2":{"title":"Malayala Manorama - Chennai","price":"950"},"3":{"title":"Malayala Manorama - Delhi","price":"1045"},"4":{"title":"Malayala Manorama - Kannur","price":"3705"},"5":{"title":"Malayala Manorama - Kochi","price":"8930"},"6":{"title":"Malayala Manorama - Kollam","price":"3990"},"7":{"title":"Malayala Manorama - Kottayam","price":"6080"},"8":{"title":"Malayala Manorama - Kozhikode","price":"4275"},"9":{"title":"Malayala Manorama - Malappuram","price":"3705"},"10":{"title":"Malayala Manorama - Mumbai","price":"1140"},"11":{"title":"Malayala Manorama - Palakkad","price":"3705"},"12":{"title":"Malayala Manorama - Pathanamthitta","price":"4085"},"13":{"title":"Malayala Manorama - Thrissur","price":"4655"},"14":{"title":"Malayala Manorama - Trivandrum","price":"6080"}}}