{"Matrimonial":{"0":{"title":"Mathrubhumi - All Kerala Editions","price":"31000"},"1":{"title":"Mathrubhumi - All Editions","price":"33000"},"2":{"title":"Mathrubhumi - ALL KERALA + MUMBAI","price":"32000"},"3":{"title":"Mathrubhumi - ALL KERALA + Bangalore","price":"32000"},"4":{"title":"Mathrubhumi - ALL KERALA + DELHI","price":"32000"}},"Marriage Bureau":{"0":{"title":"Mathrubhumi - All Kerala Editions","price":"31000"},"1":{"title":"Mathrubhumi - All Editions","price":"33000"},"2":{"title":"Mathrubhumi - ALL KERALA + MUMBAI","price":"32000"},"3":{"title":"Mathrubhumi - ALL KERALA + Bangalore","price":"32000"},"4":{"title":"Mathrubhumi - ALL KERALA + DELHI","price":"32000"}},"Change of Name":{"0":{"title":"Mathrubhumi - All Kerala Editions","price":"31000"},"1":{"title":"Mathrubhumi - All Editions","price":"33000"},"2":{"title":"Mathrubhumi - ALL KERALA + MUMBAI","price":"32000"},"3":{"title":"Mathrubhumi - ALL KERALA + Bangalore","price":"32000"},"4":{"title":"Mathrubhumi - ALL KERALA + DELHI","price":"32000"}},"Recruitment job":{"0":{"title":"Mathrubhumi - All Kerala Editions","price":"31000"},"1":{"title":"Mathrubhumi - All Editions","price":"33000"},"2":{"title":"Mathrubhumi - ALL KERALA + MUMBAI","price":"32000"},"3":{"title":"Mathrubhumi - ALL KERALA + Bangalore","price":"32000"},"4":{"title":"Mathrubhumi - ALL KERALA + DELHI","price":"32000"}},"Education":{"0":{"title":"Mathrubhumi - All Kerala Editions","price":"31000"},"1":{"title":"Mathrubhumi - All Editions","price":"33000"},"2":{"title":"Mathrubhumi - ALL KERALA + MUMBAI","price":"32000"},"3":{"title":"Mathrubhumi - ALL KERALA + Bangalore","price":"32000"},"4":{"title":"Mathrubhumi - ALL KERALA + DELHI","price":"32000"}},"property real estate":{"0":{"title":"Mathrubhumi - All Kerala Editions","price":"31000"},"1":{"title":"Mathrubhumi - All Editions","price":"33000"},"2":{"title":"Mathrubhumi - ALL KERALA + MUMBAI","price":"32000"},"3":{"title":"Mathrubhumi - ALL KERALA + Bangalore","price":"32000"},"4":{"title":"Mathrubhumi - ALL KERALA + DELHI","price":"32000"}},"Lost and Found":{"0":{"title":"Mathrubhumi - All Kerala Editions","price":"33000"},"1":{"title":" Mathrubhumi - All Editions","price":"35000"},"2":{"title":"Mathrubhumi-Bengaluru","price":"1500"},"3":{"title":"Mathrubhumi-Chennai","price":"1200"},"4":{"title":"Mathrubhumi-Delhi","price":"1300"}},"Business":{"0":{"title":"Mathrubhumi - Thrissur","price":"5400"},"1":{"title":"Mathrubhumi-Alappuzha","price":"4400"},"2":{"title":"Mathrubhumi-Bengaluru","price":"1500"},"3":{"title":"Mathrubhumi-Chennai","price":"1200"},"4":{"title":"Mathrubhumi-Delhi","price":"1300"},"5":{"title":"Mathrubhumi-Kannur","price":"4800"},"6":{"title":"Mathrubhumi-Kochi","price":"6600"},"7":{"title":"Mathrubhumi-Kollam","price":"4200"},"8":{"title":"Mathrubhumi-Kottayam","price":"5300"},"9":{"title":"Mathrubhumi-Kozhikode","price":"5000"},"10":{"title":"Mathrubhumi-Malappuram","price":"3500"},"11":{"title":"Mathrubhumi-Mumbai","price":"1500"},"12":{"title":"Mathrubhumi-Palakkad","price":"4800"},"13":{"title":"Mathrubhumi-Trivandrum","price":"5800"}},"Obituary(Death Announcement)":{"0":{"title":"Mathrubhumi - Thrissur","price":"5400"},"1":{"title":"Mathrubhumi-Alappuzha","price":"4400"},"2":{"title":"Mathrubhumi-Bengaluru","price":"1500"},"3":{"title":"Mathrubhumi-Chennai","price":"1200"},"4":{"title":"Mathrubhumi-Delhi","price":"1300"},"5":{"title":"Mathrubhumi-Kannur","price":"4800"},"6":{"title":"Mathrubhumi-Kochi","price":"6600"},"7":{"title":"Mathrubhumi-Kollam","price":"4200"},"8":{"title":"Mathrubhumi-Kottayam","price":"5300"},"9":{"title":"Mathrubhumi-Kozhikode","price":"5000"},"10":{"title":"Mathrubhumi-Malappuram","price":"3500"},"11":{"title":"Mathrubhumi-Mumbai","price":"6800"},"12":{"title":"Mathrubhumi-Kollam","price":"4400"},"13":{"title":"Mathrubhumi-Kottayam","price":"5500"}},"Remembrance(Unforgettable)":{"0":{"title":"Mathrubhumi - All Kerala Editions","price":"33000"},"1":{"title":"Mathrubhumi - All Editions","price":"35000"},"2":{"title":"Mathrubhumi - ALL KERALA + MUMBAI","price":"34000"},"3":{"title":"Mathrubhumi - ALL KERALA + Bangalore","price":"34000"},"4":{"title":"Mathrubhumi - ALL KERALA + DELHI","price":"34000"},"5":{"title":"Mathrubhumi - Thrissur","price":"5400"},"6":{"title":"Mathrubhumi-Alappuzha","price":"4600"},"7":{"title":"Mathrubhumi-Bengaluru","price":"1700"},"8":{"title":"Mathrubhumi-Chennai","price":"1400"},"9":{"title":"Mathrubhumi-Delhi","price":"1500"},"10":{"title":"Mathrubhumi-Kannur","price":"5000"},"11":{"title":"Mathrubhumi-Kochi","price":"6800"},"12":{"title":"Mathrubhumi-Kollam","price":"4400"},"13":{"title":"Mathrubhumi-Kottayam","price":"5500"},"14":{"title":"Mathrubhumi-Kozhikode","price":"5200"},"15":{"title":"Mathrubhumi-Malappuram","price":"3700"},"16":{"title":"Mathrubhumi-Mumbai","price":"1700"},"17":{"title":"Mathrubhumi-Palakkad","price":"5000"},"18":{"title":"Mathrubhumi-Trivandrum","price":"6000"}},"public tender notices":{"0":{"title":"Mathrubhumi - All Kerala Editions","price":"33000"},"1":{"title":"Mathrubhumi - All Editions","price":"35000"},"2":{"title":"Mathrubhumi - ALL KERALA + MUMBAI","price":"34000"},"3":{"title":"Mathrubhumi - ALL KERALA + Bangalore","price":"34000"},"4":{"title":"Mathrubhumi - ALL KERALA + DELHI","price":"34000"},"5":{"title":"Mathrubhumi - Thrissur","price":"5400"},"6":{"title":"Mathrubhumi-Alappuzha","price":"4600"},"7":{"title":"Mathrubhumi-Bengaluru","price":"1700"},"8":{"title":"Mathrubhumi-Chennai","price":"1400"},"9":{"title":"Mathrubhumi-Delhi","price":"1500"},"10":{"title":"Mathrubhumi-Kannur","price":"5000"},"11":{"title":"Mathrubhumi-Kochi","price":"6800"},"12":{"title":"Mathrubhumi-Kollam","price":"4400"},"13":{"title":"Mathrubhumi-Kottayam","price":"5500"},"14":{"title":"Mathrubhumi-Kozhikode","price":"5200"},"15":{"title":"Mathrubhumi-Malappuram","price":"3700"},"16":{"title":"Mathrubhumi-Mumbai","price":"1700"},"17":{"title":"Mathrubhumi-Palakkad","price":"5000"},"18":{"title":"Mathrubhumi-Trivandrum","price":"6000"}},"Services":{"0":{"title":"Mathrubhumi - All Kerala Editions","price":"33000"},"1":{"title":"Mathrubhumi - All Editions","price":"35000"},"2":{"title":"Mathrubhumi - ALL KERALA + MUMBAI","price":"34000"},"3":{"title":"Mathrubhumi - ALL KERALA + Bangalore","price":"34000"},"4":{"title":"Mathrubhumi - ALL KERALA + DELHI","price":"34000"},"5":{"title":"Mathrubhumi - Thrissur","price":"5400"},"6":{"title":"Mathrubhumi-Alappuzha","price":"4600"},"7":{"title":"Mathrubhumi-Bengaluru","price":"1700"},"8":{"title":"Mathrubhumi-Chennai","price":"1400"},"9":{"title":"Mathrubhumi-Delhi","price":"1500"},"10":{"title":"Mathrubhumi-Kannur","price":"660"},"11":{"title":"Mathrubhumi-Palakkad","price":"990"},"12":{"title":"Mathrubhumi-Trivandrum","price":"990"},"13":{"title":"Mathrubhumi-Kottayam","price":"5500"},"14":{"title":"Mathrubhumi-Kozhikode","price":"5200"},"15":{"title":"Mathrubhumi-Malappuram","price":"3700"},"16":{"title":"Mathrubhumi-Mumbai","price":"1700"},"17":{"title":"Mathrubhumi-Palakkad","price":"5000"},"18":{"title":"Mathrubhumi-Trivandrum","price":"6000"}},"Retail/Shopping":{"0":{"title":"Mathrubhumi - All Kerala Editions","price":"33000"},"1":{"title":"Mathrubhumi - All Editions","price":"35000"},"2":{"title":"Mathrubhumi - ALL KERALA + MUMBAI","price":"34000"},"3":{"title":"Mathrubhumi - ALL KERALA + Bangalore","price":"34000"},"4":{"title":"Mathrubhumi - ALL KERALA + DELHI","price":"34000"},"5":{"title":"Mathrubhumi - Thrissur","price":"5400"},"6":{"title":"Mathrubhumi-Alappuzha","price":"4600"},"7":{"title":"Mathrubhumi-Bengaluru","price":"1700"},"8":{"title":"Mathrubhumi-Chennai","price":"1400"},"9":{"title":"Mathrubhumi-Delhi","price":"1500"},"10":{"title":"Mathrubhumi-Kannur","price":"5000"},"11":{"title":"Mathrubhumi-Kochi","price":"6800"},"12":{"title":"Mathrubhumi-Kollam","price":"4400"},"13":{"title":"Mathrubhumi-Kottayam","price":"5500"},"14":{"title":"Mathrubhumi-Kozhikode","price":"5200"},"15":{"title":"Mathrubhumi-Malappuram","price":"3700"},"16":{"title":"Mathrubhumi-Mumbai","price":"1700"},"17":{"title":"Mathrubhumi-Palakkad","price":"5000"},"18":{"title":"Mathrubhumi-Trivandrum","price":"6000"}},"Personal Announcement":{"0":{"title":"Mathrubhumi - All Kerala Editions","price":"33000"},"1":{"title":"Mathrubhumi - All Editions","price":"35000"},"2":{"title":"Mathrubhumi - ALL KERALA + MUMBAI","price":"34000"},"3":{"title":"Mathrubhumi - ALL KERALA + Bangalore","price":"34000"},"4":{"title":"Mathrubhumi - ALL KERALA + DELHI","price":"34000"},"5":{"title":"Mathrubhumi - Thrissur","price":"5400"},"6":{"title":"Mathrubhumi-Alappuzha","price":"4600"},"7":{"title":"Mathrubhumi-Bengaluru","price":"1700"},"8":{"title":"Mathrubhumi-Chennai","price":"1400"},"9":{"title":"Mathrubhumi-Delhi","price":"1500"},"10":{"title":"Mathrubhumi-Kannur","price":"5000"},"11":{"title":"Mathrubhumi-Kochi","price":"6800"},"12":{"title":"Mathrubhumi-Kollam","price":"4400"},"13":{"title":"Mathrubhumi-Kottayam","price":"5500"},"14":{"title":"Mathrubhumi-Kozhikode","price":"5200"},"15":{"title":"Mathrubhumi-Malappuram","price":"3700"},"16":{"title":"Mathrubhumi-Mumbai","price":"1700"},"17":{"title":"Mathrubhumi-Palakkad","price":"5000"},"18":{"title":"Mathrubhumi-Trivandrum","price":"6000"}},"Computers and Hardware":{"0":{"title":"Mathrubhumi - All Kerala Editions","price":"33000"},"1":{"title":"Mathrubhumi - All Editions","price":"35000"},"2":{"title":"Mathrubhumi - ALL KERALA + MUMBAI","price":"34000"},"3":{"title":"Mathrubhumi - ALL KERALA + Bangalore","price":"34000"},"4":{"title":"Mathrubhumi - ALL KERALA + DELHI","price":"34000"},"5":{"title":"Mathrubhumi - Thrissur","price":"5400"},"6":{"title":"Mathrubhumi-Alappuzha","price":"4600"},"7":{"title":"Mathrubhumi-Bengaluru","price":"1700"},"8":{"title":"Mathrubhumi-Chennai","price":"1400"},"9":{"title":"Mathrubhumi-Delhi","price":"1500"},"10":{"title":"Mathrubhumi-Kannur","price":"5000"},"11":{"title":"Mathrubhumi-Kochi","price":"6800"},"12":{"title":"Mathrubhumi-Kollam","price":"4400"},"13":{"title":"Mathrubhumi-Kottayam","price":"5500"},"14":{"title":"Mathrubhumi-Kozhikode","price":"5200"},"15":{"title":"Mathrubhumi-Malappuram","price":"3700"},"16":{"title":"Mathrubhumi-Mumbai","price":"1700"},"17":{"title":"Mathrubhumi-Palakkad","price":"5000"},"18":{"title":"Mathrubhumi-Trivandrum","price":"6000"}},"Astrology":{"0":{"title":"Mathrubhumi - All Kerala Editions","price":"33000"},"1":{"title":"Mathrubhumi - All Editions","price":"35000"},"2":{"title":"Mathrubhumi - ALL KERALA + MUMBAI","price":"34000"},"3":{"title":"Mathrubhumi - ALL KERALA + Bangalore","price":"34000"},"4":{"title":"Mathrubhumi - ALL KERALA + DELHI","price":"34000"},"5":{"title":"Mathrubhumi - Thrissur","price":"5400"},"6":{"title":"Mathrubhumi-Alappuzha","price":"4600"},"7":{"title":"Mathrubhumi-Bengaluru","price":"1700"},"8":{"title":"Mathrubhumi-Chennai","price":"1400"},"9":{"title":"Mathrubhumi-Delhi","price":"1500"},"10":{"title":"Mathrubhumi-Kannur","price":"5000"},"11":{"title":"Mathrubhumi-Kochi","price":"6800"},"12":{"title":"Mathrubhumi-Kollam","price":"4400"},"13":{"title":"Mathrubhumi-Kottayam","price":"5500"},"14":{"title":"Mathrubhumi-Kozhikode","price":"5200"},"15":{"title":"Mathrubhumi-Malappuram","price":"3700"},"16":{"title":"Mathrubhumi-Mumbai","price":"1700"},"17":{"title":"Mathrubhumi-Palakkad","price":"5000"},"18":{"title":"Mathrubhumi-Trivandrum","price":"6000"}},"Vehicles Automobiles":{"0":{"title":"Mathrubhumi - All Kerala Editions","price":"33000"},"1":{"title":"Mathrubhumi - All Editions","price":"35000"},"2":{"title":"Mathrubhumi - ALL KERALA + MUMBAI","price":"34000"},"3":{"title":"Mathrubhumi - ALL KERALA + Bangalore","price":"34000"},"4":{"title":"Mathrubhumi - ALL KERALA + DELHI","price":"34000"},"5":{"title":"Mathrubhumi - Thrissur","price":"5400"},"6":{"title":"Mathrubhumi-Alappuzha","price":"4600"},"7":{"title":"Mathrubhumi-Bengaluru","price":"1700"},"8":{"title":"Mathrubhumi-Chennai","price":"1400"},"9":{"title":"Mathrubhumi-Delhi","price":"1500"},"10":{"title":"Mathrubhumi-Kannur","price":"5000"},"11":{"title":"Mathrubhumi-Kochi","price":"6800"},"12":{"title":"Mathrubhumi-Kollam","price":"4400"},"13":{"title":"Mathrubhumi-Kottayam","price":"5500"},"14":{"title":"Mathrubhumi-Kozhikode","price":"5200"},"15":{"title":"Mathrubhumi-Malappuram","price":"3700"},"16":{"title":"Mathrubhumi-Mumbai","price":"1700"},"17":{"title":"Mathrubhumi-Palakkad","price":"5000"},"18":{"title":"Mathrubhumi-Trivandrum","price":"6000"}},"Tours and Travel":{"0":{"title":"Mathrubhumi - All Kerala Editions","price":"33000"},"1":{"title":"Mathrubhumi - All Editions","price":"35000"},"2":{"title":"Mathrubhumi - ALL KERALA + MUMBAI","price":"34000"},"3":{"title":"Mathrubhumi - ALL KERALA + Bangalore","price":"34000"},"4":{"title":"Mathrubhumi - ALL KERALA + DELHI","price":"34000"},"5":{"title":"Mathrubhumi - Thrissur","price":"5400"},"6":{"title":"Mathrubhumi-Alappuzha","price":"4600"},"7":{"title":"Mathrubhumi-Bengaluru","price":"1700"},"8":{"title":"Mathrubhumi-Chennai","price":"1400"},"9":{"title":"Mathrubhumi-Delhi","price":"1500"},"10":{"title":"Mathrubhumi-Kannur","price":"5000"},"11":{"title":"Mathrubhumi-Kochi","price":"6800"},"12":{"title":"Mathrubhumi-Kollam","price":"4400"},"13":{"title":"Mathrubhumi-Kottayam","price":"5500"},"14":{"title":"Mathrubhumi-Kozhikode","price":"5200"},"15":{"title":"Mathrubhumi-Malappuram","price":"3700"},"16":{"title":"Mathrubhumi-Mumbai","price":"1700"},"17":{"title":"Mathrubhumi-Palakkad","price":"5000"},"18":{"title":"Mathrubhumi-Trivandrum","price":"6000"}},"Property-Rental":{"0":{"title":"Mathrubhumi - All Kerala Editions","price":"33000"},"1":{"title":"Mathrubhumi - All Editions","price":"35000"},"2":{"title":"Mathrubhumi - ALL KERALA + MUMBAI","price":"34000"},"3":{"title":"Mathrubhumi - ALL KERALA + Bangalore","price":"34000"},"4":{"title":"Mathrubhumi - ALL KERALA + DELHI","price":"34000"},"5":{"title":"Mathrubhumi - Thrissur","price":"5400"},"6":{"title":"Mathrubhumi-Alappuzha","price":"4600"},"7":{"title":"Mathrubhumi-Bengaluru","price":"1700"},"8":{"title":"Mathrubhumi-Chennai","price":"1400"},"9":{"title":"Mathrubhumi-Delhi","price":"1500"},"10":{"title":"Mathrubhumi-Kannur","price":"5000"},"11":{"title":"Mathrubhumi-Kochi","price":"6800"},"12":{"title":"Mathrubhumi-Kollam","price":"4400"},"13":{"title":"Mathrubhumi-Kottayam","price":"5500"},"14":{"title":"Mathrubhumi-Kozhikode","price":"5200"},"15":{"title":"Mathrubhumi-Malappuram","price":"3700"},"16":{"title":"Mathrubhumi-Mumbai","price":"1700"},"17":{"title":"Mathrubhumi-Palakkad","price":"5000"},"18":{"title":"Mathrubhumi-Trivandrum","price":"6000"}},"Entertainment":{"0":{"title":"Mathrubhumi - All Kerala Editions","price":"33000"},"1":{"title":"Mathrubhumi - All Editions","price":"35000"},"2":{"title":"Mathrubhumi - ALL KERALA + MUMBAI","price":"34000"},"3":{"title":"Mathrubhumi - ALL KERALA + Bangalore","price":"34000"},"4":{"title":"Mathrubhumi - ALL KERALA + DELHI","price":"34000"},"5":{"title":"Mathrubhumi - Thrissur","price":"5400"},"6":{"title":"Mathrubhumi-Alappuzha","price":"4600"},"7":{"title":"Mathrubhumi-Bengaluru","price":"1700"},"8":{"title":"Mathrubhumi-Chennai","price":"1400"},"9":{"title":"Mathrubhumi-Delhi","price":"1500"},"10":{"title":"Mathrubhumi-Kannur","price":"5000"},"11":{"title":"Mathrubhumi-Kochi","price":"6800"},"12":{"title":"Mathrubhumi-Kollam","price":"4400"},"13":{"title":"Mathrubhumi-Kottayam","price":"5500"},"14":{"title":"Mathrubhumi-Kozhikode","price":"5200"},"15":{"title":"Mathrubhumi-Malappuram","price":"3700"},"16":{"title":"Mathrubhumi-Mumbai","price":"1700"},"17":{"title":"Mathrubhumi-Palakkad","price":"5000"},"18":{"title":"Mathrubhumi-Trivandrum","price":"6000"}}}