{"Matrimonial":{"0":{"title":"Mid-day + Gujarati Mid-day - Mumbai","price":"8208"},"1":{"title":"Mid-day + Inquilab - Mumbai","price":"7200"},"2":{"title":"Mid-day + Gujarati Mid-day + Inquilab - Mumbai","price":"9216"},"3":{"title":"Mid-day - Mumbai","price":"5472"}},"Marriage Bureau":{"0":{"title":"Mid-day + Gujarati Mid-day - Mumbai","price":"8208"},"1":{"title":"Mid-day + Inquilab - Mumbai","price":"7200"},"2":{"title":"Mid-day + Gujarati Mid-day + Inquilab - Mumbai","price":"9216"},"3":{"title":"Mid-day - Mumbai","price":"5472"}},"Change of Name":{"0":{"title":"Mid-day + Gujarati Mid-day - Mumbai","price":"8208"},"1":{"title":"Mid-day + Inquilab - Mumbai","price":"7200"},"2":{"title":"Mid-day + Gujarati Mid-day + Inquilab - Mumbai","price":"9216"},"3":{"title":"Mid-day - Mumbai","price":"5472"}},"Recruitment job":{"0":{"title":"Mid-day + Gujarati Mid-day - Mumbai","price":"8208"},"1":{"title":"Mid-day + Inquilab - Mumbai","price":"7200"},"2":{"title":"Mid-day + Gujarati Mid-day + Inquilab - Mumbai","price":"9216"},"3":{"title":"Mid-day - Mumbai","price":"5472"}},"Education":{"0":{"title":"Mid-day + Gujarati Mid-day - Mumbai","price":"8208"},"1":{"title":"Mid-day + Inquilab - Mumbai","price":"7200"},"2":{"title":"Mid-day + Gujarati Mid-day + Inquilab - Mumbai","price":"9216"},"3":{"title":"Mid-day - Mumbai","price":"5472"}},"property real estate":{"0":{"title":"Mid-day + Gujarati Mid-day - Mumbai","price":"8208"},"1":{"title":"Mid-day + Inquilab - Mumbai","price":"7200"},"2":{"title":"Mid-day + Gujarati Mid-day + Inquilab - Mumbai","price":"9216"},"3":{"title":"Mid-day - Mumbai","price":"5472"}},"Lost and Found":{"0":{"title":"Mid-day - Mumbai","price":"2016"}},"Business":{"0":{"title":"Mid-day - Mumbai","price":"2016"}},"Obituary(Death Announcement)":{"0":{"title":"Mid-day - Mumbai","price":"2016"}},"Remembrance(Unforgettable)":{"0":{"title":"Mid-day - Mumbai","price":"2016"}},"public tender notices":{"0":{"title":"Mid-day - Mumbai","price":"2016"}},"Services":{"0":{"title":"Mid-day - Mumbai","price":"2016"}},"Retail/Shopping":{"0":{"title":"Mid-day - Mumbai","price":"2016"}},"Personal Announcement":{"0":{"title":"Mid-day - Mumbai","price":"2016"}},"Computers and Hardware":{"0":{"title":"Mid-day - Mumbai","price":"2016"}},"Astrology":{"0":{"title":"Mid-day - Mumbai","price":"2016"}},"Vehicles Automobiles":{"0":{"title":"Mid-day - Mumbai","price":"2016"}},"Tours and Travel":{"0":{"title":"Mid-day - Mumbai","price":"2016"}},"Property-Rental":{"0":{"title":"Mid-day + Gujarati Mid-day - Mumbai","price":"8208"},"1":{"title":"Mid-day + Inquilab - Mumbai","price":"7200"},"2":{"title":"Mid-day + Gujarati Mid-day + Inquilab - Mumbai","price":"9216"},"3":{"title":"Mid-day - Mumbai","price":"5472"}},"Entertainment":{"0":{"title":"Mid-day + Gujarati Mid-day - Mumbai","price":"8208"},"1":{"title":"Mid-day + Inquilab - Mumbai","price":"7200"},"2":{"title":"Mid-day + Gujarati Mid-day + Inquilab - Mumbai","price":"9216"},"3":{"title":"Mid-day - Mumbai","price":"5472"}},"Real Estate Selling":{"0":{"title":"Mid-day + Gujarati Mid-day - Mumbai","price":"8208"},"1":{"title":"Mid-day + Inquilab - Mumbai","price":"7200"},"2":{"title":"Mid-day + Gujarati Mid-day + Inquilab - Mumbai","price":"9216"},"3":{"title":"Mid-day - Mumbai","price":"5472"}},"Beauty & Wellness":{"0":{"title":"Mid-day + Gujarati Mid-day - Mumbai","price":"8208"},"1":{"title":"Mid-day + Inquilab - Mumbai","price":"7200"},"2":{"title":"Mid-day + Gujarati Mid-day + Inquilab - Mumbai","price":"9216"},"3":{"title":"Mid-day - Mumbai","price":"5472"}},"Call Centre Employees":{"0":{"title":"Mid-day + Gujarati Mid-day - Mumbai","price":"8208"},"1":{"title":"Mid-day + Inquilab - Mumbai","price":"7200"},"2":{"title":"Mid-day + Gujarati Mid-day + Inquilab - Mumbai","price":"9216"},"3":{"title":"Mid-day - Mumbai","price":"5472"}},"Prajapati":{"0":{"title":"Mid-day + Gujarati Mid-day - Mumbai","price":"8208"},"1":{"title":"Mid-day + Inquilab - Mumbai","price":"7200"},"2":{"title":"Mid-day + Gujarati Mid-day + Inquilab - Mumbai","price":"9216"},"3":{"title":"Mid-day - Mumbai","price":"5472"}},"Bungalow For Sale":{"0":{"title":"Mid-day + Gujarati Mid-day - Mumbai","price":"8208"},"1":{"title":"Mid-day + Inquilab - Mumbai","price":"7200"},"2":{"title":"Mid-day + Gujarati Mid-day + Inquilab - Mumbai","price":"9216"},"3":{"title":"Mid-day - Mumbai","price":"5472"}},"For Rent/Lease/To Let":{"0":{"title":"Mid-day + Gujarati Mid-day - Mumbai","price":"8208"},"1":{"title":"Mid-day + Inquilab - Mumbai","price":"7200"},"2":{"title":"Mid-day + Gujarati Mid-day + Inquilab - Mumbai","price":"9216"},"3":{"title":"Mid-day - Mumbai","price":"5472"}},"Outright Sale":{"0":{"title":"Mid-day + Gujarati Mid-day - Mumbai","price":"8208"},"1":{"title":"Mid-day + Inquilab - Mumbai","price":"7200"},"2":{"title":"Mid-day + Gujarati Mid-day + Inquilab - Mumbai","price":"9216"},"3":{"title":"Mid-day - Mumbai","price":"5472"}},"Property Others":{"0":{"title":"Mid-day + Gujarati Mid-day - Mumbai","price":"8208"},"1":{"title":"Mid-day + Inquilab - Mumbai","price":"7200"},"2":{"title":"Mid-day + Gujarati Mid-day + Inquilab - Mumbai","price":"9216"},"3":{"title":"Mid-day - Mumbai","price":"5472"}},"SMS CAMPAIGN":{"0":{"title":"Mid-day + Gujarati Mid-day - Mumbai","price":"8208"},"1":{"title":"Mid-day + Inquilab - Mumbai","price":"7200"},"2":{"title":"Mid-day + Gujarati Mid-day + Inquilab - Mumbai","price":"9216"},"3":{"title":"Mid-day - Mumbai","price":"5472"}}}