{"Change of Name":{"0":{"title":"Mirror - Mumbai","price":"3750"}},"Recruitment job":{"0":{"title":"Mirror - Mumbai","price":"3750"}},"Education":{"0":{"title":"Mirror - Mumbai","price":"3750"}},"property real estate":{"0":{"title":"Mirror - Mumbai","price":"3750"}},"Lost and Found":{"0":{"title":"Mirror - Mumbai","price":"3750"}},"Business":{"0":{"title":"Mirror - Mumbai","price":"3750"}},"Obituary(Death Announcement)":{"0":{"title":"Mirror - Mumbai","price":"3750"}},"Remembrance(Unforgettable)":{"0":{"title":"The Times of India (Sun & Weekday) + The Economics Times + Mirror + Navbharat Times + Maharashtra Times - Mumbai","price":"27000"},"1":{"title":"Mirror + Maharashtra Times + Navbharat Times - Mumbai","price":"10500"},"2":{"title":"The Times of India (Sndy + Wkdy) + Vijay Karnataka + Economics Times + Mirror - Bangalore","price":"13500"}},"public tender notices":{"0":{"title":"The Times of India (Sun & Weekday) + The Economics Times + Mirror + Navbharat Times + Maharashtra Times - Mumbai","price":"27000"},"1":{"title":"Mirror + Maharashtra Times + Navbharat Times - Mumbai","price":"10500"},"2":{"title":"The Times of India (Sndy + Wkdy) + Vijay Karnataka + Economics Times + Mirror - Bangalore","price":"13500"},"3":{"title":"The Times of India (Sun & Weekday)\nThe Economics Times + Mirror - Mumbai","price":"22500"},"4":{"title":"Vijay Karnataka + Mirror - Bangalore","price":"9225"},"5":{"title":"Mirror - Ahmedabad","price":"2550"},"6":{"title":"Mirror - Bangalore","price":"3975"},"7":{"title":"Mirror - Mumbai","price":"5250"}},"Services":{"0":{"title":"The Times of India (Sun & Weekday) + The Economics Times + Mirror + Navbharat Times + Maharashtra Times - Mumbai","price":"27000"},"1":{"title":"Mirror + Maharashtra Times + Navbharat Times - Mumbai","price":"10500"},"2":{"title":"The Times of India (Sndy + Wkdy) + Vijay Karnataka + Economics Times + Mirror - Bangalore","price":"13500"},"3":{"title":"The Times of India (Sun & Weekday)\nThe Economics Times + Mirror - Mumbai","price":"22500"},"4":{"title":"Vijay Karnataka + Mirror - Bangalore","price":"9225"},"5":{"title":"Mirror - Ahmedabad","price":"2550"},"6":{"title":"Mirror - Mumbai","price":"5250"},"7":{"title":"Mirror - Mumbai","price":"6000"}},"Retail/Shopping":{"0":{"title":"Vijay Karnataka + Mirror - Bangalore","price":"2925"},"1":{"title":"Mirror - Bangalore","price":"1875"},"2":{"title":"Mirror - Mumbai","price":"3150"}},"Personal Announcement":{"0":{"title":"Vijay Karnataka + Mirror - Bangalore","price":"2925"},"1":{"title":"Mirror - Bangalore","price":"1875"},"2":{"title":"Mirror - Mumbai","price":"3150"}},"Computers and Hardware":{"0":{"title":"Vijay Karnataka + Mirror - Bangalore","price":"2925"},"1":{"title":"Mirror - Bangalore","price":"1875"},"2":{"title":"Mirror - Mumbai","price":"3150"}},"Astrology":{"0":{"title":"Vijay Karnataka + Mirror - Bangalore","price":"2925"},"1":{"title":"Mirror - Bangalore","price":"1875"},"2":{"title":"Mirror - Mumbai","price":"3150"}},"Vehicles Automobiles":{"0":{"title":"Vijay Karnataka + Mirror - Bangalore","price":"2925"},"1":{"title":"Mirror - Bangalore","price":"1875"},"2":{"title":"Mirror - Mumbai","price":"3150"}},"Tours and Travel":{"0":{"title":"Vijay Karnataka + Mirror - Bangalore","price":"2925"},"1":{"title":"Mirror - Bangalore","price":"1875"},"2":{"title":"Mirror - Mumbai","price":"3150"}},"Property-Rental":{"0":{"title":"Vijay Karnataka + Mirror - Bangalore","price":"2925"},"1":{"title":"Mirror - Bangalore","price":"1875"},"2":{"title":"Mirror - Mumbai","price":"3150"}},"Entertainment":{"0":{"title":"Vijay Karnataka + Mirror - Bangalore","price":"2925"},"1":{"title":"Mirror - Bangalore","price":"1425"},"2":{"title":"Mirror - Mumbai","price":"4275"}},"Real Estate Selling":{"0":{"title":"Mirror - Ahmedabad","price":"2500"},"1":{"title":"Mirror - Bangalore","price":"1425"},"2":{"title":"Mirror - Mumbai","price":"4275"}},"Beauty & Wellness":{"0":{"title":"Mirror - Ahmedabad","price":"2500"},"1":{"title":"Mirror - Bangalore","price":"1425"},"2":{"title":"Mirror - Mumbai","price":"4275"}},"Call Centre Employees":{"0":{"title":"Mirror - Ahmedabad","price":"2500"},"1":{"title":"Mirror - Bangalore","price":"1425"},"2":{"title":"Mirror - Mumbai","price":"4275"}},"Prajapati":{"0":{"title":"Mirror - Ahmedabad","price":"2500"},"1":{"title":"Mirror - Bangalore","price":"1425"},"2":{"title":"Mirror - Mumbai","price":"4275"}},"Bungalow For Sale":{"0":{"title":"Mirror - Ahmedabad","price":"2500"},"1":{"title":"Mirror - Bangalore","price":"1425"},"2":{"title":"Mirror - Mumbai","price":"4275"}},"For Rent/Lease/To Let":{"0":{"title":"Mirror - Ahmedabad","price":"21000"},"1":{"title":"Mirror + Maharashtra Times + Navbharat Times - Mumbai","price":"9000"},"2":{"title":"The Times of India (Sndy + Wkdy) + Vijay Karnataka + Economics Times + Mirror - Bangalore","price":"13500"}},"Outright Sale":{"0":{"title":"The Times of India (Sun & Weekday) + The Economics Times + Mirror + Navbharat Times + Maharashtra Times - Mumbai","price":"21000"},"1":{"title":"Mirror + Maharashtra Times + Navbharat Times - Mumbai","price":"9000"},"2":{"title":"The Times of India (Sndy + Wkdy) + Vijay Karnataka + Economics Times + Mirror - Bangalore","price":"13500"},"3":{"title":"The Times of India (Sun & Weekday)\nThe Economics Times + Mirror - Mumbai","price":"16500"},"4":{"title":"Mirror - Ahmedabad","price":"2550"},"5":{"title":"Mirror - Bangalore","price":"3975"},"6":{"title":"Mirror - Mumbai","price":"5250"}},"Property Others":{"0":{"title":"The Times of India (Sun & Weekday) + The Economics Times + Mirror + Navbharat Times + Maharashtra Times - Mumbai","price":"21000"},"1":{"title":"Mirror + Maharashtra Times + Navbharat Times - Mumbai","price":"9000"},"2":{"title":"The Times of India (Sndy + Wkdy) + Vijay Karnataka + Economics Times + Mirror - Bangalore","price":"13500"},"3":{"title":"The Times of India (Sun & Weekday)\nThe Economics Times + Mirror - Mumbai","price":"16500"},"4":{"title":"Mirror - Ahmedabad","price":"2550"},"5":{"title":"Mirror - Bangalore","price":"3975"},"6":{"title":"Mirror - Mumbai","price":"5250"}}}