{"Services":{"0":{"title":"Munsif DAily - Hyderabad","price":"2800"}},"Retail/Shopping":{"0":{"title":"Munsif DAily - Hyderabad","price":"2800"}},"Personal Announcement":{"0":{"title":"Munsif DAily - Hyderabad","price":"2800"}},"Computers and Hardware":{"0":{"title":"Munsif DAily - Hyderabad","price":"2800"}},"Astrology":{"0":{"title":"Munsif DAily - Hyderabad","price":"2800"}},"Vehicles Automobiles":{"0":{"title":"Munsif DAily - Hyderabad","price":"2800"}},"Tours and Travel":{"0":{"title":"Munsif DAily - Hyderabad","price":"2800"}},"Property-Rental":{"0":{"title":"Munsif DAily - Hyderabad","price":"2800"}},"Entertainment":{"0":{"title":"Munsif DAily - Hyderabad","price":"2800"}},"Real Estate Selling":{"0":{"title":"Munsif DAily - Hyderabad","price":"2800"}},"Beauty & Wellness":{"0":{"title":"Munsif DAily - Hyderabad","price":"2800"}},"Call Centre Employees":{"0":{"title":"Munsif DAily - Hyderabad","price":"2800"}},"Prajapati":{"0":{"title":"Munsif DAily - Hyderabad","price":"2800"}},"Bungalow For Sale":{"0":{"title":"Munsif DAily - Hyderabad","price":"2800"}},"For Rent/Lease/To Let":{"0":{"title":"Munsif DAily - Hyderabad","price":"2800"}},"Outright Sale":{"0":{"title":"Munsif DAily - Hyderabad","price":"2800"}},"Property Others":{"0":{"title":"Munsif DAily - Hyderabad","price":"2800"}}}