{"Recruitment job":{"0":{"title":"Nai Dunia - Madhya Pradesh + Chhattisgarh","price":"20250"},"1":{"title":"Nai Dunia - Madhya Pradesh","price":"16500"},"2":{"title":"Nai Dunia - Chhattisgarh","price":"6375"}},"Education":{"0":{"title":"Nai Dunia - Madhya Pradesh + Chhattisgarh","price":"20250"},"1":{"title":"Nai Dunia - Madhya Pradesh","price":"16500"},"2":{"title":"Nai Dunia - Chhattisgarh","price":"6375"},"3":{"title":"Nai Dunia - Bhopal","price":"5550"},"4":{"title":"Nai Dunia - Bilaspur","price":"2850"},"5":{"title":"Nai Dunia - Gwalior","price":"3525"},"6":{"title":"Nai Dunia - Indore","price":"6750"},"7":{"title":"Nai Dunia - Jabalpur","price":"3975"},"8":{"title":"Nai Dunia - Raipur","price":"2850"}},"property real estate":{"0":{"title":"Nai Dunia - Madhya Pradesh + Chhattisgarh","price":"20250"},"1":{"title":"Nai Dunia - Madhya Pradesh","price":"16500"},"2":{"title":"Nai Dunia - Chhattisgarh","price":"6375"},"3":{"title":"Nai Dunia - Bhopal","price":"5550"},"4":{"title":"Nai Dunia - Bilaspur","price":"2850"},"5":{"title":"Nai Dunia - Gwalior","price":"3525"},"6":{"title":"Nai Dunia - Indore","price":"6750"},"7":{"title":"Nai Dunia - Jabalpur","price":"3975"},"8":{"title":"Nai Dunia - Raipur","price":"2850"}},"Lost and Found":{"0":{"title":"Nai Dunia - Madhya Pradesh + Chhattisgarh","price":"20250"},"1":{"title":"Nai Dunia - Madhya Pradesh","price":"16500"},"2":{"title":"Nai Dunia - Chhattisgarh","price":"6375"},"3":{"title":"Nai Dunia - Bhopal","price":"5550"},"4":{"title":"Nai Dunia - Bilaspur","price":"2850"},"5":{"title":"Nai Dunia - Gwalior","price":"3525"},"6":{"title":"Nai Dunia - Indore","price":"6750"},"7":{"title":"Nai Dunia - Jabalpur","price":"3975"},"8":{"title":"Nai Dunia - Raipur","price":"2850"}},"Business":{"0":{"title":"Nai Dunia - Madhya Pradesh + Chhattisgarh","price":"20250"},"1":{"title":"Nai Dunia - Madhya Pradesh","price":"16500"},"2":{"title":"Nai Dunia - Chhattisgarh","price":"6375"},"3":{"title":"Nai Dunia - Bhopal","price":"5550"},"4":{"title":"Nai Dunia - Bilaspur","price":"2850"},"5":{"title":"Nai Dunia - Gwalior","price":"3525"},"6":{"title":"Nai Dunia - Indore","price":"6750"},"7":{"title":"Nai Dunia - Jabalpur","price":"3975"},"8":{"title":"Nai Dunia - Raipur","price":"2850"}},"Obituary(Death Announcement)":{"0":{"title":"Nai Dunia - Madhya Pradesh + Chhattisgarh","price":"20250"},"1":{"title":"Nai Dunia - Madhya Pradesh","price":"16500"},"2":{"title":"Nai Dunia - Chhattisgarh","price":"3375"},"3":{"title":"Nai Dunia - Bhopal","price":"4500"},"4":{"title":"Nai Dunia - Bilaspur","price":"4200"},"5":{"title":"Nai Dunia - Gwalior","price":"2175"},"6":{"title":"Nai Dunia - Indore","price":"6000"},"7":{"title":"Nai Dunia - Jabalpur","price":"3300"},"8":{"title":"Nai Dunia - Raipur","price":"1200"}},"Remembrance(Unforgettable)":{"0":{"title":"Nai Dunia - Madhya Pradesh + Chhattisgarh","price":"18750"},"1":{"title":"Nai Dunia - Madhya Pradesh","price":"13500"},"2":{"title":"Nai Dunia - Chhattisgarh","price":"3375"},"3":{"title":"Nai Dunia - Bhopal","price":"4500"},"4":{"title":"Nai Dunia - Bilaspur","price":"4200"},"5":{"title":"Nai Dunia - Gwalior","price":"2175"},"6":{"title":"Nai Dunia - Indore","price":"6000"},"7":{"title":"Nai Dunia - Jabalpur","price":"3300"},"8":{"title":"Nai Dunia - Raipur","price":"1200"}},"public tender notices":{"0":{"title":"Nai Dunia - Madhya Pradesh + Chhattisgarh","price":"18750"},"1":{"title":"Nai Dunia - Madhya Pradesh","price":"13500"},"2":{"title":"Nai Dunia - Chhattisgarh","price":"3375"},"3":{"title":"Nai Dunia - Bhopal","price":"4500"},"4":{"title":"Nai Dunia - Bilaspur","price":"4200"},"5":{"title":"Nai Dunia - Gwalior","price":"2175"},"6":{"title":"Nai Dunia - Indore","price":"6000"},"7":{"title":"Nai Dunia - Jabalpur","price":"3300"},"8":{"title":"Nai Dunia - Raipur","price":"1200"}},"Services":{"0":{"title":"Nai Dunia - Madhya Pradesh + Chhattisgarh","price":"18750"},"1":{"title":"Nai Dunia - Madhya Pradesh ","price":"13500"},"2":{"title":"Nai Dunia - Chhattisgarh","price":"3375"},"3":{"title":"Nai Dunia - Bhopal","price":"4500"},"4":{"title":"Nai Dunia - Bilaspur","price":"4200"},"5":{"title":"Nai Dunia - Gwalior","price":"2175"},"6":{"title":"Nai Dunia - Indore","price":"6000"},"7":{"title":"Nai Dunia - Jabalpur","price":"3300"},"8":{"title":"Nai Dunia - Raipur","price":"1200"}},"Retail/Shopping":{"0":{"title":"Nai Dunia - Madhya Pradesh + Chhattisgarh","price":"18750"},"1":{"title":"Nai Dunia - Madhya Pradesh","price":"13500"},"2":{"title":"Nai Dunia - Chhattisgarh","price":"3375"},"3":{"title":"Nai Dunia - Bhopal","price":"4500"},"4":{"title":"Nai Dunia - Bilaspur","price":"4200"},"5":{"title":"Nai Dunia - Gwalior","price":"2175"},"6":{"title":"Nai Dunia - Indore","price":"6000"},"7":{"title":"Nai Dunia - Jabalpur","price":"3300"},"8":{"title":"Nai Dunia - Raipur","price":"1200"}},"Personal Announcement":{"0":{"title":"Nai Dunia - Madhya Pradesh + Chhattisgarh","price":"18750"},"1":{"title":"Nai Dunia - Madhya Pradesh","price":"13500"},"2":{"title":"Nai Dunia - Chhattisgarh","price":"3375"},"3":{"title":"Nai Dunia - Bhopal","price":"4500"},"4":{"title":"Nai Dunia - Bilaspur","price":"4200"},"5":{"title":"Nai Dunia - Gwalior","price":"2175"},"6":{"title":"Nai Dunia - Indore","price":"6000"},"7":{"title":"Nai Dunia - Jabalpur","price":"3300"},"8":{"title":"Nai Dunia - Raipur","price":"1200"}},"Computers and Hardware":{"0":{"title":"Nai Dunia - Madhya Pradesh + Chhattisgarh","price":"18750"},"1":{"title":"Nai Dunia - Madhya Pradesh","price":"13500"},"2":{"title":"Nai Dunia - Chhattisgarh","price":"3375"},"3":{"title":"Nai Dunia - Bhopal","price":"4500"},"4":{"title":"Nai Dunia - Bilaspur","price":"4200"},"5":{"title":"Nai Dunia - Gwalior","price":"2175"},"6":{"title":"Nai Dunia - Indore","price":"6000"},"7":{"title":"Nai Dunia - Jabalpur","price":"3300"},"8":{"title":"Nai Dunia - Raipur","price":"1200"}},"Astrology":{"0":{"title":"Nai Dunia - Madhya Pradesh + Chhattisgarh","price":"18750"},"1":{"title":"Nai Dunia - Madhya Pradesh","price":"13500"},"2":{"title":"Nai Dunia - Chhattisgarh","price":"3375"},"3":{"title":"Nai Dunia - Bhopal","price":"4500"},"4":{"title":"Nai Dunia - Bilaspur","price":"4200"},"5":{"title":"Nai Dunia - Gwalior","price":"2175"},"6":{"title":"Nai Dunia - Indore","price":"6000"},"7":{"title":"Nai Dunia - Jabalpur","price":"3300"},"8":{"title":"Nai Dunia - Raipur","price":"1200"}},"Vehicles Automobiles":{"0":{"title":"Nai Dunia - Madhya Pradesh + Chhattisgarh","price":"18750"},"1":{"title":"Nai Dunia - Madhya Pradesh","price":"13500"},"2":{"title":"Nai Dunia - Chhattisgarh","price":"3375"}},"Tours and Travel":{"0":{"title":"Nai Dunia - Madhya Pradesh + Chhattisgarh","price":"18750"},"1":{"title":"Nai Dunia - Madhya Pradesh","price":"13500"},"2":{"title":"Nai Dunia - Chhattisgarh","price":"3375"},"3":{"title":"Nai Dunia - Bhopal","price":"4500"},"4":{"title":"Nai Dunia - Bilaspur","price":"4200"},"5":{"title":"Nai Dunia - Gwalior","price":"2175"},"6":{"title":"Nai Dunia - Indore","price":"6000"},"7":{"title":"Nai Dunia - Jabalpur","price":"3300"},"8":{"title":"Nai Dunia - Raipur","price":"1200"}},"Property-Rental":{"0":{"title":"Nai Dunia - Madhya Pradesh + Chhattisgarh","price":"18750"},"1":{"title":"Nai Dunia - Madhya Pradesh","price":"13500"},"2":{"title":"Nai Dunia - Chhattisgarh","price":"3375"},"3":{"title":"Nai Dunia - Bhopal","price":"4500"},"4":{"title":"Nai Dunia - Bilaspur","price":"4200"},"5":{"title":"Nai Dunia - Gwalior","price":"2175"},"6":{"title":"Nai Dunia - Indore","price":"6000"},"7":{"title":"Nai Dunia - Jabalpur","price":"3300"},"8":{"title":"Nai Dunia - Raipur","price":"1200"}},"Entertainment":{"0":{"title":"Nai Dunia - Madhya Pradesh + Chhattisgarh","price":"18750"},"1":{"title":"Nai Dunia - Madhya Pradesh","price":"13500"},"2":{"title":"Nai Dunia - Chhattisgarh","price":"3375"}},"Real Estate Selling":{"0":{"title":"Nai Dunia - Madhya Pradesh + Chhattisgarh","price":"18750"},"1":{"title":"Nai Dunia - Madhya Pradesh","price":"13500"},"2":{"title":"Nai Dunia - Chhattisgarh","price":"3375"},"3":{"title":"Nai Dunia - Bhopal","price":"4500"},"4":{"title":"Nai Dunia - Bilaspur","price":"4200"},"5":{"title":"Nai Dunia - Gwalior","price":"2175"},"6":{"title":"Nai Dunia - Indore","price":"6000"},"7":{"title":"Nai Dunia - Jabalpur","price":"3300"},"8":{"title":"Nai Dunia - Raipur","price":"1200"}}}