{"Matrimonial":{"0":{"title":"Lagan Package :\nThe Times of India + Nav Gujarat Samay - Ahmedabad","price":"4725"}},"Marriage Bureau":{"0":{"title":"Lagan Package :\nThe Times of India + Nav Gujarat Samay - Ahmedabad","price":"4725"}},"Change of Name":{"0":{"title":"Lagan Package :\nThe Times of India + Nav Gujarat Samay - Ahmedabad","price":"4725"}},"Recruitment job":{"0":{"title":"Lagan Package :\nThe Times of India + Nav Gujarat Samay - Ahmedabad","price":"4725"}},"Education":{"0":{"title":"Lagan Package :\nThe Times of India + Nav Gujarat Samay - Ahmedabad","price":"4725"}},"property real estate":{"0":{"title":"Lagan Package :\nThe Times of India + Nav Gujarat Samay - Ahmedabad","price":"4725"}},"Lost and Found":{"0":{"title":"Lagan Package :\nThe Times of India + Nav Gujarat Samay - Ahmedabad","price":"4725"}},"Business":{"0":{"title":"Lagan Package :\nThe Times of India + Nav Gujarat Samay - Ahmedabad","price":"4725"}},"Obituary(Death Announcement)":{"0":{"title":"Lagan Package :\nThe Times of India + Nav Gujarat Samay - Ahmedabad","price":"4725"}},"Remembrance(Unforgettable)":{"0":{"title":"Lagan Package :\nThe Times of India + Nav Gujarat Samay - Ahmedabad","price":"4725"}},"public tender notices":{"0":{"title":"Lagan Package :\nThe Times of India + Nav Gujarat Samay - Ahmedabad","price":"4725"}},"Services":{"0":{"title":"Lagan Package :\nThe Times of India + Nav Gujarat Samay - Ahmedabad","price":"4725"}},"Retail/Shopping":{"0":{"title":"Lagan Package :\nThe Times of India + Nav Gujarat Samay - Ahmedabad","price":"4725"}},"Personal Announcement":{"0":{"title":"Lagan Package :\nThe Times of India + Nav Gujarat Samay - Ahmedabad","price":"4725"}},"Computers and Hardware":{"0":{"title":"Lagan Package :\nThe Times of India + Nav Gujarat Samay - Ahmedabad","price":"4725"}},"Astrology":{"0":{"title":"Lagan Package :\nThe Times of India + Nav Gujarat Samay - Ahmedabad","price":"4725"}},"Vehicles Automobiles":{"0":{"title":"Lagan Package :\nThe Times of India + Nav Gujarat Samay - Ahmedabad","price":"4725"}},"Tours and Travel":{"0":{"title":"Lagan Package :\nThe Times of India + Nav Gujarat Samay - Ahmedabad","price":"4725"}},"Property-Rental":{"0":{"title":"Lagan Package :\nThe Times of India + Nav Gujarat Samay - Ahmedabad","price":"4725"}},"Entertainment":{"0":{"title":"Lagan Package :\nThe Times of India + Nav Gujarat Samay - Ahmedabad","price":"4725"}},"Real Estate Selling":{"0":{"title":"Nav Gujrat Samay - Ahmedabad","price":"1125"}},"Beauty & Wellness":{"0":{"title":"Nav Gujrat Samay - Ahmedabad","price":"1125"}},"Call Centre Employees":{"0":{"title":"Nav Gujrat Samay - Ahmedabad","price":"1125"}},"Prajapati":{"0":{"title":"Nav Gujrat Samay - Ahmedabad","price":"1125"}},"Bungalow For Sale":{"0":{"title":"Nav Gujrat Samay - Ahmedabad","price":"1125"}},"For Rent/Lease/To Let":{"0":{"title":"Nav Gujrat Samay - Ahmedabad","price":"1125"}},"Outright Sale":{"0":{"title":"Nav Gujrat Samay - Ahmedabad","price":"1125"}},"Property Others":{"0":{"title":"Nav Gujrat Samay - Ahmedabad","price":"1125"}},"SMS CAMPAIGN":{"0":{"title":"Nav Gujrat Samay - Ahmedabad","price":"1125"}}}