{"Obituary(Death Announcement)":{"0":{"title":"Navabharat - Mumbai","price":"3200"}},"Remembrance(Unforgettable)":{"0":{"title":"Navabharat - Mumbai","price":"3200"}},"public tender notices":{"0":{"title":"Navabharat - Mumbai","price":"3200"}},"Services":{"0":{"title":"Navabharat - Mumbai","price":"3200"}},"Retail/Shopping":{"0":{"title":"Navabharat - Mumbai","price":"3200"}},"Personal Announcement":{"0":{"title":"Navabharat - Mumbai","price":"3200"}},"Computers and Hardware":{"0":{"title":"Navabharat - Mumbai","price":"3200"}},"Astrology":{"0":{"title":"Navabharat - Mumbai","price":"3200"}},"Vehicles Automobiles":{"0":{"title":"Navabharat - Mumbai","price":"3200"}}}