{"Matrimonial":{"0":{"title":"Vivah Package :TOI (Delhi, A.P, Maharashtra, Karnataka, Tamilnadu, N, W.Bngal) + NBT (Delhi, Lucknow, Mumbai) + Ei Samay (Kolkata)","price":"30465"},"1":{"title":"Ghunghat Package:\nNavbharat Times - Delhi NCR, Lucknow, Mumbai\n+ Sandhya Times - Delhi","price":"5025"},"2":{"title":"Delhi Barat Package :\nTOI - (Delhi NCR + Uttrakhand) + NBT + Economic Times - Delhi Ncr","price":"11355"},"3":{"title":"Jodi Package:\nTOI + NBT (Mumbai, Delhi NCR) + Maharashtra Times - Mumbai","price":"15390"},"4":{"title":"Shagun Package :\nTOI (Delhi NCR, Uttrakhand, Chandigarh, Rajasthan, U.P, M.P) + NBT (Delhi NCR + Lucknow)","price":"15750"},"5":{"title":"Kangan Package :\nTOI (Delhi Ncr, Maharashtra, Uttrakhand, Chandigarh, Rajasthan, U.P, M.P) + NBT - Delhi Ncr, Lucknow","price":"17940"}},"Marriage Bureau":{"0":{"title":"Vivah Package :TOI (Delhi, A.P, Maharashtra, Karnataka, Tamilnadu, N, W.Bngal) + NBT (Delhi, Lucknow, Mumbai) + Ei Samay (Kolkata)","price":"30465"},"1":{"title":"Ghunghat Package:\nNavbharat Times - Delhi NCR, Lucknow, Mumbai\n+ Sandhya Times - Delhi","price":"5025"},"2":{"title":"Delhi Barat Package :\nTOI - (Delhi NCR + Uttrakhand) + NBT + Economic Times - Delhi Ncr","price":"11355"},"3":{"title":"Jodi Package:\nTOI + NBT (Mumbai, Delhi NCR) + Maharashtra Times - Mumbai","price":"15390"},"4":{"title":"Shagun Package :\nTOI (Delhi NCR, Uttrakhand, Chandigarh, Rajasthan, U.P, M.P) + NBT (Delhi NCR + Lucknow)","price":"15750"},"5":{"title":"Kangan Package :\nTOI (Delhi Ncr, Maharashtra, Uttrakhand, Chandigarh, Rajasthan, U.P, M.P) + NBT - Delhi Ncr, Lucknow","price":"17940"}},"Change of Name":{"0":{"title":"Vivah Package :TOI (Delhi, A.P, Maharashtra, Karnataka, Tamilnadu, N, W.Bngal) + NBT (Delhi, Lucknow, Mumbai) + Ei Samay (Kolkata)","price":"30465"},"1":{"title":"Ghunghat Package:\nNavbharat Times - Delhi NCR, Lucknow, Mumbai\n+ Sandhya Times - Delhi","price":"5025"},"2":{"title":"Delhi Barat Package :\nTOI - (Delhi NCR + Uttrakhand) + NBT + Economic Times - Delhi Ncr","price":"11355"},"3":{"title":"Jodi Package:\nTOI + NBT (Mumbai, Delhi NCR) + Maharashtra Times - Mumbai","price":"15390"},"4":{"title":"Shagun Package :\nTOI (Delhi NCR, Uttrakhand, Chandigarh, Rajasthan, U.P, M.P) + NBT (Delhi NCR + Lucknow)","price":"15750"},"5":{"title":"Kangan Package :\nTOI (Delhi Ncr, Maharashtra, Uttrakhand, Chandigarh, Rajasthan, U.P, M.P) + NBT - Delhi Ncr, Lucknow","price":"17940"}},"Recruitment job":{"0":{"title":"Vivah Package :TOI (Delhi, A.P, Maharashtra, Karnataka, Tamilnadu, N, W.Bngal) + NBT (Delhi, Lucknow, Mumbai) + Ei Samay (Kolkata)","price":"30465"},"1":{"title":"Ghunghat Package:\nNavbharat Times - Delhi NCR, Lucknow, Mumbai\n+ Sandhya Times - Delhi","price":"5025"},"2":{"title":"Delhi Barat Package :\nTOI - (Delhi NCR + Uttrakhand) + NBT + Economic Times - Delhi Ncr","price":"11355"},"3":{"title":"Jodi Package:\nTOI + NBT (Mumbai, Delhi NCR) + Maharashtra Times - Mumbai","price":"15390"},"4":{"title":"Shagun Package :\nTOI (Delhi NCR, Uttrakhand, Chandigarh, Rajasthan, U.P, M.P) + NBT (Delhi NCR + Lucknow)","price":"15750"},"5":{"title":"Kangan Package :\nTOI (Delhi Ncr, Maharashtra, Uttrakhand, Chandigarh, Rajasthan, U.P, M.P) + NBT - Delhi Ncr, Lucknow","price":"17940"}},"Education":{"0":{"title":"Vivah Package :TOI (Delhi, A.P, Maharashtra, Karnataka, Tamilnadu, N, W.Bngal) + NBT (Delhi, Lucknow, Mumbai) + Ei Samay (Kolkata)","price":"30465"},"1":{"title":"Ghunghat Package:\nNavbharat Times - Delhi NCR, Lucknow, Mumbai\n+ Sandhya Times - Delhi","price":"5025"},"2":{"title":"Delhi Barat Package : TOI - (Delhi NCR + Uttrakhand) + NBT + Economic Times - Delhi Ncr ","price":"11355"},"3":{"title":"Jodi Package: TOI + NBT (Mumbai, Delhi NCR) + Maharashtra Times - Mumbai","price":"7500"},"4":{"title":"The Times of India (Wkdy + Sun)\n+ Navbharat Times (Wkdy + Sun)\n+ Economics Times - Delhi Ncr","price":"20250"},"5":{"title":"Navbharat Times - Delhi","price":"6000"}},"property real estate":{"0":{"title":"The Times Of India - U.P + Economics Times + Navbharat Times - Lucknow","price":"11625"},"1":{"title":"The Times of India (Sun & Weekday) + The Economics Times + Mirror + Navbharat Times + Maharashtra Times - Mumbai","price":"27000"},"2":{"title":"Mirror + Maharashtra Times + Navbharat Times - Mumbai","price":"10500"},"3":{"title":"Navbharat Times (Weekday + Sunday) + Sandhya Times - Delhi Ncr","price":"7500"},"4":{"title":"The Times of India (Wkdy + Sun)\n+ Navbharat Times (Wkdy + Sun)\n+ Economics Times - Delhi Ncr","price":"20250"},"5":{"title":"Navbharat Times - Delhi","price":"6000"},"6":{"title":"Navbharat Times - Lucknow","price":"2025"},"7":{"title":"Navbharat Times - Mumbai","price":"3000"}},"Lost and Found":{"0":{"title":"The Times Of India - U.P + Economics Times + Navbharat Times - Lucknow","price":"11625"},"1":{"title":"The Times of India (Sun & Weekday) + The Economics Times + Mirror + Navbharat Times + Maharashtra Times - Mumbai","price":"27000"},"2":{"title":"Mirror + Maharashtra Times + Navbharat Times - Mumbai","price":"10500"},"3":{"title":"Navbharat Times (Weekday + Sunday) + Sandhya Times - Delhi Ncr","price":"7500"},"4":{"title":"The Times of India (Wkdy + Sun)\n+ Navbharat Times (Wkdy + Sun)\n+ Economics Times - Delhi Ncr","price":"20250"},"5":{"title":"Navbharat Times - Delhi","price":"6000"},"6":{"title":"Navbharat Times - Lucknow","price":"2025"},"7":{"title":"Navbharat Times - Mumbai","price":"3000"}},"Business":{"0":{"title":"The Times Of India - U.P + Economics Times + Navbharat Times - Lucknow","price":"11625"},"1":{"title":"The Times of India (Sun & Weekday) + The Economics Times + Mirror + Navbharat Times + Maharashtra Times - Mumbai","price":"27000"},"2":{"title":"Mirror + Maharashtra Times + Navbharat Times - Mumbai","price":"6075"},"3":{"title":"Navbharat Times Delhi NCR + Sandhya Times - Delhi","price":"6225"},"4":{"title":"Mirror + Maharashtra Times + Navbharat Times - Mumbai","price":"10500"},"5":{"title":"Navbharat Times + Sandhya Times - Delhi & Ncr","price":"6375"},"6":{"title":"Navbharat Times - Delhi","price":"6000"},"7":{"title":"Navbharat Times - Lucknow","price":"1275"}},"Obituary(Death Announcement)":{"0":{"title":"The Times of India (Sun & Weekday) + The Economics Times + Mirror + Navbharat Times + Maharashtra Times - Mumbai","price":"24000"},"1":{"title":"The Times of India (Sndy, Wkdy) + Education Times + Navbharat Times + The Economic Times + Sandhya Times- Delhi NCR","price":"22500"},"2":{"title":"The Times Of India - U.P + Economics Times + Navbharat Times + Education Times - Lucknow","price":"6075"},"3":{"title":"Navbharat Times Delhi NCR + Sandhya Times - Delhi","price":"6225"},"4":{"title":"Mirror + Maharashtra Times + Navbharat Times - Mumbai","price":"10500"},"5":{"title":"Navbharat Times + Sandhya Times - Delhi & Ncr","price":"6375"},"6":{"title":"Navbharat Times - Delhi","price":"6000"},"7":{"title":"Navbharat Times - Lucknow","price":"1275"},"8":{"title":"Navbharat Times - Mumbai","price":"3150"}},"public tender notices":{"0":{"title":"Navbharat Times - Delhi","price":"3600"},"1":{"title":"Navbharat Times - Mumbai","price":"1950"}},"Services":{"0":{"title":"Navbharat Times - Delhi","price":"3600"},"1":{"title":"Navbharat Times - Mumbai","price":"1950"}},"Retail/Shopping":{"0":{"title":"Navbharat Times - Delhi","price":"3600"},"1":{"title":"Navbharat Times - Mumbai","price":"1950"}},"Personal Announcement":{"0":{"title":"Navbharat Times - Delhi","price":"3600"},"1":{"title":"Navbharat Times - Mumbai","price":"1950"}},"Computers and Hardware":{"0":{"title":"Navbharat Times - Delhi","price":"3600"},"1":{"title":"Navbharat Times - Mumbai","price":"1950"}},"Astrology":{"0":{"title":"Navbharat Times - Delhi","price":"3600"},"1":{"title":"Navbharat Times - Mumbai","price":"1950"}},"Vehicles Automobiles":{"0":{"title":"The Times of India + Navbharat Times - Delhi NCR","price":"10050"},"1":{"title":"Navbharat Times Delhi NCR + Sandhya Times - Delhi","price":"5700"}},"Tours and Travel":{"0":{"title":"The Times of India + Navbharat Times - Delhi NCR","price":"10050"},"1":{"title":"Navbharat Times Delhi NCR + Sandhya Times - Delhi","price":"5700"},"2":{"title":"The Economic Times + Navbharat Times -Mumbai","price":"4500"},"3":{"title":"Times of India + Navbharat Times -Mumbai","price":"6300"},"4":{"title":"Navbharat Times - Delhi","price":"5250"},"5":{"title":"Navbharat Times - Lucknow","price":"1350"},"6":{"title":"Navbharat Times - Mumbai","price":"2400"}},"Property-Rental":{"0":{"title":"The Times of India + Navbharat Times - Delhi NCR","price":"10050"},"1":{"title":"Navbharat Times Delhi NCR + Sandhya Times - Delhi","price":"5700"},"2":{"title":"The Economic Times + Navbharat Times -Mumbai","price":"4500"},"3":{"title":"Times of India + Navbharat Times -Mumbai","price":"6300"},"4":{"title":"Navbharat Times - Delhi","price":"5250"},"5":{"title":"Navbharat Times - Lucknow","price":"1350"},"6":{"title":"Navbharat Times - Mumbai","price":"2400"}},"Entertainment":{"0":{"title":"The Times Of India - U.P + Economics Times + Navbharat Times - Lucknow","price":"6075"},"1":{"title":"The Times of India (Sun & Weekday) + The Economics Times + Mirror + Navbharat Times + Maharashtra Times - Mumbai","price":"21000"},"2":{"title":"The Times of India (Sndy, Wkdy) + Navbharat Times + The Economic Times + Sandhya Times - Delhi NCR","price":"22500"},"3":{"title":"Mirror + Maharashtra Times + Navbharat Times - Mumbai","price":"9000"},"4":{"title":"Navbharat Times + Sandhya Times - Delhi & Ncr","price":"6375"},"5":{"title":"Navbharat Times - Delhi","price":"6150"},"6":{"title":"Navbharat Times - Lucknow","price":"1260"},"7":{"title":"Navbharat Times - Mumbai","price":"3150"}},"Real Estate Selling":{"0":{"title":"The Times Of India - U.P + Economics Times + Navbharat Times - Lucknow","price":"6075"},"1":{"title":"The Times of India (Sun & Weekday) + The Economics Times + Mirror + Navbharat Times + Maharashtra Times - Mumbai","price":"21000"},"2":{"title":"The Times of India (Sndy, Wkdy) + Navbharat Times + The Economic Times + Sandhya Times - Delhi NCR","price":"22500"},"3":{"title":"Mirror + Maharashtra Times + Navbharat Times - Mumbai","price":"9000"},"4":{"title":"Navbharat Times + Sandhya Times - Delhi & Ncr","price":"6375"},"5":{"title":"Navbharat Times - Delhi","price":"6000"},"6":{"title":"Navbharat Times - Lucknow","price":"1275"},"7":{"title":"Navbharat Times - Mumbai","price":"3000"}},"Beauty & Wellness":{"0":{"title":"The Times Of India - U.P + Economics Times + Navbharat Times - Lucknow","price":"6075"},"1":{"title":"The Times of India (Sun & Weekday) + The Economics Times + Mirror + Navbharat Times + Maharashtra Times - Mumbai","price":"21000"},"2":{"title":"The Times of India (Sndy, Wkdy) + Navbharat Times + The Economic Times + Sandhya Times - Delhi NCR","price":"22500"},"3":{"title":"Mirror + Maharashtra Times + Navbharat Times - Mumbai","price":"9000"},"4":{"title":"Navbharat Times + Sandhya Times - Delhi & Ncr","price":"6375"},"5":{"title":"Navbharat Times - Delhi","price":"6000"},"6":{"title":"Navbharat Times - Lucknow","price":"1275"},"7":{"title":"Navbharat Times - Mumbai","price":"3000"}},"Call Centre Employees":{"0":{"title":"The Times Of India - U.P + Economics Times + Navbharat Times - Lucknow","price":"6075"},"1":{"title":"The Times of India (Sun & Weekday) + The Economics Times + Mirror + Navbharat Times + Maharashtra Times - Mumbai","price":"21000"},"2":{"title":"The Times of India (Sndy, Wkdy) + Navbharat Times + The Economic Times + Sandhya Times - Delhi NCR","price":"22500"},"3":{"title":"Mirror + Maharashtra Times + Navbharat Times - Mumbai","price":"9000"},"4":{"title":"Navbharat Times + Sandhya Times - Delhi & Ncr","price":"6375"},"5":{"title":"Navbharat Times - Delhi","price":"6000"},"6":{"title":"Navbharat Times - Lucknow","price":"1275"},"7":{"title":"Navbharat Times - Mumbai","price":"3000"}},"Prajapati":{"0":{"title":"The Times of India + Navbharat Times - Delhi NCR","price":"7500"},"1":{"title":"The Economic Times + Navbharat Times -Delhi & NCR","price":"3750"},"2":{"title":"Navbharat Times - Delhi","price":"3600"},"3":{"title":"Navbharat Times - Lucknow","price":"975"},"4":{"title":"Navbharat Times - Mumbai","price":"2400"}},"Bungalow For Sale":{"0":{"title":"The Times of India + Navbharat Times - Delhi NCR","price":"7500"},"1":{"title":"The Economic Times + Navbharat Times -Delhi & NCR","price":"3750"},"2":{"title":"Navbharat Times - Delhi","price":"3600"},"3":{"title":"Navbharat Times - Lucknow","price":"975"},"4":{"title":"Navbharat Times - Mumbai","price":"2400"}},"For Rent/Lease/To Let":{"0":{"title":"The Times Of India - U.P + Economics Times + Navbharat Times - Lucknow","price":"6075"},"1":{"title":"The Times of India (Sun & Weekday) + The Economics Times + Mirror + Navbharat Times + Maharashtra Times - Mumbai","price":"21000"},"2":{"title":"The Times of India (Sndy, Wkdy) + Navbharat Times + The Economic Times + Sandhya Times - Delhi NCR","price":"22500"},"3":{"title":"Mirror + Maharashtra Times + Navbharat Times - Mumbai","price":"9000"},"4":{"title":"Navbharat Times - Delhi","price":"3150"},"5":{"title":"Navbharat Times - Lucknow","price":"1260"},"6":{"title":"Navbharat Times - Mumbai","price":"3150"}},"Outright Sale":{"0":{"title":"The Times Of India - U.P + Economics Times + Navbharat Times - Lucknow","price":"6075"},"1":{"title":"The Times of India (Sun & Weekday) + The Economics Times + Mirror + Navbharat Times + Maharashtra Times - Mumbai","price":"21000"},"2":{"title":"The Times of India (Sndy, Wkdy) + Navbharat Times + The Economic Times + Sandhya Times - Delhi NCR","price":"22500"},"3":{"title":"Mirror + Maharashtra Times + Navbharat Times - Mumbai","price":"9000"},"4":{"title":"Navbharat Times - Delhi","price":"3150"},"5":{"title":"Navbharat Times - Lucknow","price":"1260"},"6":{"title":"Navbharat Times - Mumbai","price":"3150"}},"Property Others":{"0":{"title":"The Times Of India - U.P + Economics Times + Navbharat Times - Lucknow","price":"6075"},"1":{"title":"The Times of India (Sun & Weekday) + The Economics Times + Mirror + Navbharat Times + Maharashtra Times - Mumbai","price":"21000"},"2":{"title":"The Times of India (Sndy, Wkdy) + Navbharat Times + The Economic Times + Sandhya Times - Delhi NCR","price":"22500"},"3":{"title":"Mirror + Maharashtra Times + Navbharat Times - Mumbai","price":"9000"},"4":{"title":"Navbharat Times - Delhi","price":"4500"},"5":{"title":"Navbharat Times - Lucknow","price":"1275"},"6":{"title":"Navbharat Times - Mumbai","price":"3000"}},"SMS CAMPAIGN":{"0":{"title":"The Times Of India - U.P + Economics Times + Navbharat Times - Lucknow","price":"6075"},"1":{"title":"The Times of India (Sun & Weekday) + The Economics Times + Mirror + Navbharat Times + Maharashtra Times - Mumbai","price":"21000"},"2":{"title":"Mirror + Maharashtra Times + Navbharat Times - Mumbai","price":"9000"},"3":{"title":"Times of India + Navbharat Times + Sandhya Times - Delhi & Ncr","price":"10500"},"4":{"title":"Navbharat Times - Delhi","price":"4500"},"5":{"title":"Navbharat Times - Lucknow","price":"1275"},"6":{"title":"Navbharat Times - Mumbai","price":"3000"}}}