{"Obituary(Death Announcement)":{"0":{"title":"Navodaya Times - Delhi","price":"3000"}},"Remembrance(Unforgettable)":{"0":{"title":"Navodaya Times - Delhi","price":"3000"}},"public tender notices":{"0":{"title":"Navodaya Times - Delhi","price":"3000"}},"Services":{"0":{"title":"Navodaya Times - Delhi","price":"3000"}},"Retail/Shopping":{"0":{"title":"Navodaya Times - Delhi","price":"3000"}},"Personal Announcement":{"0":{"title":"Navodaya Times - Delhi","price":"3000"}},"Computers and Hardware":{"0":{"title":"Navodaya Times - Delhi","price":"3000"}},"Astrology":{"0":{"title":"Navodaya Times - Delhi","price":"3000"}}}