{"Matrimonial":{"0":{"title":"Prabhat Khabar - All Edition, Bihar + West Bengal + Jharkhand","price":"2240"}},"Marriage Bureau":{"0":{"title":"Prabhat Khabar - All Edition, Bihar + West Bengal + Jharkhand","price":"2240"}},"Change of Name":{"0":{"title":"Prabhat Khabar - All Edition, Bihar + West Bengal + Jharkhand","price":"2240"}},"Recruitment job":{"0":{"title":"Prabhat Khabar - All Edition, Bihar + West Bengal + Jharkhand","price":"2240"}},"Education":{"0":{"title":"Prabhat Khabar - All Edition, Bihar + West Bengal + Jharkhand","price":"2240"}},"property real estate":{"0":{"title":"Prabhat Khabar - All Edition, Bihar + West Bengal + Jharkhand","price":"2240"}},"Lost and Found":{"0":{"title":"Prabhat Khabar - All Edition, Bihar + West Bengal + Jharkhand","price":"2240"}},"Business":{"0":{"title":"Prabhat Khabar - All Edition, Bihar + West Bengal + Jharkhand","price":"2240"}},"Obituary(Death Announcement)":{"0":{"title":"Prabhat Khabar - All Edition, Bihar + West Bengal + Jharkhand","price":"2240"}},"Remembrance(Unforgettable)":{"0":{"title":"Prabhat Khabar - All Edition, Bihar + West Bengal + Jharkhand","price":"2240"}},"public tender notices":{"0":{"title":"Prabhat Khabar - All Edition, Bihar + West Bengal + Jharkhand","price":"2240"}},"Services":{"0":{"title":"Prabhat Khabar - All Edition, Bihar + West Bengal + Jharkhand","price":"2240"}},"Retail/Shopping":{"0":{"title":"Prabhat Khabar - All Edition, Bihar + West Bengal + Jharkhand","price":"2240"}},"Personal Announcement":{"0":{"title":"Prabhat Khabar - All Edition, Bihar + West Bengal + Jharkhand","price":"2240"}},"Computers and Hardware":{"0":{"title":"Prabhat Khabar - All Edition, Bihar + West Bengal + Jharkhand","price":"2240"}},"Astrology":{"0":{"title":"Prabhat Khabar - All Edition, Bihar + West Bengal + Jharkhand ","price":"2240"}},"Vehicles Automobiles":{"0":{"title":"Prabhat Khabar - All Edition, Bihar + West Bengal + Jharkhand","price":"2240"}},"Tours and Travel":{"0":{"title":"Prabhat Khabar - All Edition, Bihar + West Bengal + Jharkhand","price":"2240"}},"Property-Rental":{"0":{"title":"Prabhat Khabar - All Jharkhand","price":"3240"},"1":{"title":"Prabhat Khabar - Bihar","price":"2000"},"2":{"title":"Prabhat Khabar - West Bengal","price":"800"}},"Entertainment":{"0":{"title":"Prabhat Khabar - All Jharkhand","price":"3240"},"1":{"title":"Prabhat Khabar - Bihar","price":"2000"},"2":{"title":"Prabhat Khabar - West Bengal","price":"800"},"3":{"title":"Prabhat Khabar - Jharkhand + West Bengal","price":"3280"},"4":{"title":"Prabhat Khabar - Jharkhand + Bihar","price":"3480"},"5":{"title":"Prabhat Khabar - Bihar + West Bengal","price":"2080"},"6":{"title":"Prabhat Khabar - All Edition, Bihar + West Bengal + Jharkhand","price":"4000"},"7":{"title":"Prabhat kahbar - Bhagalpur","price":"600"},"8":{"title":"Prabhat Khabar - Dhanbad","price":"880"},"9":{"title":"Prabhat Khabar - Gaya","price":"480"},"10":{"title":"Prabhat Khabar - Jamshedpur","price":"1040"},"11":{"title":"Prabhat Khabar - Kolkata","price":"1100"},"12":{"title":"Prabhat Khabar - Muzaffarpur","price":"560"},"13":{"title":"Prabhat Khabar - Patna","price":"1240"},"14":{"title":"Prabhat Khabar - Ranchi","price":"1920"}},"Real Estate Selling":{"0":{"title":"Prabhat Khabar - All Jharkhand","price":"3240"},"1":{"title":"Prabhat Khabar - Bihar","price":"2000"},"2":{"title":"Prabhat Khabar - West Bengal","price":"800"},"3":{"title":"Prabhat Khabar - Jharkhand + West Bengal","price":"3280"},"4":{"title":"Prabhat Khabar - Jharkhand + Bihar","price":"3480"},"5":{"title":"Prabhat Khabar - Bihar + West Bengal","price":"2080"},"6":{"title":"Prabhat Khabar - All Edition, Bihar + West Bengal + Jharkhand","price":"4000"},"7":{"title":"Prabhat kahbar - Bhagalpur","price":"600"},"8":{"title":"Prabhat Khabar - Dhanbad","price":"880"},"9":{"title":"Prabhat Khabar - Gaya","price":"480"},"10":{"title":"Prabhat Khabar - Jamshedpur","price":"1040"},"11":{"title":"Prabhat Khabar - Kolkata","price":"800"},"12":{"title":"Prabhat Khabar - Muzaffarpur","price":"560"},"13":{"title":"Prabhat Khabar - Patna ","price":"1240"},"14":{"title":"Prabhat Khabar - Ranchi","price":"1920"}},"Beauty & Wellness":{"0":{"title":"Prabhat Khabar - All Jharkhand","price":"3240"},"1":{"title":"Prabhat Khabar - Bihar","price":"2000"},"2":{"title":"Prabhat Khabar - West Bengal","price":"800"},"3":{"title":"Prabhat Khabar - Jharkhand + West Bengal","price":"3280"},"4":{"title":"Prabhat Khabar - Jharkhand + Bihar","price":"3480"},"5":{"title":"Prabhat Khabar - Bihar + West Bengal","price":"2080"},"6":{"title":"Prabhat Khabar - All Edition, Bihar + West Bengal + Jharkhand","price":"4000"},"7":{"title":"Prabhat kahbar - Bhagalpur","price":"520"},"8":{"title":"Prabhat Khabar - Dhanbad","price":"880"},"9":{"title":"Prabhat Khabar - Gaya","price":"480"},"10":{"title":"Prabhat Khabar - Jamshedpur","price":"1040"},"11":{"title":"Prabhat Khabar - Kolkata","price":"800"},"12":{"title":"Prabhat Khabar - Muzaffarpur","price":"560"},"13":{"title":"Prabhat Khabar - Patna","price":"1240"},"14":{"title":"Prabhat Khabar - Ranchi","price":"1920"}},"Call Centre Employees":{"0":{"title":"Prabhat Khabar - All Jharkhand","price":"3240"},"1":{"title":"Prabhat Khabar - Bihar","price":"2000"},"2":{"title":"Prabhat Khabar - West Bengal","price":"800"},"3":{"title":"Prabhat Khabar - Jharkhand + West Bengal","price":"3280"},"4":{"title":"Prabhat Khabar - Jharkhand + Bihar","price":"3480"},"5":{"title":"Prabhat Khabar - Bihar + West Bengal","price":"2080"},"6":{"title":"Prabhat Khabar - All Edition, Bihar + West Bengal + Jharkhand","price":"4000"},"7":{"title":"Prabhat kahbar - Bhagalpur","price":"520"},"8":{"title":"Prabhat Khabar - Dhanbad","price":"880"},"9":{"title":"Prabhat Khabar - Gaya","price":"480"},"10":{"title":"Prabhat Khabar - Jamshedpur","price":"1040"},"11":{"title":"Prabhat Khabar - Kolkata","price":"800"},"12":{"title":"Prabhat Khabar - Muzaffarpur","price":"560"},"13":{"title":"Prabhat Khabar - Patna","price":"1240"},"14":{"title":"Prabhat Khabar - Ranchi","price":"1920"}},"Prajapati":{"0":{"title":"Prabhat Khabar - All Jharkhand","price":"3240"},"1":{"title":"Prabhat Khabar - Bihar","price":"2000"},"2":{"title":"Prabhat Khabar - West Bengal","price":"800"},"3":{"title":"Prabhat Khabar - Jharkhand + West Bengal","price":"3280"},"4":{"title":"Prabhat Khabar - Jharkhand + Bihar","price":"3480"},"5":{"title":"Prabhat Khabar - Bihar + West Bengal","price":"2080"},"6":{"title":"Prabhat Khabar - All Edition, Bihar + West Bengal + Jharkhand","price":"4000"},"7":{"title":"Prabhat kahbar - Bhagalpur","price":"520"},"8":{"title":"Prabhat Khabar - Dhanbad","price":"880"},"9":{"title":"Prabhat Khabar - Gaya","price":"480"},"10":{"title":"Prabhat Khabar - Jamshedpur","price":"1040"},"11":{"title":"Prabhat Khabar - Kolkata","price":"800"},"12":{"title":"Prabhat Khabar - Muzaffarpur","price":"560"},"13":{"title":"Prabhat Khabar - Patna","price":"1240"},"14":{"title":"Prabhat Khabar - Ranchi","price":"1920"}}}