{"Matrimonial":{"0":{"title":"Prajavani - All Karnataka Editions","price":"7200"}},"Marriage Bureau":{"0":{"title":"Prajavani - All Karnataka Editions","price":"7200"}},"Change of Name":{"0":{"title":"Prajavani - All Karnataka Editions","price":"7200"}},"Recruitment job":{"0":{"title":"Prajavani - All Karnataka Editions","price":"7200"}},"Education":{"0":{"title":"Prajavani - All Karnataka Editions","price":"7200"}},"property real estate":{"0":{"title":"Prajavani - All Karnataka Editions","price":"7200"}},"Lost and Found":{"0":{"title":"Prajavani - All Karnataka Editions","price":"7200"}},"Business":{"0":{"title":"Prajavani - All Karnataka Editions","price":"7200"}},"Obituary(Death Announcement)":{"0":{"title":"Prajavani - All Karnataka Editions","price":"7200"}},"Remembrance(Unforgettable)":{"0":{"title":"Prajavani - All Karnataka Editions","price":"7200"}},"public tender notices":{"0":{"title":"Prajavani - All Karnataka Editions","price":"7200"}},"Services":{"0":{"title":"Prajavani - All Karnataka Editions","price":"7200"}},"Retail/Shopping":{"0":{"title":"Prajavani - All Karnataka Editions","price":"7200"}},"Personal Announcement":{"0":{"title":"Prajavani - All Karnataka Editions","price":"7200"}},"Computers and Hardware":{"0":{"title":"Prajavani - All Karnataka Editions","price":"7200"}},"Astrology":{"0":{"title":"Prajavani - All Karnataka Editions","price":"7200"}},"Vehicles Automobiles":{"0":{"title":"Prajavani - All Karnataka Editions","price":"7200"}},"Tours and Travel":{"0":{"title":"Prajavani - All Karnataka Editions","price":"7200"}},"Property-Rental":{"0":{"title":"Prajavani - All Karnataka Editions","price":"7200"}}}