{"Matrimonial":{"0":{"title":"Punjab Kesari - Delhi","price":"3750"}},"Marriage Bureau":{"0":{"title":"Punjab Kesari - Delhi","price":"3750"}},"Change of Name":{"0":{"title":"Punjab Kesari - Delhi","price":"3750"}},"Recruitment job":{"0":{"title":"Punjab Kesari - Delhi","price":"3750"}},"Education":{"0":{"title":"Punjab Kesari - Delhi","price":"3750"}},"property real estate":{"0":{"title":"Punjab Kesari - Delhi","price":"3750"}},"Lost and Found":{"0":{"title":"Punjab Kesari - Delhi","price":"3750"}},"Business":{"0":{"title":"Punjab Kesari - Delhi","price":"3750"}},"Obituary(Death Announcement)":{"0":{"title":"Punjab Kesari - Delhi","price":"3750"}},"Remembrance(Unforgettable)":{"0":{"title":"Punjab Kesari - Delhi","price":"3750"}},"public tender notices":{"0":{"title":"Punjab Kesari - Delhi","price":"3750"}},"Services":{"0":{"title":"Punjab Kesari - Delhi","price":"3750"}},"Retail/Shopping":{"0":{"title":"Punjab Kesari - Delhi","price":"3750"}},"Personal Announcement":{"0":{"title":"Punjab Kesari - Delhi","price":"3750"}},"Computers and Hardware":{"0":{"title":"Punjab Kesari - Delhi","price":"3750"}},"Astrology":{"0":{"title":"Punjab Kesari - Delhi","price":"3750"}},"Vehicles Automobiles":{"0":{"title":"Punjab Kesari - Delhi","price":"3750"}},"Tours and Travel":{"0":{"title":"Punjab Kesari - Delhi","price":"3750"}},"Property-Rental":{"0":{"title":"Punjab Kesari - Delhi","price":"3750"}},"Entertainment":{"0":{"title":"Punjab Kesari - Delhi","price":"3750"}},"Real Estate Selling":{"0":{"title":"Punjab Kesari - Delhi","price":"3750"}},"Beauty & Wellness":{"0":{"title":"Punjab Kesari - Delhi","price":"3750"}},"Call Centre Employees":{"0":{"title":"Punjab Kesari - Delhi","price":"3750"}},"Prajapati":{"0":{"title":"Punjab Kesari - Delhi","price":"3750"}},"Bungalow For Sale":{"0":{"title":"Punjab Kesari - Delhi","price":"3750"}},"For Rent/Lease/To Let":{"0":{"title":"Punjab Kesari - Delhi","price":"3750"}},"Outright Sale":{"0":{"title":"Punjab Kesari - Delhi","price":"3750"}},"Property Others":{"0":{"title":"Punjab Kesari - Delhi","price":"3750"}},"SMS CAMPAIGN":{"0":{"title":"Punjab Kesari - Delhi","price":"3750"}}}