{"Recruitment job":{"0":{"title":"Punjab Kesari All Editions","price":"15000"},"1":{"title":"Punjab Keshri - (Jalandhar + Ludhiana) Edition","price":"9000"},"2":{"title":"Punjab Keshri (Jalandhar + Ludhiana + Chandigarh) Edition","price":"10500"}},"Education":{"0":{"title":"Punjab Kesari All Editions","price":"15000"},"1":{"title":"Punjab Keshri - (Jalandhar + Ludhiana) Edition","price":"9000"},"2":{"title":"Punjab Keshri (Jalandhar + Ludhiana + Chandigarh) Edition","price":"10500"},"3":{"title":"Punjab Keshri (Chandigarh + Hisar + Panipat) Editions","price":"6750"},"4":{"title":"Punjab Kesari - Jammu","price":"1500"}},"property real estate":{"0":{"title":"Punjab Kesari All Editions","price":"15000"},"1":{"title":"Punjab Keshri - (Jalandhar + Ludhiana) Edition","price":"9000"},"2":{"title":"Punjab Keshri (Jalandhar + Ludhiana + Chandigarh) Edition","price":"10500"},"3":{"title":"Punjab Keshri (Chandigarh + Hisar + Panipat) Editions","price":"6750"},"4":{"title":"Punjab Kesari - Jammu","price":"1500"}},"Lost and Found":{"0":{"title":"Punjab Kesari All Editions","price":"15000"},"1":{"title":"Punjab Keshri - (Jalandhar + Ludhiana) Edition","price":"9000"},"2":{"title":"Punjab Keshri (Jalandhar + Ludhiana + Chandigarh) Edition","price":"10500"},"3":{"title":"Punjab Keshri (Chandigarh + Hisar + Panipat) Editions","price":"6750"},"4":{"title":"Punjab Kesari - Jammu","price":"1500"}},"Business":{"0":{"title":"Punjab Kesari All Editions","price":"15000"},"1":{"title":"Punjab Keshri - (Jalandhar + Ludhiana) Edition","price":"9000"},"2":{"title":"Punjab Keshri (Jalandhar + Ludhiana + Chandigarh) Edition","price":"10500"},"3":{"title":"Punjab Keshri (Chandigarh + Hisar + Panipat) Editions","price":"6750"},"4":{"title":"Punjab Kesari - Jammu","price":"1500"}},"Obituary(Death Announcement)":{"0":{"title":"Punjab Kesari All Editions","price":"15000"},"1":{"title":"Punjab Keshri - (Jalandhar + Ludhiana) Edition","price":"9000"},"2":{"title":"Punjab Keshri (Jalandhar + Ludhiana + Chandigarh) Edition","price":"10500"},"3":{"title":"Punjab Keshri (Chandigarh + Hisar + Panipat) Editions","price":"6750"},"4":{"title":"Punjab Kesari - Jammu","price":"1500"}},"Remembrance(Unforgettable)":{"0":{"title":"Punjab Kesari All Editions","price":"15000"},"1":{"title":"Punjab Keshri - (Jalandhar + Ludhiana) Edition","price":"9000"},"2":{"title":"Punjab Keshri (Jalandhar + Ludhiana + Chandigarh) Edition","price":"10500"},"3":{"title":"Punjab Keshri (Chandigarh + Hisar + Panipat) Editions","price":"6750"},"4":{"title":"Punjab Kesari - Jammu","price":"1500"}},"public tender notices":{"0":{"title":"Punjab Kesari All Editions","price":"15000"},"1":{"title":"Punjab Keshri - (Jalandhar + Ludhiana) Edition","price":"9000"},"2":{"title":"Punjab Keshri (Jalandhar + Ludhiana + Chandigarh) Edition","price":"10500"},"3":{"title":"Punjab Keshri (Chandigarh + Hisar + Panipat) Editions","price":"6750"},"4":{"title":"Punjab Kesari - Jammu","price":"1500"}},"Services":{"0":{"title":"Punjab Kesari All Editions","price":"15000"},"1":{"title":"Punjab Keshri - (Jalandhar + Ludhiana) Edition","price":"7500"},"2":{"title":"Punjab Keshri (Jalandhar + Ludhiana + Chandigarh) Edition","price":"10500"},"3":{"title":"Punjab Keshri (Chandigarh + Hisar + Panipat) Editions","price":"6750"},"4":{"title":"Punjab Kesari - Jammu","price":"1500"}},"Retail/Shopping":{"0":{"title":"Punjab Kesari All Editions","price":"15000"},"1":{"title":"Punjab Keshri - (Jalandhar + Ludhiana) Edition","price":"7500"},"2":{"title":"Punjab Keshri (Jalandhar + Ludhiana + Chandigarh) Edition","price":"10500"},"3":{"title":"Punjab Keshri (Chandigarh + Hisar + Panipat) Editions","price":"6750"},"4":{"title":"Punjab Kesari - Jammu","price":"1500"}},"Personal Announcement":{"0":{"title":"Punjab Kesari All Editions","price":"15000"},"1":{"title":"Punjab Keshri - (Jalandhar + Ludhiana) Edition","price":"7500"},"2":{"title":"Punjab Keshri (Jalandhar + Ludhiana + Chandigarh) Edition","price":"10500"},"3":{"title":"Punjab Keshri (Chandigarh + Hisar + Panipat) Editions","price":"6750"},"4":{"title":"Punjab Kesari - Jammu","price":"1500"}},"Computers and Hardware":{"0":{"title":"Punjab Kesari All Editions","price":"15000"},"1":{"title":"Punjab Keshri - (Jalandhar + Ludhiana) Edition","price":"9000"},"2":{"title":"Punjab Keshri (Jalandhar + Ludhiana + Chandigarh) Edition","price":"10500"}},"Astrology":{"0":{"title":"Punjab Kesari All Editions","price":"15000"},"1":{"title":"Punjab Keshri - (Jalandhar + Ludhiana) Edition","price":"9000"},"2":{"title":"Punjab Keshri (Jalandhar + Ludhiana + Chandigarh) Edition","price":"10500"},"3":{"title":"Punjab Keshri (Chandigarh + Hisar + Panipat) Editions","price":"6750"},"4":{"title":"Punjab Kesari - Jammu","price":"1500"}},"Vehicles Automobiles":{"0":{"title":"Punjab Kesari All Editions","price":"15000"},"1":{"title":"Punjab Keshri - (Jalandhar + Ludhiana) Edition","price":"9000"},"2":{"title":"Punjab Keshri (Jalandhar + Ludhiana + Chandigarh) Edition","price":"10500"},"3":{"title":"Punjab Keshri (Chandigarh + Hisar + Panipat) Editions","price":"6750"},"4":{"title":"Punjab Kesari - Jammu","price":"1500"}},"Tours and Travel":{"0":{"title":"Punjab Kesari All Editions","price":"15000"},"1":{"title":"Punjab Keshri - (Jalandhar + Ludhiana) Edition","price":"9000"},"2":{"title":"Punjab Keshri (Jalandhar + Ludhiana + Chandigarh) Edition","price":"10500"},"3":{"title":"Punjab Keshri (Chandigarh + Hisar + Panipat) Editions","price":"6750"},"4":{"title":"Punjab Kesari - Jammu","price":"1500"}},"Property-Rental":{"0":{"title":"Punjab Kesari All Editions","price":"15000"},"1":{"title":"Punjab Keshri - (Jalandhar + Ludhiana) Edition","price":"9000"},"2":{"title":"Punjab Keshri (Jalandhar + Ludhiana + Chandigarh) Edition","price":"10500"}},"Entertainment":{"0":{"title":"Punjab Kesari All Editions","price":"15000"},"1":{"title":"Punjab Keshri - (Jalandhar + Ludhiana) Edition","price":"9000"},"2":{"title":"Punjab Keshri (Jalandhar + Ludhiana + Chandigarh) Edition","price":"10500"},"3":{"title":"Punjab Keshri (Chandigarh + Hisar + Panipat) Editions","price":"6750"},"4":{"title":"Punjab Kesari - Jammu","price":"1500"}},"Real Estate Selling":{"0":{"title":"Punjab Kesari All Editions","price":"15000"},"1":{"title":"Punjab Keshri - (Jalandhar + Ludhiana) Edition","price":"9000"},"2":{"title":"Punjab Keshri (Jalandhar + Ludhiana + Chandigarh) Edition","price":"10500"},"3":{"title":"Punjab Keshri (Chandigarh + Hisar + Panipat) Editions","price":"6750"},"4":{"title":"Punjab Kesari - Jammu","price":"1500"}},"Beauty & Wellness":{"0":{"title":"Punjab Kesari All Editions","price":"15000"},"1":{"title":"Punjab Keshri - (Jalandhar + Ludhiana) Edition","price":"9000"},"2":{"title":"Punjab Keshri (Jalandhar + Ludhiana + Chandigarh) Edition","price":"10500"},"3":{"title":"Punjab Keshri (Chandigarh + Hisar + Panipat) Editions","price":"6750"},"4":{"title":"Punjab Kesari - Jammu","price":"1500"}},"Call Centre Employees":{"0":{"title":"Punjab Kesari All Editions","price":"15000"},"1":{"title":"Punjab Keshri - (Jalandhar + Ludhiana) Edition","price":"9000"},"2":{"title":"Punjab Keshri (Jalandhar + Ludhiana + Chandigarh) Edition","price":"10500"},"3":{"title":"Punjab Keshri (Chandigarh + Hisar + Panipat) Editions","price":"6750"},"4":{"title":"Punjab Kesari - Jammu","price":"1500"}},"Prajapati":{"0":{"title":"Punjab Kesari All Editions","price":"15000"},"1":{"title":"Punjab Keshri - (Jalandhar + Ludhiana) Edition","price":"9000"},"2":{"title":"Punjab Keshri (Jalandhar + Ludhiana + Chandigarh) Edition","price":"10500"},"3":{"title":"Punjab Keshri (Chandigarh + Hisar + Panipat) Editions","price":"6750"},"4":{"title":"Punjab Kesari - Jammu","price":"1500"}},"Bungalow For Sale":{"0":{"title":"Punjab Kesari All Editions","price":"15000"},"1":{"title":"Punjab Keshri - (Jalandhar + Ludhiana) Edition","price":"9000"},"2":{"title":"Punjab Keshri (Jalandhar + Ludhiana + Chandigarh) Edition","price":"10500"},"3":{"title":"Punjab Keshri (Chandigarh + Hisar + Panipat) Editions","price":"6750"},"4":{"title":"Punjab Kesari - Jammu","price":"1500"}},"For Rent/Lease/To Let":{"0":{"title":"Punjab Kesari All Editions","price":"15000"},"1":{"title":"Punjab Keshri - (Jalandhar + Ludhiana) Edition","price":"9000"},"2":{"title":"Punjab Keshri (Jalandhar + Ludhiana + Chandigarh) Edition","price":"10500"},"3":{"title":"Punjab Keshri (Chandigarh + Hisar + Panipat) Editions","price":"6750"},"4":{"title":"Punjab Kesari - Jammu","price":"1500"}},"Outright Sale":{"0":{"title":"Punjab Kesari All Editions","price":"15000"},"1":{"title":"Punjab Keshri - (Jalandhar + Ludhiana) Edition","price":"9000"},"2":{"title":"Punjab Keshri (Jalandhar + Ludhiana + Chandigarh) Edition","price":"10500"},"3":{"title":"Punjab Keshri (Chandigarh + Hisar + Panipat) Editions","price":"6750"},"4":{"title":"Punjab Kesari - Jammu","price":"1500"}}}