{"Matrimonial":{"0":{"title":"Punya Nagari - All Editions","price":"11250"},"1":{"title":"Punya Nagari + Yashobhumi","price":"4500"},"2":{"title":"Punya Nagari + Mumbai Choufer - Mumbai","price":"4950"}},"Marriage Bureau":{"0":{"title":"Punya Nagari - All Editions","price":"11250"},"1":{"title":"Punya Nagari + Yashobhumi","price":"4500"},"2":{"title":"Punya Nagari + Mumbai Choufer - Mumbai","price":"4950"}},"Change of Name":{"0":{"title":"Punya Nagari - All Editions","price":"11250"},"1":{"title":"Punya Nagari + Yashobhumi","price":"4500"},"2":{"title":"Punya Nagari + Mumbai Choufer - Mumbai","price":"4950"}},"Recruitment job":{"0":{"title":"Punya Nagari - All Editions","price":"11250"},"1":{"title":"Punya Nagari + Yashobhumi","price":"4500"},"2":{"title":"Punya Nagari + Mumbai Choufer - Mumbai","price":"4950"}},"Education":{"0":{"title":"Punya Nagari - All Editions","price":"11250"},"1":{"title":"Punya Nagari + Yashobhumi","price":"4500"},"2":{"title":"Punya Nagari + Mumbai Choufer - Mumbai","price":"4950"}},"property real estate":{"0":{"title":"Punya Nagari - All Editions","price":"11250"},"1":{"title":"Punya Nagari + Yashobhumi","price":"4500"},"2":{"title":"Punya Nagari + Mumbai Choufer - Mumbai","price":"4950"}},"Lost and Found":{"0":{"title":"Punya Nagari - All Editions","price":"11250"},"1":{"title":"Punya Nagari + Yashobhumi","price":"4500"},"2":{"title":"Punya Nagari + Mumbai Choufer - Mumbai","price":"4950"}},"Business":{"0":{"title":"Punya Nagari - All Editions","price":"11250"},"1":{"title":"Punya Nagari + Yashobhumi","price":"4500"},"2":{"title":"Punya Nagari + Mumbai Choufer - Mumbai","price":"4950"}},"Obituary(Death Announcement)":{"0":{"title":"Punya Nagari - All Editions","price":"11250"},"1":{"title":"Punya Nagari + Yashobhumi","price":"4500"},"2":{"title":"Punya Nagari + Mumbai Choufer - Mumbai","price":"4950"}},"Remembrance(Unforgettable)":{"0":{"title":"Punya Nagari - All Editions","price":"11250"},"1":{"title":"Punya Nagari + Yashobhumi","price":"4500"},"2":{"title":"Punya Nagari + Mumbai Choufer - Mumbai","price":"4950"}},"public tender notices":{"0":{"title":"Punya Nagari - All Editions","price":"11250"},"1":{"title":"Punya Nagari + Yashobhumi","price":"4500"},"2":{"title":"Punya Nagari + Mumbai Choufer - Mumbai","price":"4950"},"3":{"title":"Punya nagari All Group","price":"18000"},"4":{"title":"Punya Nagari - Ahmednagar","price":"525"},"5":{"title":"Punya Nagari - Akola","price":"750"},"6":{"title":"Punya Nagari - Amravati","price":"750"},"7":{"title":"Punya Nagari - Aurangabad","price":"1350"},"8":{"title":"Punya Nagari - Dhule","price":"900"},"9":{"title":"Punya Nagari - Jalgaon","price":"900"},"10":{"title":"Punya Nagari - Kolhapur","price":"525"},"11":{"title":"Punya Nagari - Latur","price":"1350"},"12":{"title":"Punya Nagari - Mumbai","price":"3075"},"13":{"title":"Punya Nagari - Nagpur","price":"1350"},"14":{"title":"Punya Nagari - Nanded","price":"1350"},"15":{"title":"Punya Nagari - Nashik","price":"750"},"16":{"title":"Punya Nagari - Pune","price":"1950"},"17":{"title":"Punya Nagari - Satara","price":"375"},"18":{"title":"Punya Nagari - Solapur","price":"975"}},"Services":{"0":{"title":"Punya Nagari - All Editions","price":"11250"},"1":{"title":"Punya Nagari + Yashobhumi","price":"4500"},"2":{"title":"Punya Nagari + Mumbai Choufer - Mumbai","price":"4950"},"3":{"title":"Punya nagari All Group","price":"18000"},"4":{"title":"Punya Nagari - Ahmednagar","price":"525"},"5":{"title":"Punya Nagari - Akola","price":"750"},"6":{"title":"Punya Nagari - Amravati","price":"750"},"7":{"title":"Punya Nagari - Aurangabad","price":"1350"},"8":{"title":"Punya Nagari - Dhule","price":"900"},"9":{"title":"Punya Nagari - Jalgaon","price":"900"},"10":{"title":"Punya Nagari - Kolhapur","price":"525"},"11":{"title":"Punya Nagari - Latur","price":"1350"},"12":{"title":"Punya Nagari - Mumbai","price":"3075"},"13":{"title":"Punya Nagari - Nagpur","price":"1350"},"14":{"title":"Punya Nagari - Nanded","price":"1350"},"15":{"title":"Punya Nagari - Nashik","price":"750"},"16":{"title":"Punya Nagari - Pune","price":"1950"},"17":{"title":"Punya Nagari - Satara","price":"375"},"18":{"title":"Punya Nagari - Solapur","price":"975"}},"Retail/Shopping":{"0":{"title":"Punya Nagari - All Editions","price":"11250"},"1":{"title":"Punya Nagari + Yashobhumi","price":"4500"},"2":{"title":"Punya Nagari + Mumbai Choufer - Mumbai","price":"4950"},"3":{"title":"Punya nagari All Group","price":"18000"},"4":{"title":"Punya Nagari - Ahmednagar","price":"525"},"5":{"title":"Punya Nagari - Akola","price":"750"},"6":{"title":"Punya Nagari - Amravati","price":"750"},"7":{"title":"Punya Nagari - Aurangabad","price":"1350"},"8":{"title":"Punya Nagari - Dhule","price":"900"},"9":{"title":"Punya Nagari - Jalgaon","price":"900"},"10":{"title":"Punya Nagari - Kolhapur","price":"525"},"11":{"title":"Punya Nagari - Latur","price":"1350"},"12":{"title":"Punya Nagari - Mumbai","price":"3075"},"13":{"title":"Punya Nagari - Nagpur","price":"1350"},"14":{"title":"Punya Nagari - Nanded","price":"1350"},"15":{"title":"Punya Nagari - Nashik","price":"750"},"16":{"title":"Punya Nagari - Pune","price":"1950"},"17":{"title":"Punya Nagari - Satara","price":"375"},"18":{"title":"Punya Nagari - Solapur","price":"975"}},"Computers and Hardware":{"0":{"title":"Punya Nagari - All Editions","price":"11250"},"1":{"title":"Punya Nagari + Yashobhumi","price":"4500"},"2":{"title":"Punya Nagari + Mumbai Choufer - Mumbai","price":"4950"}},"Vehicles Automobiles":{"0":{"title":"Punya Nagari - All Editions","price":"11250"},"1":{"title":"Punya Nagari + Yashobhumi","price":"4500"},"2":{"title":"Punya Nagari + Mumbai Choufer - Mumbai","price":"4950"},"3":{"title":"Punya Nagari - Ahmednagar","price":"525"},"4":{"title":"Punya Nagari - Akola","price":"750"},"5":{"title":"Punya Nagari - Amravati","price":"750"},"6":{"title":"Punya Nagari - Aurangabad","price":"1350"},"7":{"title":"Punya Nagari - Dhule","price":"900"},"8":{"title":"Punya Nagari - Jalgaon","price":"900"},"9":{"title":"Punya Nagari - Kolhapur","price":"525"},"10":{"title":"Punya Nagari - Latur","price":"1350"},"11":{"title":"Punya Nagari - Mumbai","price":"3075"},"12":{"title":"Punya Nagari - Nagpur","price":"1350"},"13":{"title":"Punya Nagari - Nanded","price":"1350"},"14":{"title":"Punya Nagari - Nashik","price":"750"},"15":{"title":"Punya Nagari - Pune","price":"1950"},"16":{"title":"Punya Nagari - Satara","price":"375"},"17":{"title":"Punya Nagari - Solapur","price":"975"}},"Tours and Travel":{"0":{"title":"Punya Nagari - All Editions","price":"11250"},"1":{"title":"Punya Nagari + Yashobhumi","price":"4500"},"2":{"title":"Punya Nagari + Mumbai Choufer - Mumbai","price":"4950"},"3":{"title":"Punya Nagari - Ahmednagar","price":"525"},"4":{"title":"Punya Nagari - Akola","price":"750"},"5":{"title":"Punya Nagari - Amravati","price":"750"},"6":{"title":"Punya Nagari - Aurangabad","price":"1350"},"7":{"title":"Punya Nagari - Dhule","price":"900"},"8":{"title":"Punya Nagari - Jalgaon","price":"900"},"9":{"title":"Punya Nagari - Kolhapur","price":"525"},"10":{"title":"Punya Nagari - Latur","price":"1350"},"11":{"title":"Punya Nagari - Mumbai","price":"3075"},"12":{"title":"Punya Nagari - Nagpur","price":"1350"},"13":{"title":"Punya Nagari - Nanded","price":"1350"},"14":{"title":"Punya Nagari - Nashik","price":"750"},"15":{"title":"Punya Nagari - Pune","price":"1950"},"16":{"title":"Punya Nagari - Satara","price":"375"},"17":{"title":"Punya Nagari - Solapur","price":"975"}},"Property-Rental":{"0":{"title":"Punya Nagari - All Editions","price":"11250"},"1":{"title":"Punya Nagari + Yashobhumi","price":"4500"},"2":{"title":"Punya Nagari + Mumbai Choufer - Mumbai","price":"4950"},"3":{"title":"Punya nagari All Group","price":"18000"},"4":{"title":"Punya Nagari - Ahmednagar","price":"525"},"5":{"title":"Punya Nagari - Akola","price":"750"},"6":{"title":"Punya Nagari - Amravati","price":"750"},"7":{"title":"Punya Nagari - Aurangabad","price":"1350"},"8":{"title":"Punya Nagari - Dhule","price":"900"},"9":{"title":"Punya Nagari - Jalgaon","price":"900"},"10":{"title":"Punya Nagari - Kolhapur","price":"525"},"11":{"title":"Punya Nagari - Latur","price":"1350"},"12":{"title":"Punya Nagari - Mumbai","price":"3075"},"13":{"title":"Punya Nagari - Nagpur","price":"1350"},"14":{"title":"Punya Nagari - Nanded","price":"1350"},"15":{"title":"Punya Nagari - Nashik","price":"750"},"16":{"title":"Punya Nagari - Pune","price":"1950"},"17":{"title":"Punya Nagari - Satara","price":"375"},"18":{"title":"Punya Nagari - Solapur","price":"975"}}}