{"Matrimonial":{"0":{"title":"Rajasthan Patrika - All Rajasthan Editions","price":"2862"},"1":{"title":"Rajasthan Patrika - Jaipur Edition","price":"2388"},"2":{"title":"Rajashtan Patrika - All Edition","price":"5520"}},"Marriage Bureau":{"0":{"title":"Rajasthan Patrika - All Rajasthan Editions","price":"2862"},"1":{"title":"Rajasthan Patrika - Jaipur Edition","price":"2388"},"2":{"title":"Rajashtan Patrika - All Edition","price":"5520"}},"Change of Name":{"0":{"title":"Rajasthan Patrika - All Rajasthan Editions","price":"2862"},"1":{"title":"Rajasthan Patrika - Jaipur Edition","price":"2388"},"2":{"title":"Rajashtan Patrika - All Edition","price":"5520"}},"Recruitment job":{"0":{"title":"Rajasthan Patrika - All Rajasthan Editions","price":"2862"},"1":{"title":"Rajasthan Patrika - Jaipur Edition","price":"2388"},"2":{"title":"Rajashtan Patrika - All Edition","price":"5520"}},"Education":{"0":{"title":"Rajasthan Patrika - All Rajasthan Editions","price":"2862"},"1":{"title":"Rajasthan Patrika - Jaipur Edition","price":"2388"},"2":{"title":"Rajashtan Patrika - All Edition","price":"5520"}},"property real estate":{"0":{"title":"Rajasthan Patrika - All Rajasthan Editions","price":"2862"},"1":{"title":"Rajasthan Patrika - Jaipur Edition","price":"2388"},"2":{"title":"Rajashtan Patrika - All Edition","price":"5520"}},"Lost and Found":{"0":{"title":"Rajasthan Patrika - All Rajasthan Editions","price":"2862"},"1":{"title":"Rajasthan Patrika - Jaipur Edition","price":"2388"},"2":{"title":"Rajashtan Patrika - All Edition","price":"5520"}},"Business":{"0":{"title":"Rajasthan Patrika - All Rajasthan Editions","price":"2862"},"1":{"title":"Rajasthan Patrika - Jaipur Edition","price":"2388"},"2":{"title":"Rajashtan Patrika - All Edition","price":"12420"}},"Obituary(Death Announcement)":{"0":{"title":"Rajasthan Patrika - All Rajasthan Editions","price":"53775"},"1":{"title":"Rajasthan Patrika - All MP","price":"23205"},"2":{"title":"Rajasthan Patrika - All Chattisgarh Editions","price":"12420"},"3":{"title":"Rajasthan Patrika : Rajasthan + Gujarat + Tamilnadu + Karnataka + W.Bengal","price":"73170"},"4":{"title":"Rajasthan Patrika : Madhya Pradesh + Chhatisgarh + News Today Indore","price":"42360"},"5":{"title":"Rajasthan Patrika - Jaipur Edition","price":"18075"},"6":{"title":"Rajashtan Patrika - All Edition","price":"105225"},"7":{"title":"Rajasthan Patrika - Rajasthan + Madhya Pradesh + Chhatisgarh","price":"92685"},"8":{"title":"Rajasthan Patrika - Barmer","price":"4680"},"9":{"title":"Rajasthan Patrika - Mumbai","price":"3510"},"10":{"title":"Rajasthan Patrika - Ahmedabad","price":"2970"},"11":{"title":"Rajasthan Patrika - Ajmer","price":"3405"},"12":{"title":"Rajasthan Patrika - Alwar","price":"4710"},"13":{"title":"Rajasthan Patrika - Bangalore","price":"4950"},"14":{"title":"Rajasthan Patrika - Banswara","price":"3210"},"15":{"title":"Rajasthan Patrika - Bhilwara","price":"4710"},"16":{"title":"Rajasthan Patrika - Bhopal","price":"7155"},"17":{"title":"Rajasthan Patrika - Bikaner","price":"4470"},"18":{"title":"Rajasthan Patrika - Bilaspur","price":"3945"},"19":{"title":"Rajasthan Patrika - Chennai","price":"3330"},"20":{"title":"Rajasthan Patrika - Chhindwara","price":"2250"},"21":{"title":"Rajasthan Patrika - Coimbatore","price":"1410"},"22":{"title":"Rajasthan Patrika - Delhi","price":"6570"},"23":{"title":"Rajasthan Patrika - Gangapur City","price":"4680"},"24":{"title":"Rajasthan Patrika - Gwalior","price":"8370"},"25":{"title":"Rajasthan Patrika - Hubli","price":"1800"},"26":{"title":"Rajasthan Patrika - Indore","price":"8880"},"27":{"title":"Rajasthan Patrika - Jabalpur","price":"8970"},"28":{"title":"Rajasthan Patrika - Jagdalpur","price":"3615"},"29":{"title":"Rajasthan Patrika - Jaipur","price":"18570"},"30":{"title":"Rajasthan Patrika - Jodhpur","price":"6570"},"31":{"title":"Rajasthan Patrika - Kolkata","price":"3510"},"32":{"title":"Rajasthan Patrika - Kota","price":"6780"},"33":{"title":"Rajasthan Patrika - Pali","price":"3780"},"34":{"title":"Rajasthan Patrika - Raipur","price":"10980"},"35":{"title":"Rajasthan Patrika - Ratlam","price":"3630"},"36":{"title":"Rajasthan Patrika - Sagar","price":"3795"},"37":{"title":"Rajasthan Patrika - Satna","price":"2415"},"38":{"title":"Rajasthan Patrika - Sikar","price":"5310"},"39":{"title":"Rajasthan Patrika - Sriganganagar","price":"5670"},"40":{"title":"Rajasthan Patrika - Surat","price":"3510"},"41":{"title":"Rajasthan Patrika - Udaipur","price":"6210"},"42":{"title":"Rajasthan Patrika - Ujjain","price":"1380"}},"Services":{"0":{"title":"Rajasthan Patrika - All Rajasthan Editions","price":"56100"},"1":{"title":"Rajasthan Patrika - All MP","price":"23205"},"2":{"title":"Rajasthan Patrika - All Chattisgarh Editions","price":"12420"}},"Retail/Shopping":{"0":{"title":"Rajasthan Patrika - All Rajasthan Editions","price":"56100"},"1":{"title":"Rajasthan Patrika - All MP","price":"23205"},"2":{"title":"Rajasthan Patrika - All Chattisgarh Editions","price":"12420"},"3":{"title":"Rajasthan Patrika : Rajasthan + Gujarat + Tamilnadu + Karnataka + W.Bengal","price":"73170"},"4":{"title":"Rajasthan Patrika : Madhya Pradesh + Chhatisgarh + News Today Indore","price":"42360"},"5":{"title":"Rajasthan Patrika - Jaipur Edition","price":"18075"},"6":{"title":"Rajashtan Patrika - All Edition","price":"105225"},"7":{"title":"Rajasthan Patrika - Rajasthan + Madhya Pradesh + Chhatisgarh","price":"92685"},"8":{"title":"Rajasthan Patrika - Barmer","price":"4680"},"9":{"title":"Rajasthan Patrika - Mumbai","price":"3510"},"10":{"title":"Rajasthan Patrika - Ahmedabad","price":"2970"},"11":{"title":"Rajasthan Patrika - Ajmer","price":"3405"},"12":{"title":"Rajasthan Patrika - Alwar","price":"4710"},"13":{"title":"Rajasthan Patrika - Bangalore","price":"4950"},"14":{"title":"Rajasthan Patrika - Banswara","price":"3210"},"15":{"title":"Rajasthan Patrika - Bhilwara","price":"4710"},"16":{"title":"Rajasthan Patrika - Bhopal","price":"7155"},"17":{"title":"Rajasthan Patrika - Bikaner","price":"4470"},"18":{"title":"Rajasthan Patrika - Bilaspur","price":"3945"},"19":{"title":"Rajasthan Patrika - Chennai","price":"3330"},"20":{"title":"Rajasthan Patrika - Chhindwara","price":"2250"},"21":{"title":"Rajasthan Patrika - Coimbatore","price":"1410"},"22":{"title":"Rajasthan Patrika - Delhi","price":"6570"},"23":{"title":"Rajasthan Patrika - Gangapur City","price":"4680"},"24":{"title":"Rajasthan Patrika - Gwalior","price":"8370"},"25":{"title":"Rajasthan Patrika - Hubli","price":"1800"},"26":{"title":"Rajasthan Patrika - Indore","price":"8880"},"27":{"title":"Rajasthan Patrika - Jabalpur","price":"8970"},"28":{"title":"Rajasthan Patrika - Jagdalpur","price":"3615"},"29":{"title":"Rajasthan Patrika - Jaipur","price":"18570"},"30":{"title":"Rajasthan Patrika - Jodhpur","price":"6570"},"31":{"title":"Rajasthan Patrika - Kolkata","price":"3510"},"32":{"title":"Rajasthan Patrika - Kota","price":"6780"},"33":{"title":"Rajasthan Patrika - Pali","price":"3780"},"34":{"title":"Rajasthan Patrika - Raipur","price":"10980"},"35":{"title":"Rajasthan Patrika - Ratlam","price":"3630"},"36":{"title":"Rajasthan Patrika - Sagar","price":"3795"},"37":{"title":"Rajasthan Patrika - Satna","price":"2415"},"38":{"title":"Rajasthan Patrika - Sikar","price":"5310"},"39":{"title":"Rajasthan Patrika - Sriganganagar","price":"5670"},"40":{"title":"Rajasthan Patrika - Surat","price":"3510"},"41":{"title":"Rajasthan Patrika - Udaipur","price":"6210"},"42":{"title":"Rajasthan Patrika - Ujjain","price":"1380"}},"Computers and Hardware":{"0":{"title":"Rajasthan Patrika - All Rajasthan Editions","price":"56100"},"1":{"title":"Rajasthan Patrika - All MP","price":"23205"},"2":{"title":"Rajasthan Patrika - All Chattisgarh Editions","price":"12420"}},"Astrology":{"0":{"title":"Rajasthan Patrika - All Rajasthan Editions","price":"56100"},"1":{"title":"Rajasthan Patrika - All MP","price":"23205"},"2":{"title":"Rajasthan Patrika - All Chattisgarh Editions","price":"12420"},"3":{"title":"Rajasthan Patrika : Rajasthan + Gujarat + Tamilnadu + Karnataka + W.Bengal","price":"73170"},"4":{"title":"Rajasthan Patrika : Madhya Pradesh + Chhatisgarh + News Today Indore","price":"42360"},"5":{"title":"Rajasthan Patrika - Jaipur Edition","price":"18075"},"6":{"title":"Rajashtan Patrika - All Edition","price":"105225"},"7":{"title":"Rajasthan Patrika - Rajasthan + Madhya Pradesh + Chhatisgarh","price":"92685"},"8":{"title":"Rajasthan Patrika - Barmer","price":"4680"},"9":{"title":"Rajasthan Patrika - Mumbai","price":"3510"},"10":{"title":"Rajasthan Patrika - Ahmedabad","price":"2970"},"11":{"title":"Rajasthan Patrika - Ajmer","price":"3405"},"12":{"title":"Rajasthan Patrika - Alwar","price":"4710"},"13":{"title":"Rajasthan Patrika - Bangalore","price":"4950"},"14":{"title":"Rajasthan Patrika - Banswara","price":"3210"},"15":{"title":"Rajasthan Patrika - Bhilwara","price":"4710"},"16":{"title":"Rajasthan Patrika - Bhopal","price":"7155"},"17":{"title":"Rajasthan Patrika - Bikaner","price":"4470"},"18":{"title":"Rajasthan Patrika - Bilaspur","price":"3945"},"19":{"title":"Rajasthan Patrika - Chennai","price":"3330"},"20":{"title":"Rajasthan Patrika - Chhindwara","price":"2250"},"21":{"title":"Rajasthan Patrika - Coimbatore","price":"1410"},"22":{"title":"Rajasthan Patrika - Delhi","price":"6570"},"23":{"title":"Rajasthan Patrika - Gangapur City","price":"4680"},"24":{"title":"Rajasthan Patrika - Gwalior","price":"8370"},"25":{"title":"Rajasthan Patrika - Hubli","price":"1800"},"26":{"title":"Rajasthan Patrika - Indore","price":"8880"},"27":{"title":"Rajasthan Patrika - Jabalpur","price":"8970"},"28":{"title":"Rajasthan Patrika - Jagdalpur","price":"3615"},"29":{"title":"Rajasthan Patrika - Jaipur","price":"18570"},"30":{"title":"Rajasthan Patrika - Jodhpur","price":"6570"},"31":{"title":"Rajasthan Patrika - Kolkata","price":"3510"},"32":{"title":"Rajasthan Patrika - Kota","price":"6780"},"33":{"title":"Rajasthan Patrika - Pali","price":"3780"},"34":{"title":"Rajasthan Patrika - Raipur","price":"10980"},"35":{"title":"Rajasthan Patrika - Ratlam","price":"3630"},"36":{"title":"Rajasthan Patrika - Sagar","price":"3795"},"37":{"title":"Rajasthan Patrika - Satna","price":"2415"},"38":{"title":"Rajasthan Patrika - Sikar","price":"5310"},"39":{"title":"Rajasthan Patrika - Sriganganagar","price":"5670"},"40":{"title":"Rajasthan Patrika - Surat","price":"3510"},"41":{"title":"Rajasthan Patrika - Udaipur","price":"6210"},"42":{"title":"Rajasthan Patrika - Ujjain","price":"1380"}},"Vehicles Automobiles":{"0":{"title":"Rajasthan Patrika - All Rajasthan Editions","price":"56100"},"1":{"title":"Rajasthan Patrika - All MP","price":"23205"},"2":{"title":"Rajasthan Patrika - All Chattisgarh Editions","price":"12420"},"3":{"title":"Rajasthan Patrika : Rajasthan + Gujarat + Tamilnadu + Karnataka + W.Bengal","price":"73170"},"4":{"title":"Rajasthan Patrika : Madhya Pradesh + Chhatisgarh + News Today Indore","price":"42360"},"5":{"title":"Rajasthan Patrika - Jaipur Edition","price":"18075"},"6":{"title":"Rajashtan Patrika - All Edition","price":"105225"},"7":{"title":"Rajasthan Patrika - Rajasthan + Madhya Pradesh + Chhatisgarh","price":"92685"},"8":{"title":"Rajasthan Patrika - Barmer","price":"4680"},"9":{"title":"Rajasthan Patrika - Mumbai","price":"3510"},"10":{"title":"Rajasthan Patrika - Ahmedabad","price":"2970"},"11":{"title":"Rajasthan Patrika - Ajmer","price":"3405"},"12":{"title":"Rajasthan Patrika - Alwar","price":"4710"},"13":{"title":"Rajasthan Patrika - Bangalore","price":"4950"},"14":{"title":"Rajasthan Patrika - Banswara","price":"3210"},"15":{"title":"Rajasthan Patrika - Bhilwara","price":"4710"},"16":{"title":"Rajasthan Patrika - Bhopal","price":"7155"},"17":{"title":"Rajasthan Patrika - Bikaner","price":"4470"},"18":{"title":"Rajasthan Patrika - Bilaspur","price":"3945"},"19":{"title":"Rajasthan Patrika - Chennai","price":"3330"},"20":{"title":"Rajasthan Patrika - Chhindwara","price":"2250"},"21":{"title":"Rajasthan Patrika - Coimbatore","price":"1410"},"22":{"title":"Rajasthan Patrika - Delhi","price":"6570"},"23":{"title":"Rajasthan Patrika - Gangapur City","price":"4680"},"24":{"title":"Rajasthan Patrika - Gwalior","price":"8370"},"25":{"title":"Rajasthan Patrika - Hubli","price":"1800"},"26":{"title":"Rajasthan Patrika - Indore","price":"8880"},"27":{"title":"Rajasthan Patrika - Jabalpur","price":"8970"},"28":{"title":"Rajasthan Patrika - Jagdalpur","price":"3615"},"29":{"title":"Rajasthan Patrika - Jaipur","price":"18570"},"30":{"title":"Rajasthan Patrika - Jodhpur","price":"6570"},"31":{"title":"Rajasthan Patrika - Kolkata","price":"3510"},"32":{"title":"Rajasthan Patrika - Kota","price":"6780"},"33":{"title":"Rajasthan Patrika - Pali","price":"3780"},"34":{"title":"Rajasthan Patrika - Raipur","price":"10980"},"35":{"title":"Rajasthan Patrika - Ratlam","price":"3630"},"36":{"title":"Rajasthan Patrika - Sagar","price":"3795"},"37":{"title":"Rajasthan Patrika - Satna","price":"2415"},"38":{"title":"Rajasthan Patrika - Sikar","price":"5310"},"39":{"title":"Rajasthan Patrika - Sriganganagar","price":"5670"},"40":{"title":"Rajasthan Patrika - Surat","price":"3510"},"41":{"title":"Rajasthan Patrika - Udaipur","price":"6210"},"42":{"title":"Rajasthan Patrika - Ujjain","price":"1380"}},"Tours and Travel":{"0":{"title":"Rajasthan Patrika - All Rajasthan Editions","price":"56100"},"1":{"title":"Rajasthan Patrika - All MP","price":"23205"},"2":{"title":"Rajasthan Patrika - All Chattisgarh Editions","price":"12420"},"3":{"title":"Rajasthan Patrika : Rajasthan + Gujarat + Tamilnadu + Karnataka + W.Bengal","price":"73170"},"4":{"title":"Rajasthan Patrika : Madhya Pradesh + Chhatisgarh + News Today Indore","price":"42360"},"5":{"title":"Rajasthan Patrika - Jaipur Edition","price":"18075"},"6":{"title":"Rajashtan Patrika - All Edition","price":"105225"},"7":{"title":"Rajasthan Patrika - Rajasthan + Madhya Pradesh + Chhatisgarh","price":"92685"},"8":{"title":"Rajasthan Patrika - Barmer","price":"4680"},"9":{"title":"Rajasthan Patrika - Mumbai","price":"3510"},"10":{"title":"Rajasthan Patrika - Ahmedabad","price":"2970"},"11":{"title":"Rajasthan Patrika - Ajmer","price":"3405"},"12":{"title":"Rajasthan Patrika - Alwar","price":"4710"},"13":{"title":"Rajasthan Patrika - Bangalore","price":"4950"},"14":{"title":"Rajasthan Patrika - Banswara","price":"3210"},"15":{"title":"Rajasthan Patrika - Bhilwara","price":"4710"},"16":{"title":"Rajasthan Patrika - Bhopal","price":"7155"},"17":{"title":"Rajasthan Patrika - Bikaner","price":"4470"},"18":{"title":"Rajasthan Patrika - Bilaspur","price":"3945"},"19":{"title":"Rajasthan Patrika - Chennai","price":"3330"},"20":{"title":"Rajasthan Patrika - Chhindwara","price":"2250"},"21":{"title":"Rajasthan Patrika - Coimbatore","price":"1410"},"22":{"title":"Rajasthan Patrika - Delhi","price":"6570"},"23":{"title":"Rajasthan Patrika - Gangapur City","price":"4680"},"24":{"title":"Rajasthan Patrika - Gwalior","price":"8370"},"25":{"title":"Rajasthan Patrika - Hubli","price":"1800"},"26":{"title":"Rajasthan Patrika - Indore","price":"8880"},"27":{"title":"Rajasthan Patrika - Jabalpur","price":"8970"},"28":{"title":"Rajasthan Patrika - Jagdalpur","price":"3615"},"29":{"title":"Rajasthan Patrika - Jaipur","price":"18570"},"30":{"title":"Rajasthan Patrika - Jodhpur","price":"6570"},"31":{"title":"Rajasthan Patrika - Kolkata","price":"3510"},"32":{"title":"Rajasthan Patrika - Kota","price":"6780"},"33":{"title":"Rajasthan Patrika - Pali","price":"3780"},"34":{"title":"Rajasthan Patrika - Raipur","price":"10980"},"35":{"title":"Rajasthan Patrika - Ratlam","price":"3630"},"36":{"title":"Rajasthan Patrika - Sagar","price":"3795"},"37":{"title":"Rajasthan Patrika - Satna","price":"2415"},"38":{"title":"Rajasthan Patrika - Sikar","price":"5310"},"39":{"title":"Rajasthan Patrika - Sriganganagar","price":"5670"},"40":{"title":"Rajasthan Patrika - Surat","price":"3510"},"41":{"title":"Rajasthan Patrika - Udaipur","price":"6210"},"42":{"title":"Rajasthan Patrika - Ujjain","price":"1380"}}}