{"public tender notices":{"0":{"title":"Rashtradoot -All Rajashtan","price":"9000"},"1":{"title":"Rashtradoot - Bikaner","price":"4000"},"2":{"title":"Rashtradoot - Jaipur","price":"3000"}},"Services":{"0":{"title":"Rashtradoot -All Rajashtan","price":"9000"},"1":{"title":"Rashtradoot - Bikaner","price":"4000"},"2":{"title":"Rashtradoot - Jaipur","price":"3000"},"3":{"title":"Rashtradoot - Udaipur","price":"3000"},"4":{"title":"Rashtradoot -Kota","price":"3000"}},"Retail/Shopping":{"0":{"title":"Rashtradoot -All Rajashtan","price":"9000"},"1":{"title":"Rashtradoot - Bikaner","price":"4000"},"2":{"title":"Rashtradoot - Jaipur","price":"3000"},"3":{"title":"Rashtradoot - Udaipur","price":"3000"},"4":{"title":"Rashtradoot -Kota","price":"3000"}},"Personal Announcement":{"0":{"title":"Rashtradoot -All Rajashtan","price":"9000"},"1":{"title":"Rashtradoot - Bikaner","price":"4000"},"2":{"title":"Rashtradoot - Jaipur","price":"3000"},"3":{"title":"Rashtradoot - Udaipur","price":"3000"},"4":{"title":"Rashtradoot -Kota","price":"3000"}},"Computers and Hardware":{"0":{"title":"Rashtradoot -All Rajashtan","price":"9000"},"1":{"title":"Rashtradoot - Bikaner","price":"4000"},"2":{"title":"Rashtradoot - Jaipur","price":"3000"},"3":{"title":"Rashtradoot - Udaipur","price":"3000"},"4":{"title":"Rashtradoot -Kota","price":"3000"}},"Astrology":{"0":{"title":"Rashtradoot -All Rajashtan","price":"9000"},"1":{"title":"Rashtradoot - Bikaner","price":"4000"},"2":{"title":"Rashtradoot - Jaipur","price":"3000"},"3":{"title":"Rashtradoot - Udaipur","price":"3000"},"4":{"title":"Rashtradoot -Kota","price":"3000"}},"Vehicles Automobiles":{"0":{"title":"Rashtradoot -All Rajashtan","price":"9000"},"1":{"title":"Rashtradoot - Bikaner","price":"4000"},"2":{"title":"Rashtradoot - Jaipur","price":"3000"},"3":{"title":"Rashtradoot - Udaipur","price":"3000"},"4":{"title":"Rashtradoot -Kota","price":"3000"}}}