{"Matrimonial":{"0":{"title":"Rashtriya Sahara - Dehradun","price":"1100"},"1":{"title":"Rashtriya sahara - Delhi Ncr","price":"1500"},"2":{"title":"Rashtriya Sahara - Gorakhpur","price":"1300"},"3":{"title":"Rashtriya Sahara - Kanpur","price":"900"},"4":{"title":"Rashtriya Sahara - Lucknow","price":"1400"},"5":{"title":"Rashtriya Sahara - Patna","price":"1100"},"6":{"title":"Rashtriya Sahara - Varanasi","price":"900"}},"Marriage Bureau":{"0":{"title":"Rashtriya Sahara - Dehradun","price":"1100"},"1":{"title":"Rashtriya sahara - Delhi Ncr","price":"1500"},"2":{"title":"Rashtriya Sahara - Gorakhpur","price":"1300"},"3":{"title":"Rashtriya Sahara - Kanpur","price":"900"},"4":{"title":"Rashtriya Sahara - Lucknow","price":"1400"},"5":{"title":"Rashtriya Sahara - Patna","price":"1100"},"6":{"title":"Rashtriya Sahara - Varanasi","price":"900"}},"Change of Name":{"0":{"title":"Rashtriya Sahara - Dehradun","price":"1100"},"1":{"title":"Rashtriya sahara - Delhi Ncr","price":"1500"},"2":{"title":"Rashtriya Sahara - Gorakhpur","price":"1300"},"3":{"title":"Rashtriya Sahara - Kanpur","price":"900"},"4":{"title":"Rashtriya Sahara - Lucknow","price":"1400"},"5":{"title":"Rashtriya Sahara - Patna","price":"1100"},"6":{"title":"Rashtriya Sahara - Varanasi","price":"900"}},"Recruitment job":{"0":{"title":"Rashtriya Sahara - Dehradun","price":"1100"},"1":{"title":"Rashtriya sahara - Delhi Ncr","price":"1500"},"2":{"title":"Rashtriya Sahara - Gorakhpur","price":"1300"},"3":{"title":"Rashtriya Sahara - Kanpur","price":"900"},"4":{"title":"Rashtriya Sahara - Lucknow","price":"1400"},"5":{"title":"Rashtriya Sahara - Patna","price":"1100"},"6":{"title":"Rashtriya Sahara - Varanasi","price":"900"}},"Education":{"0":{"title":"Rashtriya Sahara - Dehradun","price":"1100"},"1":{"title":"Rashtriya sahara - Delhi Ncr","price":"1500"},"2":{"title":"Rashtriya Sahara - Gorakhpur","price":"1300"},"3":{"title":"Rashtriya Sahara - Kanpur","price":"900"},"4":{"title":"Rashtriya Sahara - Lucknow","price":"1400"},"5":{"title":"Rashtriya Sahara - Patna","price":"1100"},"6":{"title":"Rashtriya Sahara - Varanasi","price":"900"}},"property real estate":{"0":{"title":"Rashtriya Sahara - Dehradun","price":"1100"},"1":{"title":"Rashtriya sahara - Delhi Ncr","price":"1500"},"2":{"title":"Rashtriya Sahara - Gorakhpur","price":"1300"},"3":{"title":"Rashtriya Sahara - Kanpur","price":"900"},"4":{"title":"Rashtriya Sahara - Lucknow","price":"1400"},"5":{"title":"Rashtriya Sahara - Patna","price":"1100"},"6":{"title":"Rashtriya Sahara - Varanasi","price":"900"}},"Lost and Found":{"0":{"title":"Rashtriya Sahara - Dehradun","price":"1100"},"1":{"title":"Rashtriya sahara - Delhi Ncr","price":"1500"},"2":{"title":"Rashtriya Sahara - Gorakhpur","price":"1300"},"3":{"title":"Rashtriya Sahara - Kanpur","price":"900"},"4":{"title":"Rashtriya Sahara - Lucknow","price":"1400"},"5":{"title":"Rashtriya Sahara - Patna","price":"1100"},"6":{"title":"Rashtriya Sahara - Varanasi","price":"900"}},"Business":{"0":{"title":"Rashtriya Sahara - Dehradun","price":"1100"},"1":{"title":"Rashtriya sahara - Delhi Ncr","price":"1500"},"2":{"title":"Rashtriya Sahara - Gorakhpur","price":"1300"},"3":{"title":"Rashtriya Sahara - Kanpur","price":"900"},"4":{"title":"Rashtriya Sahara - Lucknow","price":"1400"},"5":{"title":"Rashtriya Sahara - Patna","price":"1100"},"6":{"title":"Rashtriya Sahara - Varanasi","price":"900"}},"Obituary(Death Announcement)":{"0":{"title":"Rashtriya Sahara - Dehradun","price":"1100"},"1":{"title":"Rashtriya sahara - Delhi Ncr","price":"1500"},"2":{"title":"Rashtriya Sahara - Gorakhpur","price":"1300"},"3":{"title":"Rashtriya Sahara - Kanpur","price":"900"},"4":{"title":"Rashtriya Sahara - Lucknow","price":"1400"},"5":{"title":"Rashtriya Sahara - Patna","price":"1100"},"6":{"title":"Rashtriya Sahara - Varanasi","price":"900"}},"Remembrance(Unforgettable)":{"0":{"title":"Rashtriya Sahara - Dehradun","price":"1100"},"1":{"title":"Rashtriya sahara - Delhi Ncr","price":"1500"},"2":{"title":"Rashtriya Sahara - Gorakhpur","price":"1300"},"3":{"title":"Rashtriya Sahara - Kanpur","price":"900"},"4":{"title":"Rashtriya Sahara - Lucknow","price":"1400"},"5":{"title":"Rashtriya Sahara - Patna","price":"1100"},"6":{"title":"Rashtriya Sahara - Varanasi","price":"1100"}},"public tender notices":{"0":{"title":"Rashtriya Sahara - All Edition","price":"6500"},"1":{"title":"Rashtriya Sahara - Dehradun","price":"1100"},"2":{"title":"Rashtriya sahara - Delhi Ncr","price":"1500"},"3":{"title":"Rashtriya Sahara - Gorakhpur","price":"1300"},"4":{"title":"Rashtriya Sahara - Kanpur","price":"900"},"5":{"title":"Rashtriya Sahara - Lucknow","price":"1400"},"6":{"title":"Rashtriya Sahara - Patna","price":"1100"},"7":{"title":"Rashtriya Sahara - Varanasi","price":"900"}},"Services":{"0":{"title":"Rashtriya Sahara - All Edition","price":"6500"},"1":{"title":"Rashtriya Sahara - Dehradun","price":"1100"},"2":{"title":"Rashtriya sahara - Delhi Ncr","price":"1500"},"3":{"title":"Rashtriya Sahara - Gorakhpur","price":"1300"},"4":{"title":"Rashtriya Sahara - Kanpur","price":"900"},"5":{"title":"Rashtriya Sahara - Lucknow","price":"1400"},"6":{"title":"Rashtriya Sahara - Patna","price":"1100"},"7":{"title":"Rashtriya Sahara - Varanasi","price":"900"}},"Retail/Shopping":{"0":{"title":"Rashtriya Sahara - All Edition","price":"6500"},"1":{"title":"Rashtriya Sahara - Dehradun","price":"1100"},"2":{"title":"Rashtriya sahara - Delhi Ncr","price":"1500"},"3":{"title":"Rashtriya Sahara - Gorakhpur","price":"1300"},"4":{"title":"Rashtriya Sahara - Kanpur","price":"900"},"5":{"title":"Rashtriya Sahara - Lucknow","price":"1400"},"6":{"title":"Rashtriya Sahara - Patna","price":"1100"},"7":{"title":"Rashtriya Sahara - Varanasi","price":"900"}},"Personal Announcement":{"0":{"title":"Rashtriya Sahara - All Edition","price":"6500"},"1":{"title":"Rashtriya Sahara - Dehradun","price":"1100"},"2":{"title":"Rashtriya sahara - Delhi Ncr","price":"1500"},"3":{"title":"Rashtriya Sahara - Gorakhpur","price":"1300"},"4":{"title":"Rashtriya Sahara - Kanpur","price":"900"},"5":{"title":"Rashtriya Sahara - Lucknow","price":"1400"},"6":{"title":"Rashtriya Sahara - Patna","price":"1100"},"7":{"title":"Rashtriya Sahara - Varanasi","price":"900"}},"Computers and Hardware":{"0":{"title":"Rashtriya Sahara - All Edition","price":"6500"},"1":{"title":"Rashtriya Sahara - Dehradun","price":"1100"},"2":{"title":"Rashtriya sahara - Delhi Ncr","price":"1500"},"3":{"title":"Rashtriya Sahara - Gorakhpur","price":"1300"},"4":{"title":"Rashtriya Sahara - Kanpur","price":"900"},"5":{"title":"Rashtriya Sahara - Lucknow","price":"1400"},"6":{"title":"Rashtriya Sahara - Patna","price":"1100"},"7":{"title":"Rashtriya Sahara - Varanasi","price":"900"}},"Astrology":{"0":{"title":"Rashtriya Sahara - All Edition","price":"6500"},"1":{"title":"Rashtriya Sahara - Dehradun","price":"1100"},"2":{"title":"Rashtriya sahara - Delhi Ncr","price":"1500"},"3":{"title":"Rashtriya Sahara - Gorakhpur","price":"1300"},"4":{"title":"Rashtriya Sahara - Kanpur","price":"900"},"5":{"title":"Rashtriya Sahara - Lucknow","price":"1400"},"6":{"title":"Rashtriya Sahara - Patna","price":"1100"},"7":{"title":"Rashtriya Sahara - Varanasi","price":"900"}},"Vehicles Automobiles":{"0":{"title":"Rashtriya Sahara - All Edition","price":"6500"},"1":{"title":"Rashtriya Sahara - Dehradun","price":"1100"},"2":{"title":"Rashtriya sahara - Delhi Ncr","price":"1500"},"3":{"title":"Rashtriya Sahara - Gorakhpur","price":"1300"},"4":{"title":"Rashtriya Sahara - Kanpur","price":"900"},"5":{"title":"Rashtriya Sahara - Lucknow","price":"1400"},"6":{"title":"Rashtriya Sahara - Varanasi","price":"900"},"7":{"title":"Rashtriya Sahara - Varanasi","price":"900"}},"Tours and Travel":{"0":{"title":"Rashtriya Sahara - All Edition","price":"6500"},"1":{"title":"Rashtriya Sahara - Dehradun","price":"1100"},"2":{"title":"Rashtriya sahara - Delhi Ncr","price":"1500"},"3":{"title":"Rashtriya Sahara - Gorakhpur","price":"1300"},"4":{"title":"Rashtriya Sahara - Kanpur","price":"900"},"5":{"title":"Rashtriya Sahara - Lucknow","price":"1400"},"6":{"title":"Rashtriya Sahara - Patna","price":"1100"},"7":{"title":"Rashtriya Sahara - Varanasi","price":"900"}},"Property-Rental":{"0":{"title":"Rashtriya Sahara - All Edition","price":"6500"},"1":{"title":"Rashtriya Sahara - Dehradun","price":"1100"},"2":{"title":"Rashtriya sahara - Delhi Ncr","price":"1500"},"3":{"title":"Rashtriya Sahara - Gorakhpur","price":"1300"},"4":{"title":"Rashtriya Sahara - Kanpur","price":"900"},"5":{"title":"Rashtriya Sahara - Lucknow","price":"1400"},"6":{"title":"Rashtriya Sahara - Patna","price":"1100"},"7":{"title":"Rashtriya Sahara - Varanasi","price":"900"}},"Entertainment":{"0":{"title":"Rashtriya Sahara - All Edition","price":"6500"},"1":{"title":"Rashtriya Sahara - Dehradun","price":"1100"},"2":{"title":"Rashtriya sahara - Delhi Ncr","price":"1500"},"3":{"title":"Rashtriya Sahara - Gorakhpur","price":"1300"},"4":{"title":"Rashtriya Sahara - Kanpur","price":"900"},"5":{"title":"Rashtriya Sahara - Lucknow","price":"1400"},"6":{"title":"Rashtriya Sahara - Patna","price":"1100"},"7":{"title":"Rashtriya Sahara - Varanasi","price":"900"}},"Real Estate Selling":{"0":{"title":"Rashtriya Sahara - All Edition","price":"6500"},"1":{"title":"Rashtriya Sahara - Dehradun","price":"1100"},"2":{"title":"Rashtriya sahara - Delhi Ncr","price":"1500"},"3":{"title":"Rashtriya Sahara - Gorakhpur","price":"1300"},"4":{"title":"Rashtriya Sahara - Kanpur","price":"900"},"5":{"title":"Rashtriya Sahara - Lucknow","price":"1400"},"6":{"title":"Rashtriya Sahara - Patna","price":"1100"},"7":{"title":"Rashtriya Sahara - Varanasi","price":"900"}},"Beauty & Wellness":{"0":{"title":"Rashtriya Sahara - Dehradun","price":"1100"},"1":{"title":"Rashtriya sahara - Delhi Ncr","price":"1500"},"2":{"title":"Rashtriya Sahara - Gorakhpur","price":"1300"},"3":{"title":"Rashtriya Sahara - Kanpur","price":"900"},"4":{"title":"Rashtriya Sahara - Lucknow","price":"1400"},"5":{"title":"Rashtriya Sahara - Patna","price":"1100"},"6":{"title":"Rashtriya Sahara - Varanasi","price":"900"}},"Call Centre Employees":{"0":{"title":"Rashtriya Sahara - Dehradun","price":"1100"},"1":{"title":"Rashtriya sahara - Delhi Ncr","price":"1500"},"2":{"title":"Rashtriya Sahara - Gorakhpur","price":"1300"},"3":{"title":"Rashtriya Sahara - Kanpur","price":"900"},"4":{"title":"Rashtriya Sahara - Lucknow","price":"1400"},"5":{"title":"Rashtriya Sahara - Patna","price":"1100"},"6":{"title":"Rashtriya Sahara - Varanasi","price":"900"}},"Prajapati":{"0":{"title":"Rashtriya Sahara - Dehradun","price":"1100"},"1":{"title":"Rashtriya sahara - Delhi Ncr","price":"1100"},"2":{"title":"Rashtriya sahara - Delhi Ncr","price":"1500"},"3":{"title":"Rashtriya Sahara - Gorakhpur","price":"1300"},"4":{"title":"Rashtriya Sahara - Kanpur","price":"900"},"5":{"title":"Rashtriya Sahara - Lucknow","price":"1400"},"6":{"title":"Rashtriya Sahara - Patna","price":"1100"}},"Bungalow For Sale":{"0":{"title":"Rashtriya Sahara - All Edition","price":"6500"},"1":{"title":"Rashtriya Sahara - Dehradun","price":"1100"},"2":{"title":"Rashtriya sahara - Delhi Ncr","price":"1500"},"3":{"title":"Rashtriya Sahara - Gorakhpur","price":"1300"},"4":{"title":"Rashtriya Sahara - Kanpur","price":"900"},"5":{"title":"Rashtriya Sahara - Lucknow","price":"1400"},"6":{"title":"Rashtriya Sahara - Patna","price":"1100"},"7":{"title":"Rashtriya Sahara - Varanasi","price":"900"}},"For Rent/Lease/To Let":{"0":{"title":"Rashtriya Sahara - All Edition","price":"6500"},"1":{"title":"Rashtriya Sahara - Dehradun","price":"1100"},"2":{"title":"Rashtriya sahara - Delhi Ncr","price":"1500"},"3":{"title":"Rashtriya Sahara - Gorakhpur","price":"1300"},"4":{"title":"Rashtriya Sahara - Kanpur","price":"900"},"5":{"title":"Rashtriya Sahara - Lucknow","price":"1400"},"6":{"title":"Rashtriya Sahara - Patna","price":"1100"},"7":{"title":"Rashtriya Sahara - Varanasi","price":"900"}},"Outright Sale":{"0":{"title":"Rashtriya Sahara - All Edition","price":"6500"},"1":{"title":"Rashtriya Sahara - Dehradun","price":"1100"},"2":{"title":"Rashtriya sahara - Delhi Ncr","price":"1500"},"3":{"title":"Rashtriya Sahara - Gorakhpur","price":"1300"},"4":{"title":"Rashtriya Sahara - Kanpur","price":"900"},"5":{"title":"Rashtriya Sahara - Lucknow","price":"1400"},"6":{"title":"Rashtriya Sahara - Patna","price":"1100"},"7":{"title":"Rashtriya Sahara - Varanasi","price":"900"}},"Property Others":{"0":{"title":"Rashtriya Sahara - All Edition","price":"6500"},"1":{"title":"Rashtriya Sahara - Dehradun","price":"1100"},"2":{"title":"Rashtriya sahara - Delhi Ncr","price":"1500"},"3":{"title":"Rashtriya Sahara - Gorakhpur","price":"1300"},"4":{"title":"Rashtriya Sahara - Kanpur","price":"900"},"5":{"title":"Rashtriya Sahara - Lucknow","price":"1400"},"6":{"title":"Rashtriya Sahara - Patna","price":"1100"},"7":{"title":"Rashtriya Sahara - Varanasi","price":"900"}},"SMS CAMPAIGN":{"0":{"title":"Rashtriya Sahara - All Edition","price":"6500"},"1":{"title":"Rashtriya Sahara - Dehradun","price":"1100"},"2":{"title":"Rashtriya sahara - Delhi Ncr","price":"1500"},"3":{"title":"Rashtriya Sahara - Gorakhpur","price":"1300"},"4":{"title":"Rashtriya Sahara - Kanpur","price":"900"},"5":{"title":"Rashtriya Sahara - Lucknow","price":"1400"},"6":{"title":"Rashtriya Sahara - Patna","price":"1100"},"7":{"title":"Rashtriya Sahara - Varanasi","price":"900"}}}