{"Matrimonial":{"0":{"title":"Rashtriya Hindi Mail - (Bhopal, Raipur, Gwalior, Indore, Jabalpur)","price":"1200"}},"Marriage Bureau":{"0":{"title":"Rashtriya Hindi Mail - (Bhopal, Raipur, Gwalior, Indore, Jabalpur)","price":"1200"}},"Change of Name":{"0":{"title":"Rashtriya Hindi Mail - (Bhopal, Raipur, Gwalior, Indore, Jabalpur)","price":"1200"}},"Recruitment job":{"0":{"title":"Rashtriya Hindi Mail - (Bhopal, Raipur, Gwalior, Indore, Jabalpur)","price":"1200"}},"Education":{"0":{"title":"Rashtriya Hindi Mail - (Bhopal, Raipur, Gwalior, Indore, Jabalpur)","price":"1200"}},"property real estate":{"0":{"title":"Rashtriya Hindi Mail - (Bhopal, Raipur, Gwalior, Indore, Jabalpur)","price":"1200"}},"Lost and Found":{"0":{"title":"Rashtriya Hindi Mail - (Bhopal, Raipur, Gwalior, Indore, Jabalpur)","price":"1200"}},"Business":{"0":{"title":"Rashtriya Hindi Mail - (Bhopal, Raipur, Gwalior, Indore, Jabalpur)","price":"1200"}},"Obituary(Death Announcement)":{"0":{"title":"Rashtriya Hindi Mail - (Bhopal, Raipur, Gwalior, Indore, Jabalpur)","price":"1200"}},"Remembrance(Unforgettable)":{"0":{"title":"Rashtriya Hindi Mail - (Bhopal, Raipur, Gwalior, Indore, Jabalpur)","price":"1200"}},"public tender notices":{"0":{"title":"Rashtriya Hindi Mail - (Bhopal, Raipur, Gwalior, Indore, Jabalpur)","price":"1200"}},"Services":{"0":{"title":"Rashtriya Hindi Mail - (Bhopal, Raipur, Gwalior, Indore, Jabalpur)","price":"1200"}}}