{"Recruitment job":{"0":{"title":"Sakal - All Editions","price":"15000"},"1":{"title":"Pune City (Pune + Pcmc + Dist + Ahmedagar)","price":"9450"},"2":{"title":"5 Ad Combo Sakal - Pune Edition","price":"28500"}},"Education":{"0":{"title":"Sakal - All Editions","price":"15000"},"1":{"title":"Pune City (Pune + Pcmc + Dist + Ahmedagar)","price":"9450"},"2":{"title":"5 Ad Combo Sakal - Pune Edition","price":"28500"},"3":{"title":"5 Ad Combo Sakal - Pune City (Pune + Pcmc + Dist + Ahmedagar)","price":"30750"},"4":{"title":"5 Ad Combo Sakal - All Edition","price":"63750"},"5":{"title":"Sakal - Mumbai","price":"1725"},"6":{"title":"Sakal - Nagpur","price":"1500"},"7":{"title":"Sakal - Pune","price":"7800"}},"property real estate":{"0":{"title":"Sakal - All Editions","price":"15000"},"1":{"title":"Pune City (Pune + Pcmc + Dist + Ahmedagar)","price":"9450"},"2":{"title":"5 Ad Combo Sakal - Pune Edition","price":"28500"},"3":{"title":"5 Ad Combo Sakal - Pune City (Pune + Pcmc + Dist + Ahmedagar)","price":"30750"},"4":{"title":"5 Ad Combo Sakal - All Edition","price":"63750"},"5":{"title":"Sakal - Mumbai","price":"1725"},"6":{"title":"Sakal - Nagpur","price":"1500"},"7":{"title":"Sakal - Pune","price":"7800"}},"Lost and Found":{"0":{"title":"Sakal - All Editions","price":"15000"},"1":{"title":"Pune City (Pune + Pcmc + Dist + Ahmedagar)","price":"9450"},"2":{"title":"5 Ad Combo Sakal - Pune Edition","price":"28500"},"3":{"title":"5 Ad Combo Sakal - Pune City (Pune + Pcmc + Dist + Ahmedagar)","price":"30750"},"4":{"title":"5 Ad Combo Sakal - All Edition","price":"63750"},"5":{"title":"Sakal - Mumbai","price":"1725"},"6":{"title":"Sakal - Satara","price":"825"}},"Business":{"0":{"title":"Sakal - All Editions","price":"15000"},"1":{"title":"Pune City (Pune + Pcmc + Dist + Ahmedagar)","price":"9450"},"2":{"title":"5 Ad Combo Sakal - Pune Edition","price":"28500"},"3":{"title":"5 Ad Combo Sakal - Pune City (Pune + Pcmc + Dist + Ahmedagar)","price":"30750"},"4":{"title":"5 Ad Combo Sakal - All Edition","price":"63750"},"5":{"title":"Sakal - Mumbai","price":"1725"},"6":{"title":"Sakal - Satara","price":"825"}},"Obituary(Death Announcement)":{"0":{"title":"Sakal - All Editions","price":"15000"},"1":{"title":"Pune City (Pune + Pcmc + Dist + Ahmedagar)","price":"9450"},"2":{"title":"5 Ad Combo Sakal - Pune Edition","price":"28500"},"3":{"title":"5 Ad Combo Sakal - Pune City (Pune + Pcmc + Dist + Ahmedagar)","price":"30750"},"4":{"title":"5 Ad Combo Sakal - All Edition","price":"63750"},"5":{"title":"Sakal - Mumbai","price":"1725"},"6":{"title":"Sakal - Satara","price":"825"}},"Services":{"0":{"title":"Sakal - All Editions","price":"15000"},"1":{"title":"Pune City (Pune + Pcmc + Dist + Ahmedagar)","price":"9450"},"2":{"title":"5 Ad Combo Sakal - Pune Edition","price":"28500"}},"Retail/Shopping":{"0":{"title":"Sakal - All Editions","price":"15000"},"1":{"title":"Pune City (Pune + Pcmc + Dist + Ahmedagar)","price":"9450"},"2":{"title":"5 Ad Combo Sakal - Pune Edition","price":"28500"},"3":{"title":"5 Ad Combo Sakal - Pune City (Pune + Pcmc + Dist + Ahmedagar)","price":"30750"},"4":{"title":"5 Ad Combo Sakal - All Edition","price":"63750"}},"Personal Announcement":{"0":{"title":"Sakal - All Editions","price":"15000"},"1":{"title":"Pune City (Pune + Pcmc + Dist + Ahmedagar)","price":"9450"},"2":{"title":"5 Ad Combo Sakal - Pune Edition","price":"28500"},"3":{"title":"5 Ad Combo Sakal - Pune City (Pune + Pcmc + Dist + Ahmedagar)","price":"30750"},"4":{"title":"5 Ad Combo Sakal - All Edition","price":"63750"}},"Computers and Hardware":{"0":{"title":"Sakal - All Editions","price":"15000"},"1":{"title":"Pune City (Pune + Pcmc + Dist + Ahmedagar)","price":"9450"},"2":{"title":"5 Ad Combo Sakal - Pune Edition","price":"28500"},"3":{"title":"5 Ad Combo Sakal - Pune City (Pune + Pcmc + Dist + Ahmedagar)","price":"30750"},"4":{"title":"5 Ad Combo Sakal - All Edition","price":"63750"}},"Astrology":{"0":{"title":"Sakal - All Editions","price":"15000"},"1":{"title":"Pune City (Pune + Pcmc + Dist + Ahmedagar)","price":"9450"},"2":{"title":"5 Ad Combo Sakal - Pune Edition","price":"28500"},"3":{"title":"5 Ad Combo Sakal - Pune City (Pune + Pcmc + Dist + Ahmedagar)","price":"30750"},"4":{"title":"5 Ad Combo Sakal - All Edition","price":"63750"}},"Vehicles Automobiles":{"0":{"title":"Sakal - All Editions","price":"15000"},"1":{"title":"Pune City (Pune + Pcmc + Dist + Ahmedagar)","price":"9450"},"2":{"title":"5 Ad Combo Sakal - Pune Edition","price":"28500"},"3":{"title":"5 Ad Combo Sakal - Pune City (Pune + Pcmc + Dist + Ahmedagar)","price":"30750"},"4":{"title":"5 Ad Combo Sakal - All Edition","price":"63750"}},"Tours and Travel":{"0":{"title":"Sakal - All Editions","price":"15000"},"1":{"title":"Pune City (Pune + Pcmc + Dist + Ahmedagar)","price":"9450"},"2":{"title":"5 Ad Combo Sakal - Pune Edition","price":"28500"},"3":{"title":"5 Ad Combo Sakal - Pune City (Pune + Pcmc + Dist + Ahmedagar)","price":"30750"},"4":{"title":"5 Ad Combo Sakal - All Edition","price":"63750"}},"Property-Rental":{"0":{"title":"Sakal - All Editions","price":"15000"},"1":{"title":"5 Ad Combo Sakal - Pune Edition","price":"28500"},"2":{"title":"5 Ad Combo Sakal - Pune City (Pune + Pcmc + Dist + Ahmedagar)","price":"30750"}},"Entertainment":{"0":{"title":"Sakal - All Editions","price":"15000"},"1":{"title":"5 Ad Combo Sakal - Pune Edition","price":"28500"},"2":{"title":"5 Ad Combo Sakal - Pune City (Pune + Pcmc + Dist + Ahmedagar)","price":"30750"},"3":{"title":"5 Ad Combo Sakal - All Edition","price":"63750"}},"Real Estate Selling":{"0":{"title":"Sakal - All Editions","price":"15000"},"1":{"title":"5 Ad Combo Sakal - Pune Edition","price":"28500"},"2":{"title":"5 Ad Combo Sakal - Pune City (Pune + Pcmc + Dist + Ahmedagar)","price":"30750"},"3":{"title":"5 Ad Combo Sakal - All Edition","price":"63750"}},"Beauty & Wellness":{"0":{"title":"Sakal - All Editions","price":"15000"},"1":{"title":"5 Ad Combo Sakal - Pune Edition","price":"28500"},"2":{"title":"5 Ad Combo Sakal - Pune City (Pune + Pcmc + Dist + Ahmedagar)","price":"30750"},"3":{"title":"5 Ad Combo Sakal - All Edition","price":"63750"}},"Call Centre Employees":{"0":{"title":"Sakal - All Editions","price":"15000"},"1":{"title":"5 Ad Combo Sakal - Pune Edition","price":"28500"},"2":{"title":"5 Ad Combo Sakal - Pune City (Pune + Pcmc + Dist + Ahmedagar)","price":"30750"},"3":{"title":"5 Ad Combo Sakal - All Edition","price":"63750"}},"Prajapati":{"0":{"title":"Sakal - All Editions","price":"15000"},"1":{"title":"5 Ad Combo Sakal - Pune Edition","price":"28500"},"2":{"title":"5 Ad Combo Sakal - Pune City (Pune + Pcmc + Dist + Ahmedagar)","price":"30750"},"3":{"title":"5 Ad Combo Sakal - All Edition","price":"63750"}},"Bungalow For Sale":{"0":{"title":"Sakal - All Editions","price":"15000"},"1":{"title":"5 Ad Combo Sakal - Pune Edition","price":"28500"},"2":{"title":"5 Ad Combo Sakal - Pune City (Pune + Pcmc + Dist + Ahmedagar)","price":"30750"},"3":{"title":"5 Ad Combo Sakal - All Edition","price":"63750"}},"For Rent/Lease/To Let":{"0":{"title":"Sakal - All Editions","price":"15000"},"1":{"title":"5 Ad Combo Sakal - Pune Edition","price":"28500"},"2":{"title":"5 Ad Combo Sakal - Pune City (Pune + Pcmc + Dist + Ahmedagar)","price":"30750"},"3":{"title":"5 Ad Combo Sakal - All Edition","price":"63750"}},"Outright Sale":{"0":{"title":"Sakal - All Editions ","price":"15000"},"1":{"title":"Pune City (Pune + Pcmc + Dist + Ahmedagar)","price":"9450"},"2":{"title":"5 Ad Combo Sakal - Pune Edition","price":"28500"},"3":{"title":"5 Ad Combo Sakal - Pune City (Pune + Pcmc + Dist + Ahmedagar)","price":"30750"}}}