{"Recruitment job":{"0":{"title":"Sakshi - Hyderabad","price":"23000"},"1":{"title":"Sakshi - Nellore","price":"4600"},"2":{"title":"Sakshi -Rajahmundry","price":"6800"}},"Education":{"0":{"title":"Sakshi - Hyderabad","price":"23000"},"1":{"title":"Sakshi - Nellore","price":"4600"},"2":{"title":"Sakshi -Rajahmundry","price":"6800"}},"property real estate":{"0":{"title":"Sakshi - Hyderabad","price":"23000"},"1":{"title":"Sakshi - Nellore","price":"4600"},"2":{"title":"Sakshi -Rajahmundry","price":"6800"}},"Lost and Found":{"0":{"title":"Sakshi - Hyderabad","price":"23000"},"1":{"title":"Sakshi - Nellore","price":"4600"},"2":{"title":"Sakshi -Rajahmundry","price":"6800"}},"Business":{"0":{"title":"Sakshi - Hyderabad","price":"23000"},"1":{"title":"Sakshi - Nellore","price":"4600"},"2":{"title":"Sakshi -Rajahmundry","price":"6800"}},"Obituary(Death Announcement)":{"0":{"title":"Sakshi - Hyderabad","price":"23000"},"1":{"title":"Sakshi - Nellore","price":"4600"},"2":{"title":"Sakshi -Rajahmundry","price":"6800"}},"Remembrance(Unforgettable)":{"0":{"title":"Sakshi - Hyderabad","price":"23000"},"1":{"title":"Sakshi - Nellore","price":"4600"},"2":{"title":"Sakshi -Rajahmundry","price":"6800"}},"public tender notices":{"0":{"title":"Sakshi - Hyderabad","price":"23000"},"1":{"title":"Sakshi - Nellore","price":"4600"},"2":{"title":"Sakshi -Rajahmundry","price":"6800"}},"Services":{"0":{"title":"Sakshi - Hyderabad","price":"23000"},"1":{"title":"Sakshi - Nellore","price":"4600"},"2":{"title":"Sakshi -Rajahmundry","price":"6800"}},"Retail/Shopping":{"0":{"title":"Sakshi - Hyderabad","price":"23000"},"1":{"title":"Sakshi - Nellore","price":"4600"},"2":{"title":"Sakshi -Rajahmundry","price":"6800"}},"Personal Announcement":{"0":{"title":"Sakshi - Hyderabad","price":"23000"},"1":{"title":"Sakshi - Nellore","price":"4600"},"2":{"title":"Sakshi -Rajahmundry","price":"6800"}},"Computers and Hardware":{"0":{"title":"Sakshi - Nellore","price":"11000"}},"Astrology":{"0":{"title":"Sakshi - Nellore","price":"11000"}},"Vehicles Automobiles":{"0":{"title":"Sakshi - Nellore","price":"11000"}},"Tours and Travel":{"0":{"title":"Sakshi - Nellore","price":"11000"}},"Property-Rental":{"0":{"title":"Sakshi - Nellore","price":"11000"}},"Entertainment":{"0":{"title":"Sakshi - Nellore","price":"11000"}},"Real Estate Selling":{"0":{"title":"Sakshi - Nellore","price":"11000"}},"Beauty & Wellness":{"0":{"title":"Sakshi - Nellore","price":"11000"}},"Call Centre Employees":{"0":{"title":"Sakshi - Nellore","price":"11000"}},"Prajapati":{"0":{"title":"Sakshi - Nellore","price":"11000"}},"Bungalow For Sale":{"0":{"title":"Sakshi - Nellore","price":"11000"}},"For Rent/Lease/To Let":{"0":{"title":"Sakshi - Nellore","price":"11000"}},"Outright Sale":{"0":{"title":"Sakshi - Nellore","price":"11000"}},"Property Others":{"0":{"title":"Sakshi - Nellore","price":"11000"}}}