{"Education":{"0":{"title":"Samyukta Karnataka - Bangalore","price":"1700"}},"property real estate":{"0":{"title":"Samyukta Karnataka - Bangalore","price":"1700"}},"Lost and Found":{"0":{"title":"Samyukta Karnataka - Bangalore","price":"1700"}},"Business":{"0":{"title":"Samyukta Karnataka - Bangalore","price":"1700"}},"Obituary(Death Announcement)":{"0":{"title":"Samyukta Karnataka - Bangalore","price":"1700"}},"Remembrance(Unforgettable)":{"0":{"title":"Samyukta Karnataka - Bangalore","price":"1700"}},"public tender notices":{"0":{"title":"Samyukta Karnataka - Bangalore","price":"1700"}},"Services":{"0":{"title":"Samyukta Karnataka - Bangalore","price":"1700"}},"Retail/Shopping":{"0":{"title":"Samyukta Karnataka - Bangalore","price":"1700"}},"Personal Announcement":{"0":{"title":"Samyukta Karnataka - Bangalore","price":"1700"}},"Computers and Hardware":{"0":{"title":"Samyukta Karnataka - Bangalore","price":"1700"}},"Astrology":{"0":{"title":"Samyukta Karnataka - Bangalore","price":"1700"}},"Vehicles Automobiles":{"0":{"title":"Samyukta Karnataka - Bangalore","price":"1700"}},"Tours and Travel":{"0":{"title":"Samyukta Karnataka - Bangalore","price":"1700"}},"Property-Rental":{"0":{"title":"Samyukta Karnataka - Bangalore","price":"1700"}},"Entertainment":{"0":{"title":"Samyukta Karnataka - Bangalore","price":"1700"}},"Real Estate Selling":{"0":{"title":"Samyukta Karnataka - Bangalore","price":"1700"}},"Beauty & Wellness":{"0":{"title":"Samyukta Karnataka - Bangalore","price":"1700"}},"Call Centre Employees":{"0":{"title":"Samyukta Karnataka - Bangalore","price":"1700"}},"Prajapati":{"0":{"title":"Samyukta Karnataka - Bangalore","price":"1700"}},"Bungalow For Sale":{"0":{"title":"Samyukta Karnataka - Bangalore","price":"1700"}}}