{"Recruitment job":{"0":{"title":"Sandesh - All Editions","price":"20000"},"1":{"title":"Sandesh - All Gujarat Editions","price":"18500"},"2":{"title":"Sandesh - Ahmedabad","price":"4200"}},"Education":{"0":{"title":"Sandesh - All Editions","price":"20000"},"1":{"title":"Sandesh - All Gujarat Editions","price":"18500"},"2":{"title":"Sandesh - Ahmedabad","price":"4200"},"3":{"title":"Sandesh - Baroda","price":"3000"},"4":{"title":"Sandesh - Bhavnagar","price":"700"},"5":{"title":"Sandesh - Bhuj","price":"700"},"6":{"title":"Sandesh - Mumbai","price":"3000"},"7":{"title":"Sandesh - Rajkot","price":"3200"},"8":{"title":"Sandesh - Surat","price":"4500"}},"property real estate":{"0":{"title":"Sandesh - All Editions","price":"20000"},"1":{"title":"Sandesh - All Gujarat Editions","price":"18500"},"2":{"title":"Sandesh - Ahmedabad","price":"4200"},"3":{"title":"Sandesh - Baroda","price":"3000"},"4":{"title":"Sandesh - Bhavnagar","price":"700"},"5":{"title":"Sandesh - Bhuj","price":"700"},"6":{"title":"Sandesh - Mumbai","price":"3000"},"7":{"title":"Sandesh - Rajkot","price":"3200"},"8":{"title":"Sandesh - Surat","price":"4500"}},"Lost and Found":{"0":{"title":"Sandesh - All Editions","price":"20000"},"1":{"title":"Sandesh - All Gujarat Editions","price":"18500"},"2":{"title":"Sandesh - Ahmedabad","price":"8300"},"3":{"title":"Sandesh - Baroda","price":"4500"},"4":{"title":"Sandesh - Bhavnagar","price":"700"},"5":{"title":"Sandesh - Bhuj","price":"700"},"6":{"title":"Sandesh - Mumbai","price":"3000"},"7":{"title":"Sandesh - Rajkot","price":"3200"},"8":{"title":"Sandesh - Surat","price":"4500"}},"Business":{"0":{"title":"Sandesh - All Editions","price":"20000"},"1":{"title":"Sandesh - All Gujarat Editions","price":"18500"},"2":{"title":"Sandesh - Ahmedabad","price":"8300"},"3":{"title":"Sandesh - Baroda","price":"4500"},"4":{"title":"Sandesh - Bhavnagar","price":"700"},"5":{"title":"Sandesh - Bhuj","price":"700"},"6":{"title":"Sandesh - Mumbai","price":"3000"},"7":{"title":"Sandesh - Rajkot","price":"3200"},"8":{"title":"Sandesh - Surat","price":"4500"}},"Obituary(Death Announcement)":{"0":{"title":"Sandesh - All Editions","price":"20000"},"1":{"title":"Sandesh - All Gujarat Editions","price":"18500"},"2":{"title":"Sandesh - Ahmedabad","price":"8300"},"3":{"title":"Sandesh - Baroda","price":"4500"},"4":{"title":"Sandesh - Bhavnagar","price":"700"},"5":{"title":"Sandesh - Bhuj","price":"700"},"6":{"title":"Sandesh - Mumbai","price":"3000"},"7":{"title":"Sandesh - Rajkot","price":"3200"},"8":{"title":"Sandesh - Surat","price":"4500"}},"public tender notices":{"0":{"title":"Sandesh - All Editions","price":"20000"},"1":{"title":"Sandesh - All Gujarat Editions","price":"18500"},"2":{"title":"Sandesh - Ahmedabad","price":"8300"}},"Services":{"0":{"title":"Sandesh - All Editions","price":"20000"},"1":{"title":"Sandesh - All Gujarat Editions","price":"18500"},"2":{"title":"Sandesh - Ahmedabad","price":"8300"},"3":{"title":"Sandesh - Baroda","price":"4500"},"4":{"title":"Sandesh - Bhavnagar","price":"700"},"5":{"title":"Sandesh - Bhuj","price":"700"},"6":{"title":"Sandesh - Mumbai","price":"3000"},"7":{"title":"Sandesh - Rajkot","price":"3200"},"8":{"title":"Sandesh - Surat","price":"4500"}},"Retail/Shopping":{"0":{"title":"Sandesh - All Editions","price":"20000"},"1":{"title":"Sandesh - All Gujarat Editions","price":"18500"},"2":{"title":"Sandesh - Ahmedabad","price":"8300"},"3":{"title":"Sandesh - Baroda","price":"4500"},"4":{"title":"Sandesh - Bhavnagar","price":"700"},"5":{"title":"Sandesh - Bhuj","price":"700"},"6":{"title":"Sandesh - Mumbai","price":"3000"},"7":{"title":"Sandesh - Rajkot","price":"3200"},"8":{"title":"Sandesh - Surat","price":"4500"}},"Personal Announcement":{"0":{"title":"Sandesh - All Editions","price":"20000"},"1":{"title":"Sandesh - All Gujarat Editions","price":"18500"},"2":{"title":"Sandesh - Ahmedabad","price":"8300"},"3":{"title":"Sandesh - Baroda","price":"4500"},"4":{"title":"Sandesh - Bhavnagar","price":"700"},"5":{"title":"Sandesh - Bhuj","price":"700"},"6":{"title":"Sandesh - Mumbai","price":"3000"},"7":{"title":"Sandesh - Rajkot","price":"3200"},"8":{"title":"Sandesh - Surat","price":"4500"}},"Computers and Hardware":{"0":{"title":"Sandesh - All Editions","price":"20000"},"1":{"title":"Sandesh - All Gujarat Editions","price":"18500"},"2":{"title":"Sandesh - Ahmedabad","price":"8300"},"3":{"title":"Sandesh - Baroda","price":"4500"},"4":{"title":"Sandesh - Bhavnagar","price":"700"},"5":{"title":"Sandesh - Bhuj","price":"700"},"6":{"title":"Sandesh - Mumbai","price":"3000"},"7":{"title":"Sandesh - Rajkot","price":"3200"},"8":{"title":"Sandesh - Surat","price":"4500"}},"Astrology":{"0":{"title":"Sandesh - All Editions","price":"20000"},"1":{"title":"Sandesh - All Gujarat Editions","price":"18500"},"2":{"title":"Sandesh - Ahmedabad","price":"8300"},"3":{"title":"Sandesh - Baroda","price":"4500"},"4":{"title":"Sandesh - Bhavnagar","price":"700"},"5":{"title":"Sandesh - Bhuj","price":"700"},"6":{"title":"Sandesh - Mumbai","price":"3000"},"7":{"title":"Sandesh - Rajkot","price":"3200"},"8":{"title":"Sandesh - Surat","price":"4500"}},"Vehicles Automobiles":{"0":{"title":"Sandesh - All Editions","price":"20000"},"1":{"title":"Sandesh - All Gujarat Editions","price":"18500"},"2":{"title":"Sandesh - Ahmedabad","price":"8300"},"3":{"title":"Sandesh - Baroda","price":"4500"},"4":{"title":"Sandesh - Bhavnagar","price":"700"},"5":{"title":"Sandesh - Bhuj","price":"700"},"6":{"title":"Sandesh - Mumbai","price":"3000"},"7":{"title":"Sandesh - Rajkot","price":"3200"},"8":{"title":"Sandesh - Surat","price":"4500"}},"Tours and Travel":{"0":{"title":"Sandesh - All Editions","price":"20000"},"1":{"title":"Sandesh - All Gujarat Editions","price":"18500"},"2":{"title":"Sandesh - Ahmedabad","price":"8300"},"3":{"title":"Sandesh - Baroda","price":"4500"},"4":{"title":"Sandesh - Bhavnagar","price":"700"},"5":{"title":"Sandesh - Bhuj","price":"700"},"6":{"title":"Sandesh - Mumbai","price":"3000"},"7":{"title":"Sandesh - Rajkot","price":"3200"},"8":{"title":"Sandesh - Surat","price":"4500"}},"Property-Rental":{"0":{"title":"Sandesh - All Editions","price":"20000"},"1":{"title":"Sandesh - All Gujarat Editions","price":"18500"},"2":{"title":"Sandesh - Ahmedabad","price":"8300"},"3":{"title":"Sandesh - Baroda","price":"4500"},"4":{"title":"Sandesh - Bhavnagar","price":"700"},"5":{"title":"Sandesh - Bhuj","price":"700"},"6":{"title":"Sandesh - Mumbai","price":"3000"},"7":{"title":"Sandesh - Rajkot","price":"3200"},"8":{"title":"Sandesh - Surat","price":"4500"}},"Entertainment":{"0":{"title":"Sandesh - All Editions","price":"20000"},"1":{"title":"Sandesh - All Gujarat Editions","price":"18500"},"2":{"title":"Sandesh - Ahmedabad","price":"8300"},"3":{"title":"Sandesh - Baroda","price":"4500"},"4":{"title":"Sandesh - Bhavnagar","price":"700"},"5":{"title":"Sandesh - Bhuj","price":"700"},"6":{"title":"Sandesh - Mumbai","price":"3000"},"7":{"title":"Sandesh - Rajkot","price":"3200"},"8":{"title":"Sandesh - Surat","price":"4500"}},"Real Estate Selling":{"0":{"title":"Sandesh - All Editions","price":"20000"},"1":{"title":"Sandesh - All Gujarat Editions","price":"18500"},"2":{"title":"Sandesh - Ahmedabad","price":"8300"},"3":{"title":"Sandesh - Baroda","price":"4500"},"4":{"title":"Sandesh - Bhavnagar","price":"700"},"5":{"title":"Sandesh - Bhuj","price":"700"},"6":{"title":"Sandesh - Mumbai","price":"3000"},"7":{"title":"Sandesh - Rajkot","price":"3200"},"8":{"title":"Sandesh - Surat","price":"4500"}},"Beauty & Wellness":{"0":{"title":"Sandesh - All Editions","price":"20000"},"1":{"title":"Sandesh - All Gujarat Editions","price":"18500"},"2":{"title":"Sandesh - Ahmedabad","price":"8300"},"3":{"title":"Sandesh - Baroda","price":"4500"},"4":{"title":"Sandesh - Bhavnagar","price":"700"},"5":{"title":"Sandesh - Bhuj","price":"700"},"6":{"title":"Sandesh - Mumbai","price":"3000"},"7":{"title":"Sandesh - Rajkot","price":"3200"},"8":{"title":"Sandesh - Surat","price":"4500"}},"Call Centre Employees":{"0":{"title":"Sandesh - All Editions","price":"20000"},"1":{"title":"Sandesh - All Gujarat Editions","price":"18500"},"2":{"title":"Sandesh - Ahmedabad","price":"8300"},"3":{"title":"Sandesh - Baroda","price":"4500"},"4":{"title":"Sandesh - Bhavnagar","price":"700"},"5":{"title":"Sandesh - Bhuj","price":"700"},"6":{"title":"Sandesh - Mumbai","price":"3000"},"7":{"title":"Sandesh - Rajkot","price":"3200"},"8":{"title":"Sandesh - Surat","price":"4500"}},"Prajapati":{"0":{"title":"Sandesh - All Editions","price":"20000"},"1":{"title":"Sandesh - All Gujarat Editions","price":"18500"},"2":{"title":"Sandesh - Ahmedabad","price":"8300"},"3":{"title":"Sandesh - Baroda","price":"4500"},"4":{"title":"Sandesh - Bhavnagar","price":"700"},"5":{"title":"Sandesh - Bhuj","price":"700"},"6":{"title":"Sandesh - Mumbai","price":"3000"},"7":{"title":"Sandesh - Rajkot","price":"3200"},"8":{"title":"Sandesh - Surat","price":"4500"}}}