{"Education":{"0":{"title":"Sandhyanand - Pune","price":"8000"}},"property real estate":{"0":{"title":"Sandhyanand - Pune","price":"8000"}},"Lost and Found":{"0":{"title":"Sandhyanand - Pune","price":"8000"}},"Business":{"0":{"title":"Sandhyanand - Pune","price":"8000"}},"Obituary(Death Announcement)":{"0":{"title":"Sandhyanand - Pune","price":"8000"}},"Remembrance(Unforgettable)":{"0":{"title":"Sandhyanand - Pune","price":"8000"}},"public tender notices":{"0":{"title":"Sandhyanand - Pune","price":"8000"}},"Services":{"0":{"title":"Sandhyanand - Pune","price":"8000"}},"Retail/Shopping":{"0":{"title":"Sandhyanand - Pune","price":"8000"}},"Personal Announcement":{"0":{"title":"Sandhyanand - Pune","price":"8000"}},"Computers and Hardware":{"0":{"title":"Sandhyanand - Pune","price":"8000"}},"Astrology":{"0":{"title":"Sandhyanand - Pune","price":"8000"}},"Vehicles Automobiles":{"0":{"title":"Sandhyanand - Pune","price":"8000"}},"Tours and Travel":{"0":{"title":"Sandhyanand - Pune","price":"8000"}},"Property-Rental":{"0":{"title":"Sandhyanand - Pune","price":"8000"}},"Entertainment":{"0":{"title":"Sandhyanand - Pune","price":"8000"}},"Real Estate Selling":{"0":{"title":"Sandhyanand - Pune","price":"8000"}},"Beauty & Wellness":{"0":{"title":"Sandhyanand - Pune","price":"8000"}},"Call Centre Employees":{"0":{"title":"Sandhyanand - Pune","price":"8000"}},"Prajapati":{"0":{"title":"Sandhyanand - Pune","price":"8000"}},"Bungalow For Sale":{"0":{"title":"Sandhyanand - Pune","price":"8000"}},"For Rent/Lease/To Let":{"0":{"title":"Sandhyanand - Pune","price":"8000"}},"Outright Sale":{"0":{"title":"Sandhyanand - Pune","price":"8000"}},"Property Others":{"0":{"title":"Sandhyanand - Pune","price":"8000"}},"SMS CAMPAIGN":{"0":{"title":"Sandhyanand - Pune","price":"8000"}}}