{"Matrimonial":{"0":{"title":"Ghunghat Package:\nNavbharat Times - Delhi NCR, Lucknow, Mumbai\n+ Sandhya Times - Delhi","price":"5025"}},"Marriage Bureau":{"0":{"title":"Ghunghat Package:\nNavbharat Times - Delhi NCR, Lucknow, Mumbai\n+ Sandhya Times - Delhi","price":"5025"}},"Change of Name":{"0":{"title":"Ghunghat Package:\nNavbharat Times - Delhi NCR, Lucknow, Mumbai\n+ Sandhya Times - Delhi","price":"5025"}},"Recruitment job":{"0":{"title":"Ghunghat Package:\nNavbharat Times - Delhi NCR, Lucknow, Mumbai\n+ Sandhya Times - Delhi","price":"5025"}},"Education":{"0":{"title":"Ghunghat Package:\nNavbharat Times - Delhi NCR, Lucknow, Mumbai\n+ Sandhya Times - Delhi","price":"5025"}},"property real estate":{"0":{"title":"Ghunghat Package:\nNavbharat Times - Delhi NCR, Lucknow, Mumbai\n+ Sandhya Times - Delhi","price":"5025"}},"Lost and Found":{"0":{"title":"Ghunghat Package:\nNavbharat Times - Delhi NCR, Lucknow, Mumbai\n+ Sandhya Times - Delhi","price":"5025"}},"Business":{"0":{"title":"Ghunghat Package:\nNavbharat Times - Delhi NCR, Lucknow, Mumbai\n+ Sandhya Times - Delhi","price":"5025"}},"Obituary(Death Announcement)":{"0":{"title":"Ghunghat Package:\nNavbharat Times - Delhi NCR, Lucknow, Mumbai\n+ Sandhya Times - Delhi","price":"5025"}},"Remembrance(Unforgettable)":{"0":{"title":"Ghunghat Package:\nNavbharat Times - Delhi NCR, Lucknow, Mumbai\n+ Sandhya Times - Delhi","price":"5025"}},"public tender notices":{"0":{"title":"Ghunghat Package:\nNavbharat Times - Delhi NCR, Lucknow, Mumbai\n+ Sandhya Times - Delhi","price":"5025"}},"Services":{"0":{"title":"Ghunghat Package:\nNavbharat Times - Delhi NCR, Lucknow, Mumbai\n+ Sandhya Times - Delhi","price":"5025"}},"Retail/Shopping":{"0":{"title":"Ghunghat Package:\nNavbharat Times - Delhi NCR, Lucknow, Mumbai\n+ Sandhya Times - Delhi","price":"5025"}},"Personal Announcement":{"0":{"title":"Ghunghat Package: Navbharat Times - Delhi NCR, Lucknow, Mumbai + Sandhya Times - Delhi\n","price":"5025"}},"Computers and Hardware":{"0":{"title":"Ghunghat Package:\nNavbharat Times - Delhi NCR, Lucknow, Mumbai\n+ Sandhya Times - Delhi","price":"5025"}},"Astrology":{"0":{"title":"Ghunghat Package:\nNavbharat Times - Delhi NCR, Lucknow, Mumbai\n+ Sandhya Times - Delhi","price":"5025"}},"Vehicles Automobiles":{"0":{"title":"Ghunghat Package:\nNavbharat Times - Delhi NCR, Lucknow, Mumbai\n+ Sandhya Times - Delhi","price":"5025"}},"Tours and Travel":{"0":{"title":"Navbharat Times (Weekday + Sunday) + Sandhya Times - Delhi Ncr","price":"7500"}},"Property-Rental":{"0":{"title":"The Times of India (Sndy, Wkdy) + Education Times + Navbharat Times + The Economic Times + Sandhya Times- Delhi NCR","price":"22500"},"1":{"title":"Navbharat Times Delhi NCR + Sandhya Times - Delhi","price":"6225"},"2":{"title":"Navbharat Times + Sandhya Times - Delhi & Ncr","price":"6375"}},"Entertainment":{"0":{"title":"The Times of India (Sndy, Wkdy) + Education Times + Navbharat Times + The Economic Times + Sandhya Times- Delhi NCR","price":"22500"},"1":{"title":"Navbharat Times Delhi NCR + Sandhya Times - Delhi","price":"6225"},"2":{"title":"Navbharat Times + Sandhya Times - Delhi & Ncr","price":"6375"},"3":{"title":"Sandhya Times - Delhi\n(Only For Testing)","price":"750"}},"Real Estate Selling":{"0":{"title":"The Times of India (Sndy, Wkdy) + Education Times + Navbharat Times + The Economic Times + Sandhya Times- Delhi NCR","price":"22500"},"1":{"title":"Navbharat Times Delhi NCR + Sandhya Times - Delhi","price":"6225"},"2":{"title":"Navbharat Times + Sandhya Times - Delhi & Ncr","price":"6375"},"3":{"title":"Sandhya Times - Delhi\n(Only For Testing)","price":"750"}},"Beauty & Wellness":{"0":{"title":"The Times of India (Sndy, Wkdy) + Education Times + Navbharat Times + The Economic Times + Sandhya Times- Delhi NCR","price":"22500"},"1":{"title":"Navbharat Times Delhi NCR + Sandhya Times - Delhi","price":"6225"},"2":{"title":"Navbharat Times + Sandhya Times - Delhi & Ncr","price":"6375"},"3":{"title":"Sandhya Times - Delhi\n(Only For Testing)","price":"750"}},"Call Centre Employees":{"0":{"title":"The Times of India (Sndy, Wkdy) + Education Times + Navbharat Times + The Economic Times + Sandhya Times- Delhi NCR","price":"22500"},"1":{"title":"Navbharat Times Delhi NCR + Sandhya Times - Delhi","price":"6225"},"2":{"title":"Navbharat Times + Sandhya Times - Delhi & Ncr","price":"6375"},"3":{"title":"Sandhya Times - Delhi\n(Only For Testing)","price":"750"}},"Prajapati":{"0":{"title":"The Times of India (Sndy, Wkdy) + Education Times + Navbharat Times + The Economic Times + Sandhya Times- Delhi NCR","price":"22500"},"1":{"title":"Navbharat Times Delhi NCR + Sandhya Times - Delhi","price":"6225"},"2":{"title":"Navbharat Times + Sandhya Times - Delhi & Ncr","price":"6375"},"3":{"title":"Sandhya Times - Delhi\n(Only For Testing)","price":"750"}},"Bungalow For Sale":{"0":{"title":"The Times of India (Fri, Sun), Property Times (Sat), SNTD (Any Day), Navbharat Times, Economic Times (Fri) - Delhi NCR","price":"18000"},"1":{"title":"The Times of India (Fri, Sun), Property Times (Sat), SNTD (Any Day), Navbharat Times, Economic Times (Fri) - Delhi NCR","price":"24000"},"2":{"title":"Sandhya Times - Delhi\n(Only For Testing)","price":"750"}},"For Rent/Lease/To Let":{"0":{"title":"The Times of India (Fri, Sun), Property Times (Sat), SNTD (Any Day), Navbharat Times, Economic Times (Fri) - Delhi NCR","price":"18000"},"1":{"title":"The Times of India (Fri, Sun), Property Times (Sat), SNTD (Any Day), Navbharat Times, Economic Times (Fri) - Delhi NCR","price":"24000"},"2":{"title":"Sandhya Times - Delhi\n(Only For Testing)","price":"750"}},"Outright Sale":{"0":{"title":"The Times of India (Fri, Sun), Property Times (Sat), SNTD (Any Day), Navbharat Times, Economic Times (Fri) - Delhi NCR","price":"18000"},"1":{"title":"The Times of India (Fri, Sun), Property Times (Sat), SNTD (Any Day), Navbharat Times, Economic Times (Fri) - Delhi NCR","price":"24000"},"2":{"title":"Sandhya Times - Delhi\n(Only For Testing)","price":"750"}},"Property Others":{"0":{"title":"The Times of India (Fri, Sun), Property Times (Sat), SNTD (Any Day), Navbharat Times, Economic Times (Fri) - Delhi NCR","price":"18000"},"1":{"title":"The Times of India (Fri, Sun), Property Times (Sat), SNTD (Any Day), Navbharat Times, Economic Times (Fri) - Delhi NCR","price":"24000"},"2":{"title":"Sandhya Times - Delhi\n(Only For Testing)","price":"750"}},"SMS CAMPAIGN":{"0":{"title":"The Times of India (Fri, Sun), Property Times (Sat), SNTD (Any Day), Navbharat Times, Economic Times (Fri) - Delhi NCR","price":"18000"},"1":{"title":"The Times of India (Fri, Sun), Property Times (Sat), SNTD (Any Day), Navbharat Times, Economic Times (Fri) - Delhi NCR","price":"24000"},"2":{"title":"Sandhya Times - Delhi  (Only For Testing)","price":"750"}}}