{"Lost and Found":{"0":{"title":"Sanmarg - Kolkata","price":"7000"}},"Business":{"0":{"title":"Sanmarg - Kolkata","price":"7000"}},"Obituary(Death Announcement)":{"0":{"title":"Sanmarg - Kolkata","price":"7000"}},"Remembrance(Unforgettable)":{"0":{"title":"Sanmarg - Kolkata","price":"7000"}},"public tender notices":{"0":{"title":"Sanmarg - Kolkata","price":"7000"}},"Services":{"0":{"title":"Sanmarg - Kolkata","price":"7000"}},"Retail/Shopping":{"0":{"title":"Sanmarg - Kolkata","price":"7000"}},"Personal Announcement":{"0":{"title":"Sanmarg - Kolkata","price":"7000"}},"Computers and Hardware":{"0":{"title":"Sanmarg - Kolkata","price":"7000"}}}