{"Services":{"0":{"title":"Tarun Bharat - Goa","price":"5000"}},"Retail/Shopping":{"0":{"title":"Tarun Bharat - Goa","price":"5000"}},"Personal Announcement":{"0":{"title":"Tarun Bharat - Goa","price":"5000"}},"Computers and Hardware":{"0":{"title":"Tarun Bharat - Goa","price":"5000"}},"Astrology":{"0":{"title":"Tarun Bharat - Goa","price":"5000"}},"Vehicles Automobiles":{"0":{"title":"Tarun Bharat - Goa","price":"5000"}},"Tours and Travel":{"0":{"title":"Tarun Bharat - Goa","price":"5000"}},"Property-Rental":{"0":{"title":"Tarun Bharat - Goa","price":"5000"}},"Entertainment":{"0":{"title":"Tarun Bharat - Goa","price":"5000"}},"Real Estate Selling":{"0":{"title":"Tarun Bharat - Goa","price":"5000"}},"Beauty & Wellness":{"0":{"title":"Tarun Bharat - Goa","price":"5000"}},"Call Centre Employees":{"0":{"title":"Tarun Bharat - Goa","price":"5000"}},"Prajapati":{"0":{"title":"Tarun Bharat - Goa","price":"5000"}},"Bungalow For Sale":{"0":{"title":"Tarun Bharat - Goa","price":"5000"}},"For Rent/Lease/To Let":{"0":{"title":"Tarun Bharat - Goa","price":"5000"}},"Outright Sale":{"0":{"title":"Tarun Bharat - Goa","price":"5000"}},"Property Others":{"0":{"title":"Tarun Bharat - Goa","price":"5000"}},"SMS CAMPAIGN":{"0":{"title":"Tarun Bharat - Goa","price":"5000"}}}