{"Matrimonial":{"0":{"title":"The Hindu - All Editions + Delhi","price":"6563"}},"Marriage Bureau":{"0":{"title":"The Hindu - All Editions + Delhi","price":"6563"}},"Change of Name":{"0":{"title":"The Hindu - All Editions + Delhi","price":"6563"}},"Recruitment job":{"0":{"title":"The Hindu - All Editions + Delhi","price":"6563"}},"Education":{"0":{"title":"The Hindu - All Editions + Delhi","price":"6563"}},"property real estate":{"0":{"title":"The Hindu - All Editions + Delhi","price":"6563"}},"Lost and Found":{"0":{"title":"The Hindu - All Editions + Delhi","price":"6563"}},"Business":{"0":{"title":"The Hindu - All Editions + Delhi","price":"6563"}},"Obituary(Death Announcement)":{"0":{"title":"The Hindu - All Editions + Delhi","price":"6563"}},"Remembrance(Unforgettable)":{"0":{"title":"The Hindu - All Editions + Delhi","price":"6563"}},"public tender notices":{"0":{"title":"The Hindu - All Editions + Delhi","price":"6563"}},"Services":{"0":{"title":"The Hindu - All Editions + Delhi","price":"6563"}},"Retail/Shopping":{"0":{"title":"The Hindu - All Editions + Delhi","price":"6563"}},"Personal Announcement":{"0":{"title":"The Hindu - All Editions + Delhi","price":"6563"}},"Computers and Hardware":{"0":{"title":"The Hindu - All Editions + Delhi","price":"6563"}},"Astrology":{"0":{"title":"The Hindu - All Editions + Delhi","price":"6563"}},"Vehicles Automobiles":{"0":{"title":"The Hindu - All Editions + Delhi","price":"6563"}},"Tours and Travel":{"0":{"title":"The Hindu - All Editions + Delhi","price":"367"}},"Property-Rental":{"0":{"title":"The Hindu - Kolkata","price":"367"}},"Entertainment":{"0":{"title":"The Hindu - Kolkata","price":"367"}},"Real Estate Selling":{"0":{"title":"The Hindu - Kolkata","price":"367"}},"Beauty & Wellness":{"0":{"title":"The Hindu - Kolkata","price":"367"}},"Call Centre Employees":{"0":{"title":"The Hindu - Kolkata","price":"367"}},"Prajapati":{"0":{"title":"The Hindu - Kolkata","price":"367"}},"Bungalow For Sale":{"0":{"title":"The Hindu - Kolkata","price":"367"}},"For Rent/Lease/To Let":{"0":{"title":"The Hindu - Kolkata","price":"367"}},"Outright Sale":{"0":{"title":"The Hindu - Kolkata","price":"367"}},"Property Others":{"0":{"title":"The Hindu - Kolkata","price":"367"}},"SMS CAMPAIGN":{"0":{"title":"The Hindu - Kolkata","price":"367"}}}