{"Matrimonial":{"0":{"title":"The Tribune - All Edition (Chandigarh + Punjab + Haryana + Delhi + Himanchal + J & k )","price":"11552"},"1":{"title":"The Tribune + Dainik Tribune - All Edition","price":"12996"},"2":{"title":"The Tribune + Dainik Tribune + Punjabi Tribune - All Edition","price":"16188"},"3":{"title":"The Tribune + Punjabi Tribune - All Edition","price":"14364"}},"Marriage Bureau":{"0":{"title":"The Tribune - All Edition (Chandigarh + Punjab + Haryana + Delhi + Himanchal + J & k )","price":"11552"},"1":{"title":"The Tribune + Dainik Tribune - All Edition","price":"12996"},"2":{"title":"The Tribune + Dainik Tribune + Punjabi Tribune - All Edition","price":"16188"},"3":{"title":"The Tribune + Punjabi Tribune - All Edition","price":"14364"}},"Change of Name":{"0":{"title":"The Tribune - All Edition (Chandigarh + Punjab + Haryana + Delhi + Himanchal + J & k )","price":"11552"},"1":{"title":"The Tribune + Dainik Tribune - All Edition","price":"12996"},"2":{"title":"The Tribune + Dainik Tribune + Punjabi Tribune - All Edition","price":"16188"},"3":{"title":"The Tribune + Punjabi Tribune - All Edition","price":"14364"}},"Recruitment job":{"0":{"title":"The Tribune - All Edition (Chandigarh + Punjab + Haryana + Delhi + Himanchal + J & k )","price":"11552"},"1":{"title":"The Tribune + Dainik Tribune - All Edition","price":"12996"},"2":{"title":"The Tribune + Dainik Tribune + Punjabi Tribune - All Edition","price":"16188"},"3":{"title":"The Tribune + Punjabi Tribune - All Edition","price":"14364"}},"Education":{"0":{"title":"The Tribune - All Edition (Chandigarh + Punjab + Haryana + Delhi + Himanchal + J & k )","price":"11552"},"1":{"title":"The Tribune + Dainik Tribune - All Edition","price":"12996"},"2":{"title":"The Tribune + Dainik Tribune + Punjabi Tribune - All Edition","price":"16188"},"3":{"title":"The Tribune + Punjabi Tribune - All Edition","price":"14364"}},"property real estate":{"0":{"title":"The Tribune - All Edition (Chandigarh + Punjab + Haryana + Delhi + Himanchal + J & k )","price":"11552"},"1":{"title":"The Tribune + Dainik Tribune - All Edition","price":"12996"},"2":{"title":"The Tribune + Dainik Tribune + Punjabi Tribune - All Edition","price":"16188"},"3":{"title":"The Tribune + Punjabi Tribune - All Edition","price":"14364"}},"Lost and Found":{"0":{"title":"The Tribune - All Edition (Chandigarh + Punjab + Haryana + Delhi + Himanchal + J & k )","price":"11552"},"1":{"title":"The Tribune + Dainik Tribune - All Edition","price":"12996"},"2":{"title":"The Tribune + Dainik Tribune + Punjabi Tribune - All Edition","price":"16188"},"3":{"title":"The Tribune + Punjabi Tribune - All Edition","price":"14364"}},"Business":{"0":{"title":"The Tribune - All Edition (Chandigarh + Punjab + Haryana + Delhi + Himanchal + J & k )","price":"11552"},"1":{"title":"The Tribune + Dainik Tribune - All Edition ","price":"12996"},"2":{"title":"The Tribune + Dainik Tribune + Punjabi Tribune - All Edition","price":"16188"},"3":{"title":"The Tribune + Punjabi Tribune - All Edition","price":"14364"}},"Obituary(Death Announcement)":{"0":{"title":"The Tribune - All Edition (Chandigarh + Punjab + Haryana + Delhi + Himanchal + J & k )","price":"11552"},"1":{"title":"The Tribune + Dainik Tribune - All Edition","price":"12996"},"2":{"title":"The Tribune + Dainik Tribune + Punjabi Tribune - All Edition","price":"16188"},"3":{"title":"The Tribune + Punjabi Tribune - All Edition","price":"14364"},"4":{"title":"Bhatinda Tribune","price":"640"},"5":{"title":"The Tribune - Amritsar","price":"882"},"6":{"title":"The Tribune - Chandigarh","price":"3650"},"7":{"title":"The Tribune - Jalandhar","price":"975"},"8":{"title":"The Tribune - Ludhiana","price":"1824"}},"Remembrance(Unforgettable)":{"0":{"title":"The Tribune - All Edition (Chandigarh + Punjab + Haryana + Delhi + Himanchal + J & k )","price":"11552"},"1":{"title":"The Tribune + Dainik Tribune - All Edition","price":"12996"},"2":{"title":"The Tribune + Dainik Tribune + Punjabi Tribune - All Edition","price":"16188"},"3":{"title":"The Tribune + Punjabi Tribune - All Edition","price":"14364"},"4":{"title":"Bhatinda Tribune","price":"640"},"5":{"title":"The Tribune - Amritsar","price":"882"},"6":{"title":"The Tribune - Chandigarh","price":"3650"},"7":{"title":"The Tribune - Jalandhar","price":"975"},"8":{"title":"The Tribune - Ludhiana","price":"1824"}},"public tender notices":{"0":{"title":"The Tribune - All Edition (Chandigarh + Punjab + Haryana + Delhi + Himanchal + J & k )","price":"11552"},"1":{"title":"The Tribune + Dainik Tribune - All Edition","price":"12996"},"2":{"title":"The Tribune + Dainik Tribune + Punjabi Tribune - All Edition","price":"16188"},"3":{"title":"The Tribune + Punjabi Tribune - All Edition","price":"14364"},"4":{"title":"Bhatinda Tribune","price":"640"},"5":{"title":"The Tribune - Amritsar","price":"882"},"6":{"title":"The Tribune - Chandigarh","price":"3650"},"7":{"title":"The Tribune - Jalandhar","price":"975"},"8":{"title":"The Tribune - Ludhiana","price":"1824"}},"Services":{"0":{"title":"The Tribune - All Edition (Chandigarh + Punjab + Haryana + Delhi + Himanchal + J & k )","price":"11552"},"1":{"title":"The Tribune + Dainik Tribune - All Edition","price":"12996"},"2":{"title":"The Tribune + Dainik Tribune + Punjabi Tribune - All Edition","price":"16188"},"3":{"title":"The Tribune + Punjabi Tribune - All Edition","price":"14364"},"4":{"title":"The Tribune - Haryana Edition","price":"10800"},"5":{"title":"Bhatinda Tribune","price":"684"},"6":{"title":"The Tribune - Amritsar","price":"1064"},"7":{"title":"The Tribune - Chandigarh","price":"4256"},"8":{"title":"The Tribune - Jalandhar","price":"1140"}},"Retail/Shopping":{"0":{"title":"The Tribune - All Edition (Chandigarh + Punjab + Haryana + Delhi + Himanchal + J & k )","price":"11552"},"1":{"title":"The Tribune + Dainik Tribune - All Edition","price":"12996"},"2":{"title":"The Tribune + Dainik Tribune + Punjabi Tribune - All Edition","price":"16188"},"3":{"title":"The Tribune + Punjabi Tribune - All Edition","price":"14364"},"4":{"title":"The Tribune - Haryana Edition","price":"10800"},"5":{"title":"Bhatinda Tribune","price":"1064"},"6":{"title":"The Tribune - Chandigarh","price":"4256"},"7":{"title":"The Tribune - Jalandhar","price":"1140"},"8":{"title":"The Tribune - Ludhiana","price":"2128"},"9":{"title":"The Tribune - Ludhiana","price":"1824"}},"Personal Announcement":{"0":{"title":"The Tribune - All Edition (Chandigarh + Punjab + Haryana + Delhi + Himanchal + J & k )","price":"11552"},"1":{"title":"The Tribune + Dainik Tribune - All Edition","price":"12996"},"2":{"title":"The Tribune + Dainik Tribune + Punjabi Tribune - All Edition","price":"16188"},"3":{"title":"The Tribune + Punjabi Tribune - All Edition","price":"14364"},"4":{"title":"Bhatinda Tribune","price":"640"},"5":{"title":"The Tribune - Amritsar","price":"882"},"6":{"title":"The Tribune - Chandigarh","price":"3650"},"7":{"title":"The Tribune - Jalandhar","price":"975"},"8":{"title":"The Tribune - Jammu","price":"1247"},"9":{"title":"The Tribune - Ludhiana","price":"1824"}},"Computers and Hardware":{"0":{"title":"The Tribune - All Edition (Chandigarh + Punjab + Haryana + Delhi + Himanchal + J & k )","price":"11552"},"1":{"title":"The Tribune + Dainik Tribune - All Edition","price":"12996"},"2":{"title":"The Tribune + Dainik Tribune + Punjabi Tribune - All Edition","price":"16188"},"3":{"title":"The Tribune + Punjabi Tribune - All Edition","price":"14364"},"4":{"title":"Bhatinda Tribune","price":"640"},"5":{"title":"The Tribune - Amritsar","price":"882"},"6":{"title":"The Tribune - Chandigarh","price":"3650"},"7":{"title":"The Tribune - Jalandhar","price":"975"},"8":{"title":"The Tribune - Jammu","price":"1247"},"9":{"title":"The Tribune - Ludhiana","price":"1824"}},"Vehicles Automobiles":{"0":{"title":"The Tribune - All Edition (Chandigarh + Punjab + Haryana + Delhi + Himanchal + J & k )","price":"11552"},"1":{"title":"The Tribune + Dainik Tribune - All Edition","price":"12996"},"2":{"title":"The Tribune + Dainik Tribune + Punjabi Tribune - All Edition","price":"16188"},"3":{"title":"The Tribune + Punjabi Tribune - All Edition","price":"14364"},"4":{"title":"Bhatinda Tribune","price":"640"},"5":{"title":"The Tribune - Amritsar","price":"1064"},"6":{"title":"The Tribune - Chandigarh","price":"4256"},"7":{"title":"The Tribune - Jalandhar","price":"1140"},"8":{"title":"The Tribune - Ludhiana","price":"2128"}},"Tours and Travel":{"0":{"title":"The Tribune - All Edition (Chandigarh + Punjab + Haryana + Delhi + Himanchal + J & k )","price":"11552"},"1":{"title":"The Tribune + Dainik Tribune - All Edition","price":"12996"},"2":{"title":"The Tribune + Dainik Tribune + Punjabi Tribune - All Edition","price":"16188"},"3":{"title":"The Tribune + Punjabi Tribune - All Edition","price":"14364"},"4":{"title":"Bhatinda Tribune","price":"640"},"5":{"title":"The Tribune - Amritsar","price":"1064"},"6":{"title":"The Tribune - Chandigarh","price":"4256"},"7":{"title":"The Tribune - Jalandhar","price":"1140"},"8":{"title":"The Tribune - Ludhiana","price":"2128"}},"Property-Rental":{"0":{"title":"The Tribune - All Edition (Chandigarh + Punjab + Haryana + Delhi + Himanchal + J & k )","price":"11552"},"1":{"title":"The Tribune + Dainik Tribune - All Edition","price":"12996"},"2":{"title":"The Tribune + Dainik Tribune + Punjabi Tribune - All Edition","price":"16188"},"3":{"title":"The Tribune + Punjabi Tribune - All Edition","price":"14364"},"4":{"title":"Bhatinda Tribune","price":"640"},"5":{"title":"The Tribune - Amritsar","price":"1064"},"6":{"title":"The Tribune - Chandigarh","price":"4256"},"7":{"title":"The Tribune - Jalandhar","price":"1140"},"8":{"title":"The Tribune - Ludhiana","price":"2128"}},"Entertainment":{"0":{"title":"The Tribune - All Edition (Chandigarh + Punjab + Haryana + Delhi + Himanchal + J & k )","price":"11552"},"1":{"title":"The Tribune + Dainik Tribune - All Edition","price":"12996"},"2":{"title":"The Tribune + Dainik Tribune + Punjabi Tribune - All Edition","price":"16188"},"3":{"title":"The Tribune + Punjabi Tribune - All Edition","price":"14364"},"4":{"title":"Bhatinda Tribune","price":"640"},"5":{"title":"The Tribune - Amritsar","price":"1064"},"6":{"title":"The Tribune - Chandigarh","price":"4256"},"7":{"title":"The Tribune - Jalandhar","price":"1140"},"8":{"title":"The Tribune - Ludhiana","price":"2128"}},"Real Estate Selling":{"0":{"title":"The Tribune - All Edition (Chandigarh + Punjab + Haryana + Delhi + Himanchal + J & k )","price":"11552"},"1":{"title":"The Tribune + Dainik Tribune - All Edition","price":"12996"},"2":{"title":"The Tribune + Dainik Tribune + Punjabi Tribune - All Edition","price":"16188"},"3":{"title":"The Tribune + Punjabi Tribune - All Edition","price":"14364"},"4":{"title":"Bhatinda Tribune","price":"684"},"5":{"title":"The Tribune - Amritsar","price":"1064"},"6":{"title":"The Tribune - Chandigarh","price":"4256"},"7":{"title":"The Tribune - Jalandhar","price":"1140"},"8":{"title":"The Tribune - Ludhiana","price":"2128"}},"Beauty & Wellness":{"0":{"title":"The Tribune - All Edition (Chandigarh + Punjab + Haryana + Delhi + Himanchal + J & k )","price":"11552"},"1":{"title":"The Tribune + Dainik Tribune - All Edition","price":"12996"},"2":{"title":"The Tribune + Dainik Tribune + Punjabi Tribune - All Edition","price":"16188"},"3":{"title":"The Tribune + Punjabi Tribune - All Edition","price":"14364"},"4":{"title":"Bhatinda Tribune","price":"684"},"5":{"title":"The Tribune - Amritsar","price":"1064"},"6":{"title":"The Tribune - Chandigarh","price":"4256"},"7":{"title":"The Tribune - Jalandhar","price":"1140"},"8":{"title":"The Tribune - Ludhiana","price":"2128"}}}