{"Matrimonial":{"0":{"title":"The india Express - All Editions","price":"1875"}},"Marriage Bureau":{"0":{"title":"The india Express - All Editions","price":"1875"}},"Change of Name":{"0":{"title":"The india Express - All Editions","price":"1875"}},"Recruitment job":{"0":{"title":"The india Express - All Editions","price":"1875"}},"Education":{"0":{"title":"The india Express - All Editions","price":"1875"}},"property real estate":{"0":{"title":"The india Express - All Editions","price":"1875"}},"Lost and Found":{"0":{"title":"The india Express - All Editions","price":"1875"}},"Business":{"0":{"title":"The india Express - All Editions","price":"1875"}},"Obituary(Death Announcement)":{"0":{"title":"The india Express - All Editions","price":"1875"}},"Remembrance(Unforgettable)":{"0":{"title":"The india Express - All Editions","price":"1875"}},"public tender notices":{"0":{"title":"The india Express - All Editions","price":"1875"}},"Services":{"0":{"title":"The india Express - All Editions","price":"1875"}},"Retail/Shopping":{"0":{"title":"The india Express - All Editions","price":"1875"}},"Personal Announcement":{"0":{"title":"The india Express - All Editions","price":"1875"}},"Computers and Hardware":{"0":{"title":"The india Express - All Editions","price":"1875"}},"Astrology":{"0":{"title":"The india Express - All Editions","price":"1875"}},"Vehicles Automobiles":{"0":{"title":"The india Express - All Editions","price":"1875"}},"Tours and Travel":{"0":{"title":"The india Express - All Editions","price":"1875"}},"Property-Rental":{"0":{"title":"The india Express - All Editions","price":"1875"}},"Entertainment":{"0":{"title":"The india Express - All Editions","price":"1875"}},"Real Estate Selling":{"0":{"title":"The india Express - All Editions","price":"3480"}},"Beauty & Wellness":{"0":{"title":"The india Express - All Editions","price":"3480"},"1":{"title":"The Indian Express - Ahmedabad","price":"1425"},"2":{"title":"The Indian Express - Chandigarh","price":"1875"},"3":{"title":"The Indian Express - Delhi","price":"1800"},"4":{"title":"The Indian Express - Lucknow","price":"600"},"5":{"title":"The Indian Express - Mumbai","price":"2100"},"6":{"title":"The Indian Express - Nagpur","price":"675"},"7":{"title":"The Indian Express - Pune","price":"1650"}},"Call Centre Employees":{"0":{"title":"The india Express - All Editions","price":"5250"},"1":{"title":"The Indian Express - ( Mumbai + Pune ) Edition","price":"3225"},"2":{"title":"The Indian Express + Loksatta - Pune","price":"2400"},"3":{"title":"The Indian Express + Loksatta - Nagpur","price":"975"},"4":{"title":"Loksatta + The Indian Express - Mumbai","price":"8700"},"5":{"title":"The Indian Express + Jansatta - Delhi","price":"1800"},"6":{"title":"The Indian Express + Jansatta - Chandigarh","price":"2475"},"7":{"title":"The Indian Express - Ahmedabad","price":"2100"},"8":{"title":"The Indian Express - Chandigarh","price":"2100"},"9":{"title":"The Indian Express - Delhi","price":"2100"},"10":{"title":"The Indian Express - Lucknow","price":"1800"},"11":{"title":"The Indian Express - Mumbai","price":"2475"},"12":{"title":"The Indian Express - Nagpur","price":"675"}},"Prajapati":{"0":{"title":"The india Express - All Editions","price":"5250"},"1":{"title":"The Indian Express - ( Mumbai + Pune ) Edition","price":"3225"},"2":{"title":"The Indian Express + Loksatta - Pune","price":"2400"},"3":{"title":"The Indian Express + Loksatta - Nagpur","price":"975"},"4":{"title":"Loksatta + The Indian Express - Mumbai","price":"8700"},"5":{"title":"The Indian Express + Jansatta - Delhi","price":"1800"},"6":{"title":"The Indian Express + Jansatta - Chandigarh","price":"2475"},"7":{"title":"The Indian Express - Ahmedabad","price":"2100"},"8":{"title":"The Indian Express - Chandigarh","price":"2100"},"9":{"title":"The Indian Express - Delhi","price":"2100"},"10":{"title":"The Indian Express - Lucknow","price":"1800"},"11":{"title":"The Indian Express - Mumbai","price":"2475"},"12":{"title":"The Indian Express - Nagpur","price":"675"},"13":{"title":"The Indian Express - Pune","price":"2100"}},"Bungalow For Sale":{"0":{"title":"The india Express - All Editions","price":"5250"},"1":{"title":"The Indian Express - ( Mumbai + Pune ) Edition","price":"3225"},"2":{"title":"The Indian Express + Loksatta - Pune","price":"2400"},"3":{"title":"The Indian Express + Loksatta - Nagpur","price":"975"},"4":{"title":"Loksatta + The Indian Express - Mumbai","price":"8700"},"5":{"title":"The Indian Express + Jansatta - Delhi","price":"1800"},"6":{"title":"The Indian Express + Jansatta - Chandigarh","price":"2475"},"7":{"title":"The Indian Express - Ahmedabad","price":"2100"},"8":{"title":"The Indian Express - Chandigarh","price":"2100"},"9":{"title":"The Indian Express - Delhi","price":"2100"},"10":{"title":"The Indian Express - Lucknow","price":"1800"},"11":{"title":"The Indian Express - Mumbai","price":"2475"},"12":{"title":"The Indian Express - Nagpur","price":"675"}},"For Rent/Lease/To Let":{"0":{"title":"The india Express - All Editions","price":"5250"},"1":{"title":"The Indian Express - ( Mumbai + Pune ) Edition","price":"3225"},"2":{"title":"The Indian Express + Loksatta - Pune","price":"2400"},"3":{"title":"The Indian Express + Loksatta - Nagpur","price":"975"},"4":{"title":"Loksatta + The Indian Express - Mumbai","price":"8700"},"5":{"title":"The Indian Express + Jansatta - Delhi","price":"1800"},"6":{"title":"The Indian Express + Jansatta - Chandigarh","price":"2475"},"7":{"title":"The Indian Express - Ahmedabad","price":"2100"},"8":{"title":"The Indian Express - Chandigarh","price":"2100"},"9":{"title":"The Indian Express - Delhi","price":"2100"},"10":{"title":"The Indian Express - Lucknow","price":"1800"},"11":{"title":"The Indian Express - Mumbai","price":"2475"},"12":{"title":"The Indian Express - Nagpur","price":"675"},"13":{"title":"The Indian Express - Pune","price":"2100"}}}