{"Education":{"0":{"title":"Hyderabad","price":"2400"}},"property real estate":{"0":{"title":"Hyderabad","price":"2400"}},"Lost and Found":{"0":{"title":"Hyderabad","price":"2400"}},"Business":{"0":{"title":"Hyderabad","price":"2400"}},"Obituary(Death Announcement)":{"0":{"title":"Hyderabad","price":"2400"}},"Remembrance(Unforgettable)":{"0":{"title":"Hyderabad","price":"2400"}},"public tender notices":{"0":{"title":"Hyderabad","price":"2400"}},"Services":{"0":{"title":"Hyderabad","price":"2400"}},"Retail/Shopping":{"0":{"title":"Hyderabad","price":"2400"}},"Personal Announcement":{"0":{"title":"Hyderabad","price":"2400"}},"Computers and Hardware":{"0":{"title":"Hyderabad","price":"2400"}},"Astrology":{"0":{"title":"Hyderabad","price":"2400"}},"Vehicles Automobiles":{"0":{"title":"Hyderabad","price":"2400"}},"Tours and Travel":{"0":{"title":"Hyderabad","price":"2400"}},"Property-Rental":{"0":{"title":"Hyderabad","price":"2400"}},"Entertainment":{"0":{"title":"Hyderabad","price":"2400"}},"Real Estate Selling":{"0":{"title":"Hyderabad","price":"2400"}}}