{"public tender notices":{"0":{"title":"The Pioneer(English) + The Pioneer(Hindi) - Delhi & Ncr","price":"5000"},"1":{"title":"The Pioneer (English) - Deharadun","price":"3800"},"2":{"title":"The Pioneer (English) - Delhi","price":"3000"}},"Services":{"0":{"title":"The Pioneer(English) + The Pioneer(Hindi) - Delhi & Ncr","price":"5000"},"1":{"title":"The Pioneer (English) - Deharadun","price":"3800"},"2":{"title":"The Pioneer (English) - Delhi","price":"3000"},"3":{"title":"The Pioneer (English) - Lucknow","price":"1600"}},"Retail/Shopping":{"0":{"title":"The Pioneer(English) + The Pioneer(Hindi) - Delhi & Ncr","price":"5000"},"1":{"title":"The Pioneer (English) - Deharadun","price":"3800"},"2":{"title":"The Pioneer (English) - Delhi","price":"3000"},"3":{"title":"The Pioneer (English) - Lucknow","price":"1600"}},"Personal Announcement":{"0":{"title":"The Pioneer(English) + The Pioneer(Hindi) - Delhi & Ncr","price":"5000"},"1":{"title":"The Pioneer (English) - Deharadun","price":"3800"},"2":{"title":"The Pioneer (English) - Delhi","price":"3000"},"3":{"title":"The Pioneer (English) - Lucknow","price":"1600"}},"Computers and Hardware":{"0":{"title":"The Pioneer(English) + The Pioneer(Hindi) - Delhi & Ncr","price":"5000"},"1":{"title":"The Pioneer (English) - Deharadun","price":"3800"},"2":{"title":"The Pioneer (English) - Delhi","price":"3000"},"3":{"title":"The Pioneer (English) - Lucknow","price":"1600"}},"Astrology":{"0":{"title":"The Pioneer(English) + The Pioneer(Hindi) - Delhi & Ncr","price":"5000"},"1":{"title":"The Pioneer (English) - Deharadun","price":"3800"},"2":{"title":"The Pioneer (English) - Delhi","price":"3000"},"3":{"title":"The Pioneer (English) - Lucknow","price":"1600"}},"Vehicles Automobiles":{"0":{"title":"The Pioneer(English) + The Pioneer(Hindi) - Delhi & Ncr","price":"5000"},"1":{"title":"The Pioneer (English) - Deharadun","price":"3800"},"2":{"title":"The Pioneer (English) - Delhi","price":"3000"},"3":{"title":"The Pioneer (English) - Lucknow","price":"1600"}},"Tours and Travel":{"0":{"title":"The Pioneer(English) + The Pioneer(Hindi) - Delhi & Ncr","price":"5000"},"1":{"title":"The Pioneer (English) - Deharadun","price":"3800"},"2":{"title":"The Pioneer (English) - Delhi","price":"3000"},"3":{"title":"The Pioneer (English) - Lucknow","price":"1600"}},"Property-Rental":{"0":{"title":"The Pioneer(English) + The Pioneer(Hindi) - Delhi & Ncr","price":"5000"},"1":{"title":"The Pioneer (English) - Deharadun","price":"3800"},"2":{"title":"The Pioneer (English) - Delhi","price":"3000"},"3":{"title":"The Pioneer (English) - Lucknow","price":"1600"}}}