{"Matrimonial":{"0":{"title":"Anand Bazar Patrika + The Telegraph - Kolkata","price":"5460"}},"Marriage Bureau":{"0":{"title":"Anand Bazar Patrika + The Telegraph - Kolkata","price":"5460"}},"Change of Name":{"0":{"title":"Anand Bazar Patrika + The Telegraph - Kolkata","price":"5460"}},"Recruitment job":{"0":{"title":"Anand Bazar Patrika + The Telegraph - Kolkata","price":"5460"}},"Education":{"0":{"title":"Anand Bazar Patrika + The Telegraph - Kolkata","price":"5460"}},"property real estate":{"0":{"title":"Anand Bazar Patrika + The Telegraph - Kolkata","price":"5460"}},"Lost and Found":{"0":{"title":"Anand Bazar Patrika + The Telegraph - Kolkata","price":"5460"}},"Business":{"0":{"title":"Anand Bazar Patrika + The Telegraph - Kolkata","price":"5460"}},"Obituary(Death Announcement)":{"0":{"title":"Anand Bazar Patrika + The Telegraph - Kolkata","price":"5460"}},"Remembrance(Unforgettable)":{"0":{"title":"Anand Bazar Patrika + The Telegraph - Kolkata","price":"5460"}},"public tender notices":{"0":{"title":"Anand Bazar Patrika + The Telegraph - Kolkata","price":"5460"}},"Services":{"0":{"title":"Anand Bazar Patrika + The Telegraph - Kolkata","price":"5460"}},"Retail/Shopping":{"0":{"title":"Anand Bazar Patrika + The Telegraph - Kolkata","price":"5460"}}}