{"Education":{"0":{"title":"The Navhind Times - Panji","price":"3800"}},"property real estate":{"0":{"title":"The Navhind Times - Panji","price":"3800"}},"Lost and Found":{"0":{"title":"The Navhind Times - Panji","price":"3800"}},"Business":{"0":{"title":"The Navhind Times - Panji","price":"3800"}},"Obituary(Death Announcement)":{"0":{"title":"The Navhind Times - Panji","price":"3800"}},"Remembrance(Unforgettable)":{"0":{"title":"The Navhind Times - Panji","price":"3800"}},"public tender notices":{"0":{"title":"The Navhind Times - Panji","price":"3800"}},"Services":{"0":{"title":"The Navhind Times - Panji","price":"3800"}},"Retail/Shopping":{"0":{"title":"The Navhind Times - Panji","price":"3800"}},"Personal Announcement":{"0":{"title":"The Navhind Times - Panji","price":"3800"}},"Computers and Hardware":{"0":{"title":"The Navhind Times - Panji","price":"3800"}},"Astrology":{"0":{"title":"The Navhind Times - Panji","price":"3800"}},"Vehicles Automobiles":{"0":{"title":"The Navhind Times - Panji","price":"3800"}},"Tours and Travel":{"0":{"title":"The Navhind Times - Panji","price":"3800"}},"Property-Rental":{"0":{"title":"The Navhind Times - Panji","price":"3800"}},"Entertainment":{"0":{"title":"The Navhind Times - Panji","price":"3800"}},"Real Estate Selling":{"0":{"title":"The Navhind Times - Panji","price":"3800"}},"Beauty & Wellness":{"0":{"title":"The Navhind Times - Panji","price":"3800"}},"Call Centre Employees":{"0":{"title":"The Navhind Times - Panji","price":"3800"}}}