{"Services":{"0":{"title":"The Statesman - Delhi","price":"3000"},"1":{"title":"The Statesman -Kolkata","price":"6000"}},"Retail/Shopping":{"0":{"title":"The Statesman - Delhi","price":"3000"},"1":{"title":"The Statesman -Kolkata","price":"6000"}},"Personal Announcement":{"0":{"title":"The Statesman - Delhi","price":"3000"},"1":{"title":"The Statesman -Kolkata","price":"6000"}},"Computers and Hardware":{"0":{"title":"The Statesman - Delhi","price":"3000"},"1":{"title":"The Statesman -Kolkata","price":"6000"}},"Astrology":{"0":{"title":"The Statesman - Delhi","price":"3000"},"1":{"title":"The Statesman -Kolkata","price":"6000"}},"Vehicles Automobiles":{"0":{"title":"The Statesman - Delhi","price":"3000"},"1":{"title":"The Statesman -Kolkata","price":"6000"}},"Tours and Travel":{"0":{"title":"The Statesman - Delhi","price":"3000"},"1":{"title":"The Statesman -Kolkata","price":"6000"}},"Property-Rental":{"0":{"title":"The Statesman - Delhi","price":"3000"},"1":{"title":"The Statesman -Kolkata","price":"6000"}},"Entertainment":{"0":{"title":"The Statesman - Delhi","price":"3000"},"1":{"title":"The Statesman -Kolkata","price":"6000"}},"Real Estate Selling":{"0":{"title":"The Statesman - Delhi","price":"3000"},"1":{"title":"The Statesman -Kolkata","price":"6000"}},"Beauty & Wellness":{"0":{"title":"The Statesman - Delhi","price":"3000"},"1":{"title":"The Statesman -Kolkata","price":"6000"}},"Call Centre Employees":{"0":{"title":"The Statesman - Delhi","price":"3000"},"1":{"title":"The Statesman -Kolkata","price":"6000"}}}