{"Matrimonial":{"0":{"title":"The Hans India - All Telangana","price":"1200"},"1":{"title":"The Hans India - All AP Edition","price":"1200"},"2":{"title":"The Hans India - All AP + Telangana Editions","price":"1500"}},"Marriage Bureau":{"0":{"title":"The Hans India - All Telangana","price":"1200"},"1":{"title":"The Hans India - All AP Edition","price":"1200"},"2":{"title":"The Hans India - All AP + Telangana Editions","price":"1500"}},"Change of Name":{"0":{"title":"The Hans India - All Telangana","price":"1200"},"1":{"title":"The Hans India - All AP Edition","price":"1200"},"2":{"title":"The Hans India - All AP + Telangana Editions","price":"1500"}},"Recruitment job":{"0":{"title":"The Hans India - All Telangana","price":"1200"},"1":{"title":"The Hans India - All AP Edition","price":"1200"},"2":{"title":"The Hans India - All AP + Telangana Editions","price":"1500"}},"Education":{"0":{"title":"The Hans India - All Telangana","price":"1200"},"1":{"title":"The Hans India - All AP Edition","price":"1200"},"2":{"title":"The Hans India - All AP + Telangana Editions","price":"1500"}},"property real estate":{"0":{"title":"The Hans India - All Telangana","price":"1200"},"1":{"title":"The Hans India - All AP Edition","price":"1200"},"2":{"title":"The Hans India - All AP + Telangana Editions","price":"1500"}},"Lost and Found":{"0":{"title":"The Hans India - All Telangana","price":"1200"},"1":{"title":"The Hans India - All AP Edition","price":"1200"},"2":{"title":"The Hans India - All AP + Telangana Editions","price":"1500"}},"Business":{"0":{"title":"The Hans India - All Telangana","price":"1200"},"1":{"title":"The Hans India - All AP Edition","price":"1200"},"2":{"title":"The Hans India - All AP + Telangana Editions","price":"1500"}},"Obituary(Death Announcement)":{"0":{"title":"The Hans India - All Telangana","price":"1200"},"1":{"title":"The Hans India - All AP Edition","price":"1200"},"2":{"title":"The Hans India - All AP + Telangana Editions","price":"1500"}},"Remembrance(Unforgettable)":{"0":{"title":"The Hans India - All Telangana","price":"1200"},"1":{"title":"The Hans India - All AP Edition","price":"1200"},"2":{"title":"The Hans India - All AP + Telangana Editions","price":"1500"}},"public tender notices":{"0":{"title":"The Hans India - All Telangana","price":"1200"},"1":{"title":"The Hans India - All AP Edition","price":"1200"},"2":{"title":"The Hans India - All AP + Telangana Editions","price":"1500"}},"Services":{"0":{"title":"The Hans India - All Telangana","price":"1200"},"1":{"title":"The Hans India - All AP Edition","price":"1200"},"2":{"title":"The Hans India - All AP + Telangana Editions","price":"1500"},"3":{"title":"The Hans India Hyderabad","price":"1000"},"4":{"title":"The Hans India Khammam","price":"400"},"5":{"title":"The Hans India Kurnool","price":"400"},"6":{"title":"The Hans India Tirupati","price":"400"},"7":{"title":"The Hans India Vijayawada","price":"500"},"8":{"title":"The Hans India Visakhapatnam","price":"400"},"9":{"title":"The Hans India Warangal","price":"500"}},"Retail/Shopping":{"0":{"title":"The Hans India - All Telangana","price":"1200"},"1":{"title":"The Hans India - All AP Edition","price":"1200"},"2":{"title":"The Hans India - All AP + Telangana Editions","price":"1500"},"3":{"title":"The Hans India Hyderabad","price":"1000"},"4":{"title":"The Hans India Khammam","price":"400"},"5":{"title":"The Hans India Kurnool","price":"400"},"6":{"title":"The Hans India Tirupati","price":"400"},"7":{"title":"The Hans India Vijayawada","price":"500"},"8":{"title":"The Hans India Visakhapatnam","price":"400"},"9":{"title":"The Hans India Warangal","price":"500"}},"Personal Announcement":{"0":{"title":"The Hans India - All Telangana","price":"1200"},"1":{"title":"The Hans India - All AP Edition","price":"1200"},"2":{"title":"The Hans India - All AP + Telangana Editions","price":"1500"},"3":{"title":"The Hans India Hyderabad","price":"1000"},"4":{"title":"The Hans India Khammam","price":"400"},"5":{"title":"The Hans India Kurnool","price":"400"},"6":{"title":"The Hans India Tirupati","price":"400"},"7":{"title":"The Hans India Vijayawada","price":"500"},"8":{"title":"The Hans India Visakhapatnam","price":"400"},"9":{"title":"The Hans India Warangal","price":"500"}},"Computers and Hardware":{"0":{"title":"The Hans India - All Telangana","price":"1200"},"1":{"title":"The Hans India - All AP Edition","price":"1200"},"2":{"title":"The Hans India - All AP + Telangana Editions","price":"1500"},"3":{"title":"The Hans India Hyderabad","price":"1000"},"4":{"title":"The Hans India Khammam","price":"400"},"5":{"title":"The Hans India Kurnool","price":"400"},"6":{"title":"The Hans India Tirupati","price":"400"},"7":{"title":"The Hans India Vijayawada","price":"500"},"8":{"title":"The Hans India Visakhapatnam","price":"400"},"9":{"title":"The Hans India Warangal","price":"500"}},"Astrology":{"0":{"title":"The Hans India - All Telangana","price":"1200"},"1":{"title":"The Hans India - All AP Edition","price":"1200"},"2":{"title":"The Hans India - All AP + Telangana Editions","price":"1500"},"3":{"title":"The Hans India Hyderabad","price":"1000"},"4":{"title":"The Hans India Khammam","price":"400"},"5":{"title":"The Hans India Kurnool","price":"400"},"6":{"title":"The Hans India Tirupati","price":"400"},"7":{"title":"The Hans India Vijayawada","price":"500"},"8":{"title":"The Hans India Visakhapatnam","price":"400"},"9":{"title":"The Hans India Warangal","price":"500"}},"Vehicles Automobiles":{"0":{"title":"The Hans India - All Telangana","price":"1200"},"1":{"title":"The Hans India - All AP Edition","price":"1200"},"2":{"title":"The Hans India - All AP + Telangana Editions","price":"1500"},"3":{"title":"The Hans India Hyderabad","price":"1000"},"4":{"title":"The Hans India Khammam","price":"400"},"5":{"title":"The Hans India Kurnool","price":"400"},"6":{"title":"The Hans India Tirupati","price":"400"},"7":{"title":"The Hans India Vijayawada","price":"500"},"8":{"title":"The Hans India Visakhapatnam","price":"400"},"9":{"title":"The Hans India Warangal","price":"500"}},"Tours and Travel":{"0":{"title":"The Hans India - All Telangana","price":"1200"},"1":{"title":"The Hans India - All AP Edition","price":"1200"},"2":{"title":"The Hans India - All AP + Telangana Editions","price":"1500"},"3":{"title":"The Hans India Hyderabad","price":"1000"},"4":{"title":"The Hans India Khammam","price":"400"},"5":{"title":"The Hans India Kurnool","price":"400"},"6":{"title":"The Hans India Tirupati","price":"400"},"7":{"title":"The Hans India Vijayawada","price":"500"},"8":{"title":"The Hans India Visakhapatnam","price":"400"},"9":{"title":"The Hans India Warangal","price":"500"}},"Property-Rental":{"0":{"title":"The Hans India Hyderabad","price":"2000"},"1":{"title":"The Hans India - All AP Edition","price":"1200"},"2":{"title":"The Hans India - All AP + Telangana Editions","price":"1500"}},"Entertainment":{"0":{"title":"The Hans India - All Telangana","price":"1200"},"1":{"title":"The Hans India - All AP Edition","price":"1200"},"2":{"title":"The Hans India - All AP + Telangana Editions","price":"1500"},"3":{"title":"The Hans India Hyderabad","price":"1000"},"4":{"title":"The Hans India Khammam","price":"400"},"5":{"title":"The Hans India Kurnool","price":"400"},"6":{"title":"The Hans India Tirupati","price":"400"},"7":{"title":"The Hans India Vijayawada","price":"500"},"8":{"title":"The Hans India Visakhapatnam","price":"400"},"9":{"title":"The Hans India Warangal","price":"500"}},"Real Estate Selling":{"0":{"title":"The Hans India - All Telangana","price":"1200"},"1":{"title":"The Hans India - All AP Edition","price":"1200"},"2":{"title":"The Hans India - All AP + Telangana Editions","price":"1500"},"3":{"title":"The Hans India Hyderabad","price":"1000"},"4":{"title":"The Hans India Khammam","price":"400"},"5":{"title":"The Hans India Kurnool","price":"400"},"6":{"title":"The Hans India Tirupati","price":"400"},"7":{"title":"The Hans India Vijayawada","price":"500"},"8":{"title":"The Hans India Visakhapatnam","price":"400"},"9":{"title":"The Hans India Warangal","price":"500"}},"Beauty & Wellness":{"0":{"title":"The Hans India - All Telangana","price":"1200"},"1":{"title":"The Hans India - All AP Edition","price":"1200"},"2":{"title":"The Hans India - All AP + Telangana Editions","price":"1500"}},"Call Centre Employees":{"0":{"title":"The Hans India - All Telangana","price":"1200"},"1":{"title":"The Hans India - All AP Edition","price":"1200"},"2":{"title":"The Hans India - All AP + Telangana Editions","price":"1500"},"3":{"title":"The Hans India Hyderabad","price":"1000"},"4":{"title":"The Hans India Khammam","price":"400"},"5":{"title":"The Hans India Kurnool","price":"400"},"6":{"title":"The Hans India Tirupati","price":"400"},"7":{"title":"The Hans India Vijayawada","price":"500"},"8":{"title":"The Hans India Visakhapatnam","price":"400"},"9":{"title":"The Hans India Warangal","price":"500"}},"Prajapati":{"0":{"title":"The Hans India - All Telangana","price":"1200"},"1":{"title":"The Hans India - All AP Edition","price":"1200"},"2":{"title":"The Hans India - All AP + Telangana Editions","price":"1500"},"3":{"title":"The Hans India Hyderabad","price":"1000"},"4":{"title":"The Hans India Khammam","price":"400"},"5":{"title":"The Hans India Kurnool","price":"400"},"6":{"title":"The Hans India Tirupati","price":"400"},"7":{"title":"The Hans India Vijayawada","price":"500"},"8":{"title":"The Hans India Visakhapatnam","price":"400"},"9":{"title":"The Hans India Warangal","price":"500"}},"Bungalow For Sale":{"0":{"title":"The Hans India - All Telangana","price":"1200"},"1":{"title":"The Hans India - All AP Edition","price":"1200"},"2":{"title":"The Hans India - All AP + Telangana Editions","price":"1500"},"3":{"title":"The Hans India Hyderabad","price":"1000"},"4":{"title":"The Hans India Khammam","price":"400"},"5":{"title":"The Hans India Kurnool","price":"400"},"6":{"title":"The Hans India Tirupati","price":"400"},"7":{"title":"The Hans India Vijayawada","price":"500"},"8":{"title":"The Hans India Visakhapatnam","price":"400"},"9":{"title":"The Hans India Warangal","price":"500"}},"For Rent/Lease/To Let":{"0":{"title":"The Hans India - All Telangana","price":"1200"},"1":{"title":"The Hans India - All AP Edition","price":"1200"},"2":{"title":"The Hans India - All AP + Telangana Editions","price":"1500"},"3":{"title":"The Hans India Hyderabad","price":"1000"},"4":{"title":"The Hans India Khammam","price":"400"},"5":{"title":"The Hans India Kurnool","price":"400"},"6":{"title":"The Hans India Tirupati","price":"400"},"7":{"title":"The Hans India Vijayawada","price":"500"},"8":{"title":"The Hans India Visakhapatnam","price":"400"},"9":{"title":"The Hans India Warangal","price":"500"}},"Outright Sale":{"0":{"title":"The Hans India - All Telangana","price":"1200"},"1":{"title":"The Hans India - All AP Edition","price":"1200"},"2":{"title":"The Hans India - All AP + Telangana Editions","price":"1500"},"3":{"title":"The Hans India Hyderabad","price":"1000"},"4":{"title":"The Hans India Khammam","price":"400"},"5":{"title":"The Hans India Kurnool","price":"400"},"6":{"title":"The Hans India Tirupati","price":"400"},"7":{"title":"The Hans India Vijayawada","price":"500"},"8":{"title":"The Hans India Visakhapatnam","price":"400"},"9":{"title":"The Hans India Warangal","price":"500"}},"Property Others":{"0":{"title":"The Hans India - All Telangana","price":"1200"},"1":{"title":"The Hans India - All AP Edition","price":"1200"},"2":{"title":"The Hans India - All AP + Telangana Editions","price":"1500"},"3":{"title":"The Hans India Hyderabad","price":"1000"},"4":{"title":"The Hans India Khammam","price":"400"},"5":{"title":"The Hans India Kurnool","price":"400"},"6":{"title":"The Hans India Tirupati","price":"400"},"7":{"title":"The Hans India Vijayawada","price":"500"},"8":{"title":"The Hans India Visakhapatnam","price":"400"},"9":{"title":"The Hans India Warangal","price":"500"}},"SMS CAMPAIGN":{"0":{"title":"The Hans India - All Telangana","price":"1200"},"1":{"title":"The Hans India - All AP Edition","price":"1200"},"2":{"title":"The Hans India - All AP + Telangana Editions","price":"1500"},"3":{"title":"The Hans India Hyderabad","price":"1000"},"4":{"title":"The Hans India Khammam","price":"400"},"5":{"title":"The Hans India Kurnool","price":"400"},"6":{"title":"The Hans India Tirupati","price":"400"},"7":{"title":"The Hans India Vijayawada","price":"500"},"8":{"title":"The Hans India Visakhapatnam","price":"400"},"9":{"title":"The Hans India Warangal","price":"500"}}}