{"Obituary(Death Announcement)":{"0":{"title":"The Hitavada - Nagpur","price":"6800"}},"Remembrance(Unforgettable)":{"0":{"title":"The Hitavada - Nagpur","price":"6800"}},"public tender notices":{"0":{"title":"The Hitavada - Nagpur","price":"6800"}},"Services":{"0":{"title":"The Hitavada - Nagpur","price":"6800"}},"Retail/Shopping":{"0":{"title":"The Hitavada - Nagpur","price":"6800"}},"Personal Announcement":{"0":{"title":"The Hitavada - Nagpur","price":"6800"}},"Computers and Hardware":{"0":{"title":"The Hitavada - Nagpur","price":"6800"}},"Astrology":{"0":{"title":"The Hitavada - Nagpur","price":"6800"}},"Vehicles Automobiles":{"0":{"title":"The Hitavada - Nagpur","price":"6800"}},"Tours and Travel":{"0":{"title":"The Hitavada - Nagpur","price":"6800"}}}