{"Matrimonial":{"0":{"title":"National Selection Package :\nThe Times of India - All Editions","price":"32325"},"1":{"title":"Phere Package :\nTOI (Delhi Ncr, Maharashtra, Uttrakhand, Chandigarh, Rajasthan, U.P, M.P)","price":"18435"},"2":{"title":"Sanyog Package :\nTOI (Delhi NCR, Uttrakhand, Chandigarh, Rajasthan, U.P, Madhya Pradesh)","price":"18120"},"3":{"title":"Manamalai Package :\nThe Times of India - West Bengal, Karnataka, Andhra Pradesh, Tamil Nadu, Kerala, Uttrakhand","price":"8985"},"4":{"title":"Karnataka Special Package :\nThe Times of India - Karnataka","price":"11025"},"5":{"title":"Mangalsutra Package:\nThe Times of India - Karnataka, Tamil Nadu, Kerala< Andhra Pradesh","price":"11025"},"6":{"title":"Subha Mugurtham Package :\nThe Times of india - Tamil Nadu + Kerala","price":"3465"},"7":{"title":"Uttrakhand Special Package\nThe Times of India - Uttrakhand, Barielly","price":"945"},"8":{"title":"Vivah Package :TOI (Delhi, A.P, Maharashtra, Karnataka, Tamilnadu, N, W.Bngal) + NBT (Delhi, Lucknow, Mumbai) + Ei Samay (Kolkata)","price":"30465"},"9":{"title":"Sindoor Package :\nThe Times of India - Patna, Kolkata + Ei Samay - Kolkata","price":"4500"},"10":{"title":"Lagan Package :\nThe Times of India + Nav Gujarat Samay - Ahmedabad","price":"4725"},"11":{"title":"Eastern Selection Package :\nThe Times of India - Orissa, Bihar, W.Bengal + Ei Samay - Kolkata","price":"5205"},"12":{"title":"Milap package :\nThe Times of India - Maharashtra Times (Pune, Mumbai)","price":"11580"},"13":{"title":"Shubha Mangalya Package :\nThe Times of India + Vijay Karnataka - Karnataka","price":"11025"},"14":{"title":"Bandhan Package :\nThe Times of India - All Maharashtra","price":"11100"},"15":{"title":"Delhi Barat Package :\nTOI - (Delhi NCR + Uttrakhand) + NBT + Economic Times - Delhi Ncr","price":"11355"},"16":{"title":"Rishta package :\nTOI (Delhi NCR + Uttrakhand) + Economic Times - Delhi Ncr","price":"13395"},"17":{"title":"Sanjog package :\nThe Times of India - Pune, Mumbai + Maharashtra Times - Maharashtra","price":"13080"},"18":{"title":"Jodi Package:\nTOI + NBT (Mumbai, Delhi NCR) + Maharashtra Times - Mumbai","price":"15390"},"19":{"title":"Elite Package:\nTOI (Mumbai, Delhi NCR)","price":"15600"},"20":{"title":"Shagun Package :\nTOI (Delhi NCR, Uttrakhand, Chandigarh, Rajasthan, U.P, M.P) + NBT (Delhi NCR + Lucknow)","price":"15750"},"21":{"title":"Life Partner package :\nTOI (Delhi NCR, Maharashtra, Karnataka, Tamil Nadu, A.P, W.Bengal)","price":"31185"},"22":{"title":"Kangan Package :\nTOI (Delhi Ncr, Maharashtra, Uttrakhand, Chandigarh, Rajasthan, U.P, M.P) + NBT - Delhi Ncr, Lucknow","price":"17940"},"23":{"title":"The Times of India - Agra","price":"480"},"24":{"title":"The Times of India - Ahmedabad","price":"4200"},"25":{"title":"The Times of India - Aurangabad","price":"330"},"26":{"title":"The Times of India - Bangalore","price":"7500"},"27":{"title":"The Times of India - Bareilly","price":"630"},"28":{"title":"The Times of India - Baroda","price":"1440"},"29":{"title":"The Times of India - Bhubaneshwar","price":"945"},"30":{"title":"The Times of India - Chandigarh","price":"1125"},"31":{"title":"The Times of India - Chennai","price":"6750"},"32":{"title":"The Times of India - Cochin","price":"1110"},"33":{"title":"The Times of India - Coimbatore","price":"2400"},"34":{"title":"The Times of India - Goa","price":"915"},"35":{"title":"The Times Of India - Guwahati","price":"450"},"36":{"title":"The Times of India - Hubli","price":"825"},"37":{"title":"The Times of India - Hyderabad","price":"3750"},"38":{"title":"The Times of India - Indore","price":"675"},"39":{"title":"The Times of India - Kanpur","price":"1080"},"40":{"title":"The Times of India - Kerala","price":"1260"},"41":{"title":"The Times of India - Kolhapur","price":"630"},"42":{"title":"The Times of India - Lucknow","price":"6000"},"43":{"title":"The Times of India - Madurai","price":"600"},"44":{"title":"The Times of India - Mangalore","price":"825"},"45":{"title":"The Times of India - Mumbai","price":"11400"},"46":{"title":"The Times of India - Mysore","price":"675"},"47":{"title":"The Times of India - Nagpur","price":"750"},"48":{"title":"The Times of India - Nashik","price":"675"},"49":{"title":"The Times of India - Noida","price":"975"},"50":{"title":"The Times of India - Patna","price":"2520"},"51":{"title":"The Times of India - Raipur","price":"495"},"52":{"title":"The Times of India - Rajkot","price":"630"},"53":{"title":"The Times of India - Ranchi","price":"945"},"54":{"title":"The Times of India - Surat","price":"645"},"55":{"title":"The Times of India - Trichy","price":"600"},"56":{"title":"The Times of India - Vijayawada","price":"375"},"57":{"title":"The Times of India - Visakhapatnam","price":"500"}},"Recruitment job":{"0":{"title":"The Times of India - Agra","price":"480"},"1":{"title":"The Times of India - Ahmedabad","price":"4200"},"2":{"title":"The Times of india - Allahabad","price":"1080"},"3":{"title":"The Times of India - Aurangabad","price":"330"},"4":{"title":"The Times of India - Bangalore","price":"7500"},"5":{"title":"The Times of India - Bareilly","price":"630"},"6":{"title":"The Times of India - Baroda","price":"4200"},"7":{"title":"The Times of India - Bhubaneshwar","price":"945"},"8":{"title":"The Times of India - Chandigarh","price":"1125"},"9":{"title":"The Times of India - Chennai","price":"6750"},"10":{"title":"The Times of India - Cochin","price":"1110"},"11":{"title":"The Times of India - Coimbatore","price":"2400"},"12":{"title":"The Times of India - Dehradun","price":"810"},"13":{"title":"The Times of India - Goa","price":"915"},"14":{"title":"The Times Of India - Guwahati","price":"450"},"15":{"title":"The Times of India - Hubli","price":"825"},"16":{"title":"The Times of India - Hyderabad","price":"3750"},"17":{"title":"The Times of India - Indore","price":"675"},"18":{"title":"The Times of India - Jaipur","price":"1425"},"19":{"title":"The Times of India - Kanpur","price":"1080"},"20":{"title":"The Times of India - Kerala","price":"1260"},"21":{"title":"The Times of India - Kolhapur","price":"630"},"22":{"title":"The Times of India - Lucknow","price":"6000"},"23":{"title":"The Times of India - Madurai","price":"600"},"24":{"title":"The Times of India - Mangalore","price":"825"},"25":{"title":"The Times of India - Meerut","price":"570"},"26":{"title":"The Times of India - Mumbai","price":"11400"},"27":{"title":"The Times of India - Mysore","price":"675"},"28":{"title":"The Times of India - Nagpur","price":"750"},"29":{"title":"The Times of India - Nashik","price":"675"},"30":{"title":"The Times of India - Patna","price":"2520"},"31":{"title":"The Times of India - Raipur","price":"495"},"32":{"title":"The Times of India - Rajkot","price":"630"},"33":{"title":"The Times of India - Ranchi","price":"945"},"34":{"title":"The Times of India - Surat","price":"645"},"35":{"title":"The Times of India - Trichy","price":"600"},"36":{"title":"The Times of India - Varanasi","price":"1080"},"37":{"title":"The Times of India - Vijayawada","price":"375"},"38":{"title":"The Times of India - Visakhapatnam","price":"500"}},"property real estate":{"0":{"title":"The Times of India - All Editions\n(All India 17 State Combo)","price":"67500"},"1":{"title":"The Times of India + Maharashtra Times - Kolhapur","price":"1185"},"2":{"title":"The Times of India (Wkdy + Sun)+ The Economics Times + Ei Samay + Bardhaman- Kolkata","price":"7500"},"3":{"title":"The Times of India (Sun & Weekday) + The Economics Times + Mirror + Navbharat Times + Maharashtra Times - Mumbai","price":"24000"},"4":{"title":"The Times of India\nCoimbatore - (Sunday, Weekday)","price":"2775"},"5":{"title":"The Times of India (Sun, Wkdy) + Education Times - Chennai","price":"9000"},"6":{"title":"The Times of India (Sndy, Wkdy) + Education Times + Navbharat Times + The Economic Times + Sandhya Times- Delhi NCR","price":"22500"},"7":{"title":"The Times of India (Sndy, Wkdy) + Education Times + The Economic Times - Delhi NCR","price":"21000"},"8":{"title":"The Times of India(Sun & Weekday) + Education Times + The Economic Times + Mirror - Mumbai","price":"18000"},"9":{"title":"The Times Of India - U.P + Economics Times + Navbharat Times + Education Times - Lucknow","price":"6075"},"10":{"title":"The Times of India (Wkdy + Sun)+ Education Times + Ei Samay + Bardhaman- Kolkata","price":"8100"},"11":{"title":"The Times of India - Nagpur + Maharashtra Times - Nagpur","price":"1125"},"12":{"title":"Times Of India Nashik Split - Pune Upcountry + Maharashtra Times - Nashik","price":"1050"},"13":{"title":"The Times of India + Maharashtra Times - Aurangabad","price":"600"},"14":{"title":"Times of India(Sunday + weekday) + Maharashtra Times + The Economic Times - Pune","price":"5250"},"15":{"title":"The Times of India (Wkdy + Sun) + The Economic Times - Ahmadabad","price":"6000"},"16":{"title":"Education Times + Times of India (Sunday) + Economic Times -Hyderabad + Times of India (Vijayawada + Visakhapatnam)","price":"8250"},"17":{"title":"Times of india - Hyderabad+ Vishakapatnam + Vijayawada","price":"5625"},"18":{"title":"The Times of India (Sndy + Wkdy) + Vijay Karnataka + Economics Times + Mirror - Bangalore","price":"13500"},"19":{"title":"Times of India + Maharashtra Times + The Economic Times - Pune","price":"4500"},"20":{"title":"Times of India - South Edition Package","price":"82500"},"21":{"title":"Times of India - North India Package","price":"82500"},"22":{"title":"Times of India -West India Package","price":"82500"},"23":{"title":"Times of India - East India Package","price":"15000"},"24":{"title":"Times of India (Wkday + Sun) + Economic Times (Friday) - Hyderabad + Times of India (Vijayawada + Visakhapatnam)","price":"8250"},"25":{"title":"The Times of India (Wkdy + Sun) + The Economic Times + Navgujarat Samay - Ahmedabad","price":"7500"},"26":{"title":"Vijay Karnataka - All Karnataka + (The Times of India - Mysore, Mangalore & Hubli )","price":"12000"},"27":{"title":"The Times of India (Sndy, Wkdy) + The Economic Times -Madhya Pradesh","price":"7500"},"28":{"title":"Vijay Karnataka - All Karnataka + (The Times of India - Mysore, Mangalore & Hubli )","price":"12000"}},"Lost and Found":{"0":{"title":"The Times of India - All Editions\n(All India 17 State Combo)","price":"67500"},"1":{"title":"The Times of India + Maharashtra Times - Kolhapur","price":"1185"},"2":{"title":"The Times of India (Wkdy + Sun)+ The Economics Times + Ei Samay + Bardhaman- Kolkata","price":"7500"},"3":{"title":"The Times Of India - U.P + Economics Times + Navbharat Times - Lucknow","price":"6075"},"4":{"title":"The Times of India (Wkdy, Sun) + Property Times + The Economic Times - Chennai","price":"13425"},"5":{"title":"The Times of India - Nagpur + Maharashtra Times - Nagpur","price":"1125"},"6":{"title":"Times Of India Nashik Split - Pune Upcountry + Maharashtra Times - Nashik","price":"1050"},"7":{"title":"The Times of India + Maharashtra Times - Aurangabad","price":"600"},"8":{"title":"Times of India(Sun + weekday) +Property Times + The Economic Times + Mirror - Mumbai","price":"27750"},"9":{"title":"Times of India(Sun + weekday) + Property Times + Economic Times + Maharashtra Times + Navbharat Times + Mirror - Mumbai","price":"31500"},"10":{"title":"The Times of India(Wkday + Sun) + Property Times + The Economic Times - Hyderabad","price":"9750"},"11":{"title":"Times of india(Weekday + Sunday) + Property Times - Coimbatore","price":"3000"},"12":{"title":"Times of india(Sndy) + Property Times + Navbharat Times + The Economic Times - Lucknow","price":"6075"},"13":{"title":"Times of india + Property Times - Mumbai","price":"26700"},"14":{"title":"Times of India(Sunday + weekday) + Maharashtra Times + The Economic Times - Pune","price":"9000"},"15":{"title":"The Times of India (Wkdy + Sun) + The Economic Times - Ahmadabad","price":"6000"},"16":{"title":"Times of india - U.P. + Property Times + The Economic Times + Navbharat Times - Lucknow","price":"6075"},"17":{"title":"The Times of India (Fri, Sun), Property Times (Sat), SNTD (Any Day), Navbharat Times, Economic Times (Fri) - Delhi NCR","price":"18000"},"18":{"title":"The Times of India - Delhi","price":"5250"},"19":{"title":"The Times of India - Delhi","price":"5250"},"20":{"title":"The Times of India - Delhi","price":"5250"},"21":{"title":"The Times of India - Delhi","price":"5250"},"22":{"title":"The Times of India - Goa","price":"915"},"23":{"title":"The Times Of India - Guwahati","price":"600"},"24":{"title":"The Times of India - Hubli","price":"825"},"25":{"title":"The Times of India - Hyderabad","price":"3750"},"26":{"title":"The Times of India - Indore","price":"675"},"27":{"title":"The Times of India - Jaipur","price":"1425"},"28":{"title":"The Times of India - Kanpur","price":"1080"},"29":{"title":"The Times of India - Kerala","price":"1350"},"30":{"title":"The Times of India - Kolhapur","price":"630"}},"Business":{"0":{"title":"The Times of India + Maharashtra Times - Kolhapur","price":"1200"},"1":{"title":"The Times of India + Navbharat Times - Delhi NCR","price":"7500"},"2":{"title":"Times of India + Maharashtra Times - Mumbai Edition","price":"9000"},"3":{"title":"The Times of India - Agra","price":"480"},"4":{"title":"The Times of India - Ahmedabad","price":"4200"},"5":{"title":"The Times of india - Allahabad","price":"1080"},"6":{"title":"The Times of India - Aurangabad","price":"330"},"7":{"title":"The Times of India - Bangalore","price":"7500"},"8":{"title":"The Times of India - Bareilly","price":"630"},"9":{"title":"The Times of India - Baroda","price":"4200"},"10":{"title":"The Times of India - Bhopal","price":"1500"},"11":{"title":"The Times of India - Bhubaneshwar","price":"945"},"12":{"title":"The Times of India - Chandigarh","price":"1125"},"13":{"title":"The Times of India - Chennai","price":"6750"},"14":{"title":"The Times of India - Cochin","price":"1350"},"15":{"title":"The Times of India - Coimbatore","price":"2400"},"16":{"title":"The Times of India - Dehradun","price":"810"},"17":{"title":"The Times of India - Delhi","price":"5250"},"18":{"title":"The Times of India - Delhi","price":"5250"},"19":{"title":"The Times of India - Delhi","price":"5250"},"20":{"title":"The Times of India - Delhi","price":"5250"},"21":{"title":"The Times of India - Delhi","price":"5250"},"22":{"title":"The Times of India - Goa","price":"915"},"23":{"title":"The Times Of India - Guwahati","price":"600"},"24":{"title":"The Times of India - Hubli","price":"825"},"25":{"title":"The Times of India - Hyderabad","price":"3750"},"26":{"title":"The Times of India - Indore","price":"675"},"27":{"title":"The Times of India - Jaipur","price":"1425"},"28":{"title":"The Times of India - Kanpur","price":"1080"},"29":{"title":"The Times of India - Kerala","price":"1350"},"30":{"title":"The Times of India - Kolhapur","price":"630"},"31":{"title":"The Times of India - Lucknow","price":"6000"},"32":{"title":"The Times of India - Madurai","price":"600"},"33":{"title":"The Times of India - Mangalore","price":"825"},"34":{"title":"The Times of India - Meerut","price":"570"},"35":{"title":"The Times of India - Mumbai","price":"11400"},"36":{"title":"The Times of India - Mysore","price":"675"},"37":{"title":"The Times of India - Nagpur","price":"750"},"38":{"title":"The Times of India - Nashik","price":"675"},"39":{"title":"The Times of India - Patna","price":"2520"},"40":{"title":"The Times of India - Pune","price":"2700"},"41":{"title":"The Times of India - Raipur","price":"495"},"42":{"title":"The Times of India - Rajkot","price":"630"},"43":{"title":"The Times of India - Ranchi","price":"945"},"44":{"title":"The Times of India - Surat","price":"645"},"45":{"title":"The Times of India - Trichy","price":"600"},"46":{"title":"The Times of India - Varanasi","price":"1080"},"47":{"title":"The Times of India - Vijayawada","price":"375"},"48":{"title":"The Times of India - Visakhapatnam","price":"500"}},"public tender notices":{"0":{"title":"The Times of India - Agra","price":"480"},"1":{"title":"The Times of India - Ahmedabad","price":"4200"},"2":{"title":"The Times of india - Allahabad","price":"1080"},"3":{"title":"The Times of India - Aurangabad","price":"330"},"4":{"title":"The Times of India - Bangalore","price":"7500"},"5":{"title":"The Times of India - Bareilly","price":"630"},"6":{"title":"The Times of India - Baroda","price":"1440"},"7":{"title":"The Times of India - Bhubaneshwar","price":"945"},"8":{"title":"The Times of India - Chandigarh","price":"1125"},"9":{"title":"The Times of India - Chennai","price":"6750"},"10":{"title":"The Times of India - Cochin","price":"1500"},"11":{"title":"The Times of India - Coimbatore","price":"2400"},"12":{"title":"The Times of India - Dehradun","price":"810"},"13":{"title":"The Times of India - Delhi","price":"4500"},"14":{"title":"The Times of India - Delhi","price":"4500"},"15":{"title":"The Times of India - Delhi","price":"4500"},"16":{"title":"The Times of India - Delhi","price":"4500"},"17":{"title":"The Times of India - Delhi","price":"4500"},"18":{"title":"The Times of India - Goa","price":"915"},"19":{"title":"The Times Of India - Guwahati","price":"450"},"20":{"title":"The Times of India - Hubli","price":"825"},"21":{"title":"The Times of India - Hyderabad","price":"3750"},"22":{"title":"The Times of India - Indore","price":"675"},"23":{"title":"The Times of India - Jaipur","price":"1425"},"24":{"title":"The Times of India - Kanpur","price":"1080"},"25":{"title":"The Times of India - Kerala","price":"1500"},"26":{"title":"The Times of India - Kolhapur","price":"630"},"27":{"title":"The Times of India - Lucknow","price":"6000"},"28":{"title":"The Times of India - Madurai","price":"600"},"29":{"title":"The Times of India - Mangalore","price":"825"},"30":{"title":"The Times of India - Meerut","price":"570"},"31":{"title":"The Times of India - Mumbai","price":"6000"},"32":{"title":"The Times of India - Mysore","price":"675"},"33":{"title":"The Times of India - Nagpur","price":"750"},"34":{"title":"The Times of India - Nashik","price":"675"},"35":{"title":"The Times of India - Patna","price":"2520"},"36":{"title":"The Times of India - Pune","price":"2700"},"37":{"title":"The Times of India - Raipur","price":"495"},"38":{"title":"The Times of India - Rajkot","price":"630"},"39":{"title":"The Times of India - Ranchi","price":"945"},"40":{"title":"The Times of India - Surat","price":"645"},"41":{"title":"The Times of India - Trichy","price":"600"},"42":{"title":"The Times of India - Varanasi","price":"1080"},"43":{"title":"The Times of India - Vijayawada","price":"375"},"44":{"title":"The Times of India - Visakhapatnam","price":"500"}},"Services":{"0":{"title":"The Times of India - Agra","price":"480"},"1":{"title":"The Times of India - Ahmedabad","price":"4200"},"2":{"title":"The Times of india - Allahabad","price":"1080"},"3":{"title":"The Times of India - Aurangabad","price":"330"},"4":{"title":"The Times of India - Bangalore","price":"7500"},"5":{"title":"The Times of India - Bareilly","price":"630"},"6":{"title":"The Times of India - Baroda","price":"15000"},"7":{"title":"Times of India + Navbharat Times -Mumbai","price":"6300"},"8":{"title":"Times of india + EI Samay -Kolkata","price":"7875"},"9":{"title":"The Times of India - Agra","price":"480"},"10":{"title":"The Times of India - Ahmedabad","price":"5025"},"11":{"title":"The Times of india - Allahabad","price":"1080"},"12":{"title":"The Times of India - Aurangabad","price":"330"},"13":{"title":"The Times of India - Bangalore","price":"9750"},"14":{"title":"The Times of India - Bareilly","price":"630"},"15":{"title":"The Times of India - Baroda","price":"1800"},"16":{"title":"The Times of India - Bhopal","price":"1500"},"17":{"title":"The Times of India - Bhubaneshwar","price":"945"},"18":{"title":"The Times of India - Chandigarh","price":"1125"},"19":{"title":"The Times of India - Chennai","price":"6750"},"20":{"title":"The Times of India - Cochin","price":"1350"},"21":{"title":"The Times of India - Coimbatore","price":"2400"},"22":{"title":"The Times of India - Dehradun","price":"810"},"23":{"title":"The Times of India - Delhi","price":"8100"},"24":{"title":"The Times of India - Delhi","price":"8100"},"25":{"title":"The Times of India - Delhi","price":"8100"},"26":{"title":"The Times of India - Delhi","price":"8100"},"27":{"title":"The Times of India - Delhi","price":"8100"},"28":{"title":"The Times of India - Goa","price":"3400"},"29":{"title":"The Times Of India - Guwahati","price":"450"},"30":{"title":"The Times of India - Hubli","price":"825"},"31":{"title":"The Times of India - Hyderabad","price":"2625"},"32":{"title":"The Times of India - Indore","price":"675"},"33":{"title":"The Times of India - Jaipur","price":"1425"},"34":{"title":"The Times of India - Kanpur","price":"1080"},"35":{"title":"The Times of India - Kerala","price":"1350"},"36":{"title":"The Times of India - Kolhapur","price":"630"},"37":{"title":"The Times of India - Lucknow","price":"6000"},"38":{"title":"The Times of India - Madurai","price":"600"},"39":{"title":"The Times of India - Mangalore","price":"825"},"40":{"title":"The Times of India - Meerut","price":"570"},"41":{"title":"The Times of India - Mumbai","price":"6000"},"42":{"title":"The Times of India - Mysore","price":"675"},"43":{"title":"The Times of India - Nagpur","price":"750"},"44":{"title":"The Times of India - Nashik","price":"675"}},"Personal Announcement":{"0":{"title":"The Times of India - All Editions\n(All India 17 State Combo)","price":"67500"},"1":{"title":"The Times of India + Maharashtra Times - Kolhapur","price":"1185"},"2":{"title":"The Times of India (Wkdy + Sun)+ The Economics Times + Ei Samay + Bardhaman- Kolkata","price":"7500"},"3":{"title":"The Times Of India - U.P + Economics Times + Navbharat Times - Lucknow","price":"6075"},"4":{"title":"The Times of India (Sun & Weekday) + The Economics Times + Mirror + Navbharat Times + Maharashtra Times - Mumbai","price":"21000"},"5":{"title":"The Times of India\nCoimbatore - (Sunday, Weekday)","price":"2775"},"6":{"title":"The Times of India (Sun, Wkdy) + The Economic Times - Chennai","price":"9750"},"7":{"title":"The Times of India (Sndy, Wkdy) + Navbharat Times + The Economic Times + Sandhya Times - Delhi NCR","price":"22500"},"8":{"title":"The Times of India - Nagpur + Maharashtra Times - Nagpur","price":"1125"},"9":{"title":"Times Of India Nashik Split - Pune Upcountry + Maharashtra Times - Nashik","price":"1050"},"10":{"title":"The Times of India + Maharashtra Times - Aurangabad","price":"600"},"11":{"title":"Times of India(Sunday + weekday) + Maharashtra Times + The Economic Times - Pune","price":"5250"},"12":{"title":"The Times of India (Sndy, Wkdy) + The Economic Times - Delhi NCR","price":"21000"},"13":{"title":"The Times of India (Wkdy + Sun) + The Economic Times - Ahmadabad","price":"6000"},"14":{"title":" Vijay Karnataka - All Edition + (The Times of India - Mysore, Mangalore & Hubli ) + Mirror - Bangalore","price":"6750"},"15":{"title":"The Times of India - Cochin","price":"1350"}},"Astrology":{"0":{"title":"The Times of India - All Editions\n(All India 17 State Combo)","price":"67500"},"1":{"title":"The Times of India + Maharashtra Times - Kolhapur","price":"1185"},"2":{"title":"The Times of India (Wkdy + Sun)+ The Economics Times + Ei Samay + Bardhaman- Kolkata","price":"7500"},"3":{"title":"The Times Of India - U.P + Economics Times + Navbharat Times - Lucknow","price":"6075"},"4":{"title":"The Times of India (Sun & Weekday) + The Economics Times + Mirror + Navbharat Times + Maharashtra Times - Mumbai","price":"21000"},"5":{"title":"The Times of India\nCoimbatore - (Sunday, Weekday)","price":"2775"},"6":{"title":"The Times of India (Sndy, Wkdy) + Navbharat Times + The Economic Times + Sandhya Times - Delhi NCR","price":"22500"},"7":{"title":"Times Of India Nashik Split - Pune Upcountry + Maharashtra Times - Nashik","price":"1050"},"8":{"title":"The Times of India + Maharashtra Times - Aurangabad","price":"600"},"9":{"title":"Times of India(Sunday + weekday) + Maharashtra Times + The Economic Times - Pune","price":"5250"},"10":{"title":"The Times of India (Sndy, Wkdy) + The Economic Times - Delhi NCR","price":"21000"},"11":{"title":"Times of India + Maharashtra Times + The Economic Times - Pune","price":"4500"},"12":{"title":"Times of India - South Edition Package","price":"82500"},"13":{"title":"Times of India - North India Package","price":"82500"},"14":{"title":"Times of India -West India Package","price":"82500"},"15":{"title":"Times of India - East India Package","price":"15000"},"16":{"title":"The Times of India (Sun & Weekday)\nThe Economics Times + Mirror - Mumbai","price":"16500"},"17":{"title":"Times of India (Wkday + Sun) + Economic Times (Friday) - Hyderabad + Times of India (Vijayawada + Visakhapatnam)","price":"8250"},"18":{"title":"The Times of India (Sndy, Wkdy) + The Economic Times -Madhya Pradesh","price":"16500"},"19":{"title":"The Times of India (Wkdy + Sun) + The Economic Times + Navgujarat Samay - Ahmedabad","price":"7500"}},"Entertainment":{"0":{"title":"The Times of India - Agra","price":"480"},"1":{"title":"The Times of India - Ahmedabad","price":"4200"},"2":{"title":"The Times of india - Allahabad","price":"1080"}}}