{"property real estate":{"0":{"title":"The Free Press Journal - Indore","price":"3000"}},"Lost and Found":{"0":{"title":"The Free Press Journal - Indore","price":"3000"}},"Business":{"0":{"title":"The Free Press Journal - Indore","price":"3000"}},"Obituary(Death Announcement)":{"0":{"title":"The Free Press Journal - Indore","price":"3000"}},"Remembrance(Unforgettable)":{"0":{"title":"The Free Press Journal - Indore","price":"3000"}},"public tender notices":{"0":{"title":"The Free Press Journal - Indore","price":"3000"}},"Services":{"0":{"title":"The Free Press Journal - Indore","price":"3000"}},"Retail/Shopping":{"0":{"title":"The Free Press Journal - Indore","price":"3000"}},"Personal Announcement":{"0":{"title":"The Free Press Journal - Indore","price":"3000"}},"Computers and Hardware":{"0":{"title":"The Free Press Journal - Indore","price":"3000"}},"Astrology":{"0":{"title":"The Free Press Journal - Indore","price":"3000"}},"Vehicles Automobiles":{"0":{"title":"The Free Press Journal - Indore","price":"3000"}},"Tours and Travel":{"0":{"title":"The Free Press Journal - Indore","price":"3180"}},"Property-Rental":{"0":{"title":"The Free Press Journal + Navshakti - Mumbai","price":"3180"},"1":{"title":"The Free Press Journal - Indore","price":"9600"},"2":{"title":"The Free Press Journal - Mumbai","price":"1680"}},"Entertainment":{"0":{"title":"The Free Press Journal + Navshakti - Mumbai","price":"3180"},"1":{"title":"The Free Press Journal - Indore","price":"9600"},"2":{"title":"The Free Press Journal - Mumbai","price":"1680"}},"Real Estate Selling":{"0":{"title":"The Free Press Journal + Navshakti - Mumbai","price":"3180"},"1":{"title":"The Free Press Journal - Indore","price":"9600"},"2":{"title":"The Free Press Journal - Mumbai","price":"1680"}},"Beauty & Wellness":{"0":{"title":"The Free Press Journal + Navshakti - Mumbai","price":"3180"},"1":{"title":"The Free Press Journal - Indore","price":"9600"},"2":{"title":"The Free Press Journal - Mumbai","price":"1680"}},"Call Centre Employees":{"0":{"title":"The Free Press Journal + Navshakti - Mumbai","price":"3180"},"1":{"title":"The Free Press Journal - Indore","price":"9600"},"2":{"title":"The Free Press Journal - Mumbai","price":"1680"}},"Prajapati":{"0":{"title":"The Free Press Journal + Navshakti - Mumbai","price":"3180"},"1":{"title":"The Free Press Journal - Indore","price":"9600"},"2":{"title":"The Free Press Journal - Mumbai","price":"1680"}},"Bungalow For Sale":{"0":{"title":"The Free Press Journal + Navshakti - Mumbai","price":"3180"},"1":{"title":"The Free Press Journal - Indore","price":"9600"},"2":{"title":"The Free Press Journal - Mumbai","price":"1680"}},"For Rent/Lease/To Let":{"0":{"title":"The Free Press Journal + Navshakti - Mumbai","price":"3180"},"1":{"title":"The Free Press Journal - Indore","price":"9600"},"2":{"title":"The Free Press Journal - Mumbai","price":"1680"}},"Outright Sale":{"0":{"title":"The Free Press Journal + Navshakti - Mumbai","price":"3180"},"1":{"title":"The Free Press Journal - Indore","price":"9600"},"2":{"title":"The Free Press Journal - Mumbai","price":"1680"}},"Property Others":{"0":{"title":"The Free Press Journal + Navshakti - Mumbai","price":"3180"},"1":{"title":"The Free Press Journal - Indore","price":"9600"},"2":{"title":"The Free Press Journal - Mumbai","price":"1680"}}}