{"Matrimonial":{"0":{"title":"The Economic Times - All Editions\n( 11 Cities Covered)","price":"4260"},"1":{"title":"Delhi Barat Package :\nTOI - (Delhi NCR + Uttrakhand) + NBT + Economic Times - Delhi Ncr","price":"11355"},"2":{"title":"Rishta package :\nTOI (Delhi NCR + Uttrakhand) + Economic Times - Delhi Ncr","price":"13395"}},"Marriage Bureau":{"0":{"title":"The Economic Times - All Editions\n( 11 Cities Covered)","price":"4260"},"1":{"title":"Delhi Barat Package :\nTOI - (Delhi NCR + Uttrakhand) + NBT + Economic Times - Delhi Ncr","price":"11355"},"2":{"title":"Rishta package :\nTOI (Delhi NCR + Uttrakhand) + Economic Times - Delhi Ncr","price":"13395"}},"Change of Name":{"0":{"title":"The Economic Times - All Editions\n( 11 Cities Covered)","price":"4260"},"1":{"title":"Delhi Barat Package :\nTOI - (Delhi NCR + Uttrakhand) + NBT + Economic Times - Delhi Ncr","price":"11355"},"2":{"title":"Rishta package :\nTOI (Delhi NCR + Uttrakhand) + Economic Times - Delhi Ncr","price":"13395"}},"Recruitment job":{"0":{"title":"The Economic Times - All Editions\n( 11 Cities Covered)","price":"4260"},"1":{"title":"Delhi Barat Package :\nTOI - (Delhi NCR + Uttrakhand) + NBT + Economic Times - Delhi Ncr","price":"11355"},"2":{"title":"Rishta package :\nTOI (Delhi NCR + Uttrakhand) + Economic Times - Delhi Ncr","price":"13395"}},"Education":{"0":{"title":"The Economic Times - All Editions\n( 11 Cities Covered)","price":"4260"},"1":{"title":"Delhi Barat Package :\nTOI - (Delhi NCR + Uttrakhand) + NBT + Economic Times - Delhi Ncr","price":"11355"},"2":{"title":"Rishta package :\nTOI (Delhi NCR + Uttrakhand) + Economic Times - Delhi Ncr","price":"13395"}},"property real estate":{"0":{"title":"The Economic Times - All Editions\n( 11 Cities Covered)","price":"4260"},"1":{"title":"Delhi Barat Package :\nTOI - (Delhi NCR + Uttrakhand) + NBT + Economic Times - Delhi Ncr","price":"11355"},"2":{"title":"Rishta package :\nTOI (Delhi NCR + Uttrakhand) + Economic Times - Delhi Ncr","price":"13395"}},"Lost and Found":{"0":{"title":"The Economic Times - All Editions\n( 11 Cities Covered)","price":"4260"},"1":{"title":"Delhi Barat Package :\nTOI - (Delhi NCR + Uttrakhand) + NBT + Economic Times - Delhi Ncr","price":"11355"},"2":{"title":"Rishta package :\nTOI (Delhi NCR + Uttrakhand) + Economic Times - Delhi Ncr","price":"13395"}},"Business":{"0":{"title":"The Economic Times - All Editions\n( 11 Cities Covered)","price":"4260"},"1":{"title":"Delhi Barat Package :\nTOI - (Delhi NCR + Uttrakhand) + NBT + Economic Times - Delhi Ncr","price":"11355"},"2":{"title":"Rishta package :\nTOI (Delhi NCR + Uttrakhand) + Economic Times - Delhi Ncr","price":"13395"}},"Obituary(Death Announcement)":{"0":{"title":"The Economic Times - All Editions\n( 11 Cities Covered)","price":"4260"},"1":{"title":"Delhi Barat Package : TOI - (Delhi NCR + Uttrakhand) + NBT + Economic Times - Delhi Ncr ","price":"1125"},"2":{"title":"The Economic Times - Chennai","price":"750"}},"Remembrance(Unforgettable)":{"0":{"title":"The Economic Times - Delhi","price":"1050"}},"public tender notices":{"0":{"title":"The Economic Times - Delhi","price":"1050"}},"Services":{"0":{"title":"The Economic Times - Delhi","price":"1050"}},"Retail/Shopping":{"0":{"title":"The Economic Times - Delhi","price":"1050"}},"Personal Announcement":{"0":{"title":"The Economic Times - Delhi","price":"1050"}},"Computers and Hardware":{"0":{"title":"The Economic Times - Delhi","price":"1050"}},"Astrology":{"0":{"title":"The Economic Times - Delhi","price":"1050"}},"Vehicles Automobiles":{"0":{"title":"The Economic Times - Delhi","price":"1050"}},"Tours and Travel":{"0":{"title":"The Economic Times - Delhi","price":"1050"}},"Property-Rental":{"0":{"title":"The Economic Times - Delhi","price":"1050"}},"Entertainment":{"0":{"title":"The Economic Times - Delhi","price":"1050"}}}