{"Tours and Travel":{"0":{"title":"Times Zigwheels - Mumbai","price":"6300"}},"Property-Rental":{"0":{"title":"Times Zigwheels - Mumbai","price":"6300"}},"Entertainment":{"0":{"title":"Times Zigwheels - Mumbai","price":"6300"}},"Real Estate Selling":{"0":{"title":"Times Zigwheels - Mumbai","price":"6300"}},"Beauty & Wellness":{"0":{"title":"Times Zigwheels - Mumbai","price":"6300"}},"Call Centre Employees":{"0":{"title":"Times Zigwheels - Mumbai","price":"6300"}},"Prajapati":{"0":{"title":"Times Zigwheels - Mumbai","price":"6300"}},"Bungalow For Sale":{"0":{"title":"Times Zigwheels - Mumbai","price":"6300"}},"For Rent/Lease/To Let":{"0":{"title":"Times Zigwheels - Mumbai","price":"6300"}},"Outright Sale":{"0":{"title":"Times Zigwheels - Mumbai","price":"6300"}},"Property Others":{"0":{"title":"Times Zigwheels - Mumbai","price":"6300"}},"SMS CAMPAIGN":{"0":{"title":"Times Zigwheels - Mumbai","price":"6300"}}}