{"Services":{"0":{"title":"Vartha Bharati -Bangalore","price":"1800"}},"Retail/Shopping":{"0":{"title":"Vartha Bharati -Bangalore","price":"1800"}},"Personal Announcement":{"0":{"title":"Vartha Bharati -Bangalore","price":"1800"}},"Computers and Hardware":{"0":{"title":"Vartha Bharati -Bangalore","price":"1800"}},"Astrology":{"0":{"title":"Vartha Bharati -Bangalore","price":"1800"}},"Vehicles Automobiles":{"0":{"title":"Vartha Bharati -Bangalore","price":"1800"}},"Tours and Travel":{"0":{"title":"Vartha Bharati -Bangalore","price":"1800"}},"Property-Rental":{"0":{"title":"Vartha Bharati -Bangalore","price":"1800"}},"Entertainment":{"0":{"title":"Vartha Bharati -Bangalore","price":"1800"}},"Real Estate Selling":{"0":{"title":"Vartha Bharati -Bangalore","price":"1800"}},"Beauty & Wellness":{"0":{"title":"Vartha Bharati -Bangalore","price":"1800"}},"Call Centre Employees":{"0":{"title":"Vartha Bharati -Bangalore","price":"1800"}},"Prajapati":{"0":{"title":"Vartha Bharati -Bangalore","price":"1800"}},"Bungalow For Sale":{"0":{"title":"Vartha Bharati -Bangalore","price":"1800"}},"For Rent/Lease/To Let":{"0":{"title":"Vartha Bharati -Bangalore","price":"1800"}},"Outright Sale":{"0":{"title":"Vartha Bharati -Bangalore","price":"1800"}},"Property Others":{"0":{"title":"Vartha Bharati -Bangalore","price":"1800"}},"SMS CAMPAIGN":{"0":{"title":"Vartha Bharati -Bangalore","price":"1800"}}}