{"Matrimonial":{"0":{"title":"Kannada Special:\nVijay Karnataka - All Karnataka","price":"3150"},"1":{"title":"Shubha Mangalya Package :\nThe Times of India + Vijay Karnataka - Karnataka","price":"11025"}},"Marriage Bureau":{"0":{"title":"Kannada Special:\nVijay Karnataka - All Karnataka","price":"3150"},"1":{"title":"Shubha Mangalya Package :\nThe Times of India + Vijay Karnataka - Karnataka","price":"11025"}},"Change of Name":{"0":{"title":"Kannada Special:\nVijay Karnataka - All Karnataka","price":"3150"},"1":{"title":"Shubha Mangalya Package :\nThe Times of India + Vijay Karnataka - Karnataka","price":"11025"}},"Recruitment job":{"0":{"title":"Kannada Special:\nVijay Karnataka - All Karnataka","price":"3150"},"1":{"title":"Shubha Mangalya Package :\nThe Times of India + Vijay Karnataka - Karnataka","price":"11025"}},"Education":{"0":{"title":"Kannada Special:\nVijay Karnataka - All Karnataka","price":"3150"},"1":{"title":"Shubha Mangalya Package :\nThe Times of India + Vijay Karnataka - Karnataka","price":"11025"}},"property real estate":{"0":{"title":"Kannada Special:\nVijay Karnataka - All Karnataka","price":"3150"},"1":{"title":"Shubha Mangalya Package :\nThe Times of India + Vijay Karnataka - Karnataka","price":"11025"}},"Lost and Found":{"0":{"title":"Kannada Special:\nVijay Karnataka - All Karnataka","price":"3150"},"1":{"title":"Shubha Mangalya Package :\nThe Times of India + Vijay Karnataka - Karnataka","price":"11025"}},"Business":{"0":{"title":"Kannada Special:\nVijay Karnataka - All Karnataka","price":"3150"},"1":{"title":"Shubha Mangalya Package :\nThe Times of India + Vijay Karnataka - Karnataka","price":"11025"}},"Obituary(Death Announcement)":{"0":{"title":"Kannada Special:\nVijay Karnataka - All Karnataka","price":"3150"},"1":{"title":"Shubha Mangalya Package :\nThe Times of India + Vijay Karnataka - Karnataka","price":"11025"}},"Remembrance(Unforgettable)":{"0":{"title":"Kannada Special:\nVijay Karnataka - All Karnataka","price":"3150"},"1":{"title":"Shubha Mangalya Package :\nThe Times of India + Vijay Karnataka - Karnataka","price":"11025"}},"public tender notices":{"0":{"title":"Kannada Special: Vijay Karnataka - All Karnataka ","price":"3150"},"1":{"title":"Shubha Mangalya Package :\nThe Times of India + Vijay Karnataka - Karnataka","price":"11025"}},"Services":{"0":{"title":"Kannada Special:\nVijay Karnataka - All Karnataka","price":"3150"},"1":{"title":"Shubha Mangalya Package :\nThe Times of India + Vijay Karnataka - Karnataka","price":"11025"}},"Retail/Shopping":{"0":{"title":"Kannada Special:\nVijay Karnataka - All Karnataka","price":"3150"},"1":{"title":"Shubha Mangalya Package : The Times of India + Vijay Karnataka - Karnataka","price":"1425"}},"Personal Announcement":{"0":{"title":"The Times of India (Sndy + Wkdy) + Vijay Karnataka + Economics Times + Mirror - Bangalore","price":"13500"},"1":{"title":"Vijay Karnataka - All Karnataka + (The Times of India - Mysore, Mangalore & Hubli )","price":"12000"},"2":{"title":"Vijay Karnataka + Mirror - Bangalore","price":"9225"}},"Computers and Hardware":{"0":{"title":"The Times of India (Sndy + Wkdy) + Vijay Karnataka + Economics Times + Mirror - Bangalore","price":"13500"},"1":{"title":"Vijay Karnataka - All Karnataka + (The Times of India - Mysore, Mangalore & Hubli )","price":"12000"},"2":{"title":"Vijay Karnataka + Mirror - Bangalore","price":"9225"},"3":{"title":"Times of India (Sunday + Weekday) + Vijay Karnataka - Bangalore","price":"13125"},"4":{"title":"Vijay Karnataka - Bagalkot","price":"750"},"5":{"title":"Vijay Karnataka - Bangalore","price":"5250"},"6":{"title":"Vijay Karnataka - Belgavi","price":"525"},"7":{"title":"Vijay Karnataka - Chitradurga","price":"750"},"8":{"title":"Vijay Karnataka - Gangavati","price":"750"},"9":{"title":"Vijay Karnataka - Gulbarga","price":"750"},"10":{"title":"Vijay Karnataka - Hassan","price":"450"},"11":{"title":"Vijay Karnataka - Hubli","price":"1800"},"12":{"title":"Vijay Karnataka - Mangalore","price":"1500"},"13":{"title":"Vijay Karnataka - Mysore","price":"1500"},"14":{"title":"Vijay Karnataka - Shimoga","price":"750"}},"Astrology":{"0":{"title":"The Times of India (Sndy + Wkdy) + Vijay Karnataka + Economics Times + Mirror - Bangalore","price":"13500"},"1":{"title":"Vijay Karnataka - All Karnataka + (The Times of India - Mysore, Mangalore & Hubli )","price":"12000"},"2":{"title":"Vijay Karnataka - Bagalkot","price":"750"},"3":{"title":"Vijay Karnataka - Bangalore","price":"5250"},"4":{"title":"Vijay Karnataka - Chitradurga","price":"750"},"5":{"title":"Vijay Karnataka - Gangavati","price":"750"},"6":{"title":"Vijay Karnataka - Gulbarga","price":"750"},"7":{"title":"Vijay Karnataka - Hassan","price":"450"},"8":{"title":"Vijay Karnataka - Hubli","price":"1500"},"9":{"title":"Vijay Karnataka - Mangalore","price":"1200"},"10":{"title":"Vijay Karnataka - Mysore","price":"1200"},"11":{"title":"Vijay Karnataka - Shimoga","price":"750"}},"Vehicles Automobiles":{"0":{"title":"The Times of India (Sndy + Wkdy) + Vijay Karnataka + Economics Times + Mirror - Bangalore","price":"13500"},"1":{"title":"Vijay Karnataka - All Karnataka + (The Times of India - Mysore, Mangalore & Hubli )","price":"12000"},"2":{"title":"Vijay Karnataka - Bagalkot","price":"750"},"3":{"title":"Vijay Karnataka - Bangalore","price":"5250"},"4":{"title":"Vijay Karnataka - Chitradurga","price":"750"},"5":{"title":"Vijay Karnataka - Gangavati","price":"750"},"6":{"title":"Vijay Karnataka - Gulbarga","price":"750"},"7":{"title":"Vijay Karnataka - Hassan","price":"450"},"8":{"title":"Vijay Karnataka - Hubli","price":"1500"},"9":{"title":"Vijay Karnataka - Mangalore","price":"1200"},"10":{"title":"Vijay Karnataka - Mysore","price":"1200"},"11":{"title":"Vijay Karnataka - Shimoga","price":"750"}},"Tours and Travel":{"0":{"title":"Vijay Karnataka - Bagalkot","price":"375"},"1":{"title":"Vijay Karnataka - Bangalore","price":"2445"},"2":{"title":"Vijay Karnataka - Chitradurga","price":"375"},"3":{"title":"Vijay Karnataka - Gangavati","price":"375"},"4":{"title":"Vijay Karnataka - Gulbarga","price":"375"},"5":{"title":"Vijay Karnataka - Hassan","price":"375"},"6":{"title":"Vijay Karnataka - Hubli","price":"750"},"7":{"title":"Vijay Karnataka - Mangalore","price":"600"},"8":{"title":"Vijay Karnataka - Mysore","price":"600"},"9":{"title":"Vijay Karnataka - Shimoga","price":"375"}},"Property-Rental":{"0":{"title":"Vijay Karnataka - Bagalkot","price":"375"},"1":{"title":"Vijay Karnataka - Bangalore","price":"2445"},"2":{"title":"Vijay Karnataka - Chitradurga","price":"375"},"3":{"title":"Vijay Karnataka - Gangavati","price":"375"},"4":{"title":"Vijay Karnataka - Gulbarga","price":"375"},"5":{"title":"Vijay Karnataka - Hassan","price":"375"},"6":{"title":"Vijay Karnataka - Hubli","price":"750"},"7":{"title":"Vijay Karnataka - Mangalore","price":"600"},"8":{"title":"Vijay Karnataka - Mysore","price":"600"},"9":{"title":"Vijay Karnataka - Shimoga","price":"375"}},"Entertainment":{"0":{"title":"Vijay Karnataka - Bagalkot","price":"375"},"1":{"title":"Vijay Karnataka - Bangalore","price":"2445"},"2":{"title":"Vijay Karnataka - Chitradurga","price":"375"},"3":{"title":"Vijay Karnataka - Gangavati","price":"375"},"4":{"title":"Vijay Karnataka - Gulbarga","price":"375"},"5":{"title":"Vijay Karnataka - Hassan","price":"375"},"6":{"title":"Vijay Karnataka - Hubli","price":"750"},"7":{"title":"Vijay Karnataka - Mangalore","price":"1200"},"8":{"title":"Vijay Karnataka - Mysore","price":"1200"},"9":{"title":"Vijay Karnataka - Shimoga","price":"1200"}},"Real Estate Selling":{"0":{"title":"Vijay Karnataka - Bagalkot","price":"750"},"1":{"title":"Vijay Karnataka - Bangalore","price":"4200"},"2":{"title":"Vijay Karnataka - Chitradurga","price":"750"},"3":{"title":"Vijay Karnataka - Gangavati","price":"750"},"4":{"title":"Vijay Karnataka - Gulbarga","price":"750"},"5":{"title":"Vijay Karnataka - Hassan","price":"450"},"6":{"title":"Vijay Karnataka - Hubli","price":"1500"},"7":{"title":"Vijay Karnataka - Mangalore","price":"1200"},"8":{"title":"Vijay Karnataka - Mysore","price":"1200"},"9":{"title":"Vijay Karnataka - Shimoga","price":"1200"}},"Beauty & Wellness":{"0":{"title":"Vijay Karnataka - Bagalkot","price":"750"},"1":{"title":"Vijay Karnataka - Bangalore","price":"4200"},"2":{"title":"Vijay Karnataka - Chitradurga","price":"750"},"3":{"title":"Vijay Karnataka - Gangavati","price":"750"},"4":{"title":"Vijay Karnataka - Gulbarga","price":"750"},"5":{"title":"Vijay Karnataka - Hassan","price":"450"},"6":{"title":"Vijay Karnataka - Hubli","price":"1500"},"7":{"title":"Vijay Karnataka - Mangalore","price":"1200"},"8":{"title":"Vijay Karnataka - Mysore","price":"1200"},"9":{"title":"Vijay Karnataka - Shimoga","price":"1200"}},"Call Centre Employees":{"0":{"title":"Vijay Karnataka - Bagalkot","price":"750"},"1":{"title":"Vijay Karnataka - Bangalore","price":"4200"},"2":{"title":"Vijay Karnataka - All Karnataka Edition","price":"12000"},"3":{"title":"Vijay Karnataka - Bagalkot","price":"750"},"4":{"title":"Vijay Karnataka - Bangalore","price":"5250"},"5":{"title":"Vijay Karnataka - Chitradurga","price":"750"},"6":{"title":"Vijay Karnataka - Gangavati","price":"750"},"7":{"title":"Vijay Karnataka - Gulbarga","price":"750"},"8":{"title":"Vijay Karnataka - Hassan","price":"480"},"9":{"title":"Vijay Karnataka - Hubli","price":"1500"}},"Prajapati":{"0":{"title":"The Times of India (Sndy + Wkdy) + Vijay Karnataka + Economics Times + Mirror - Bangalore","price":"13500"},"1":{"title":"Vijay Karnataka - All Karnataka + (The Times of India - Mysore, Mangalore & Hubli )","price":"12000"},"2":{"title":"Vijay Karnataka - All Karnataka Edition","price":"12000"},"3":{"title":"Vijay Karnataka - Bagalkot","price":"750"},"4":{"title":"Vijay Karnataka - Bangalore","price":"5250"},"5":{"title":"Vijay Karnataka - Chitradurga","price":"750"},"6":{"title":"Vijay Karnataka - Gangavati","price":"750"},"7":{"title":"Vijay Karnataka - Gulbarga","price":"750"},"8":{"title":"Vijay Karnataka - Hassan","price":"480"},"9":{"title":"Vijay Karnataka - Hubli","price":"1500"},"10":{"title":"Vijay Karnataka - Mangalore","price":"1200"},"11":{"title":"Vijay Karnataka - Mysore","price":"1200"},"12":{"title":"Vijay Karnataka - Shimoga","price":"750"}}}