{"Services":{"0":{"title":"Vir Arjun - Delhi","price":"1000"}},"Retail/Shopping":{"0":{"title":"Vir Arjun - Delhi","price":"1000"}},"Personal Announcement":{"0":{"title":"Vir Arjun - Delhi","price":"1000"}},"Computers and Hardware":{"0":{"title":"Vir Arjun - Delhi","price":"1000"}},"Astrology":{"0":{"title":"Vir Arjun - Delhi","price":"1000"}},"Vehicles Automobiles":{"0":{"title":"Vir Arjun - Delhi","price":"1000"}},"Tours and Travel":{"0":{"title":"Vir Arjun - Delhi","price":"1000"}},"Property-Rental":{"0":{"title":"Vir Arjun - Delhi","price":"1000"}},"Entertainment":{"0":{"title":"Vir Arjun - Delhi","price":"1000"}},"Real Estate Selling":{"0":{"title":"Vir Arjun - Delhi","price":"1000"}},"Beauty & Wellness":{"0":{"title":"Vir Arjun - Delhi","price":"1000"}},"Call Centre Employees":{"0":{"title":"Vir Arjun - Delhi","price":"1000"}},"Prajapati":{"0":{"title":"Vir Arjun - Delhi","price":"1000"}},"Bungalow For Sale":{"0":{"title":"Vir Arjun - Delhi","price":"1000"}},"For Rent/Lease/To Let":{"0":{"title":"Vir Arjun - Delhi","price":"1000"}},"Outright Sale":{"0":{"title":"Vir Arjun - Delhi","price":"1000"}},"Property Others":{"0":{"title":"Vir Arjun - Delhi","price":"1000"}},"SMS CAMPAIGN":{"0":{"title":"Vir Arjun - Delhi","price":"1000"}}}