{"Matrimonial":{"0":{"title":"Punya Nagari + Yashobhumi","price":"4500"},"1":{"title":"Yashobhumi + Mumbai Choufer - Mumbai","price":"4950"},"2":{"title":"Yashobhumi - Mumbai","price":"3075"}},"Marriage Bureau":{"0":{"title":"Punya Nagari + Yashobhumi","price":"4500"},"1":{"title":"Yashobhumi + Mumbai Choufer - Mumbai","price":"4950"},"2":{"title":"Yashobhumi - Mumbai","price":"3075"}},"Change of Name":{"0":{"title":"Punya Nagari + Yashobhumi","price":"4500"},"1":{"title":"Yashobhumi + Mumbai Choufer - Mumbai","price":"4950"},"2":{"title":"Yashobhumi - Mumbai","price":"3075"}},"Recruitment job":{"0":{"title":"Punya Nagari + Yashobhumi","price":"4500"},"1":{"title":"Yashobhumi + Mumbai Choufer - Mumbai","price":"4950"},"2":{"title":"Yashobhumi - Mumbai","price":"3075"}},"Education":{"0":{"title":"Punya Nagari + Yashobhumi","price":"4500"},"1":{"title":"Yashobhumi + Mumbai Choufer - Mumbai","price":"4950"},"2":{"title":"Yashobhumi - Mumbai","price":"3075"}},"property real estate":{"0":{"title":"Punya Nagari + Yashobhumi","price":"4500"},"1":{"title":"Yashobhumi + Mumbai Choufer - Mumbai","price":"4950"},"2":{"title":"Yashobhumi - Mumbai","price":"3075"}},"Lost and Found":{"0":{"title":"Punya Nagari + Yashobhumi","price":"4500"},"1":{"title":"Yashobhumi + Mumbai Choufer - Mumbai","price":"4950"},"2":{"title":"Yashobhumi - Mumbai","price":"3075"}},"Business":{"0":{"title":"Punya Nagari + Yashobhumi","price":"4500"},"1":{"title":"Yashobhumi + Mumbai Choufer - Mumbai","price":"4950"},"2":{"title":"Yashobhumi - Mumbai","price":"3075"}},"Obituary(Death Announcement)":{"0":{"title":"Punya Nagari + Yashobhumi","price":"4500"},"1":{"title":"Yashobhumi + Mumbai Choufer - Mumbai","price":"4950"},"2":{"title":"Yashobhumi - Mumbai","price":"3075"}},"Remembrance(Unforgettable)":{"0":{"title":"Punya Nagari + Yashobhumi","price":"4500"},"1":{"title":"Yashobhumi + Mumbai Choufer - Mumbai","price":"4950"},"2":{"title":"Yashobhumi - Mumbai","price":"3075"}},"public tender notices":{"0":{"title":"Punya Nagari + Yashobhumi","price":"4500"},"1":{"title":"Yashobhumi + Mumbai Choufer - Mumbai","price":"4950"},"2":{"title":"Yashobhumi - Mumbai","price":"3075"}},"Services":{"0":{"title":"Punya Nagari + Yashobhumi","price":"4500"},"1":{"title":"Yashobhumi + Mumbai Choufer - Mumbai","price":"4950"},"2":{"title":"Yashobhumi - Mumbai","price":"3075"}},"Retail/Shopping":{"0":{"title":"Punya Nagari + Yashobhumi","price":"4500"},"1":{"title":"Yashobhumi + Mumbai Choufer - Mumbai","price":"4950"},"2":{"title":"Yashobhumi - Mumbai","price":"3075"}},"Personal Announcement":{"0":{"title":"Punya Nagari + Yashobhumi","price":"4500"},"1":{"title":"Yashobhumi + Mumbai Choufer - Mumbai","price":"4950"},"2":{"title":"Yashobhumi - Mumbai","price":"3075"}},"Computers and Hardware":{"0":{"title":"Punya Nagari + Yashobhumi","price":"4500"},"1":{"title":"Yashobhumi + Mumbai Choufer - Mumbai","price":"4950"},"2":{"title":"Punya nagari All Group","price":"18000"}},"Astrology":{"0":{"title":"Punya Nagari + Yashobhumi","price":"4500"},"1":{"title":"Yashobhumi + Mumbai Choufer - Mumbai","price":"4950"},"2":{"title":"Punya nagari All Group","price":"18000"},"3":{"title":"Yashobhumi - Mumbai","price":"3075"}},"Vehicles Automobiles":{"0":{"title":"Punya Nagari + Yashobhumi","price":"4500"},"1":{"title":"Yashobhumi + Mumbai Choufer - Mumbai","price":"4950"},"2":{"title":"Punya nagari All Group","price":"18000"},"3":{"title":"Yashobhumi - Mumbai","price":"3075"}},"Tours and Travel":{"0":{"title":"Punya Nagari + Yashobhumi","price":"4500"},"1":{"title":"Yashobhumi + Mumbai Choufer - Mumbai","price":"4950"},"2":{"title":"Punya nagari All Group","price":"18000"},"3":{"title":"Yashobhumi - Mumbai","price":"3075"}},"Property-Rental":{"0":{"title":"Punya Nagari + Yashobhumi","price":"4500"},"1":{"title":"Yashobhumi + Mumbai Choufer - Mumbai","price":"4950"},"2":{"title":"Punya nagari All Group","price":"18000"},"3":{"title":"Yashobhumi - Mumbai","price":"3075"}},"Entertainment":{"0":{"title":"Punya Nagari + Yashobhumi","price":"4500"},"1":{"title":"Yashobhumi + Mumbai Choufer - Mumbai","price":"4950"},"2":{"title":"Punya nagari All Group","price":"18000"},"3":{"title":"Yashobhumi - Mumbai","price":"3075"}},"Real Estate Selling":{"0":{"title":"Punya Nagari + Yashobhumi","price":"4500"},"1":{"title":"Yashobhumi + Mumbai Choufer - Mumbai","price":"4950"},"2":{"title":"Punya nagari All Group","price":"18000"},"3":{"title":"Yashobhumi - Mumbai","price":"3075"}},"Beauty & Wellness":{"0":{"title":"Punya Nagari + Yashobhumi","price":"4500"},"1":{"title":"Yashobhumi + Mumbai Choufer - Mumbai","price":"4950"},"2":{"title":"Punya nagari All Group","price":"18000"},"3":{"title":"Yashobhumi - Mumbai","price":"3075"}},"Call Centre Employees":{"0":{"title":"Punya Nagari + Yashobhumi","price":"4500"},"1":{"title":"Yashobhumi + Mumbai Choufer - Mumbai","price":"4950"},"2":{"title":"Punya nagari All Group","price":"18000"},"3":{"title":"Yashobhumi - Mumbai","price":"3075"}},"Prajapati":{"0":{"title":"Punya Nagari + Yashobhumi","price":"4500"},"1":{"title":"Yashobhumi + Mumbai Choufer - Mumbai","price":"4950"},"2":{"title":"Punya nagari All Group","price":"18000"},"3":{"title":"Yashobhumi - Mumbai","price":"3075"}},"Bungalow For Sale":{"0":{"title":"Punya Nagari + Yashobhumi","price":"4500"},"1":{"title":"Yashobhumi + Mumbai Choufer - Mumbai","price":"4950"},"2":{"title":"Punya nagari All Group","price":"18000"},"3":{"title":"Yashobhumi - Mumbai","price":"3075"}},"For Rent/Lease/To Let":{"0":{"title":"Punya Nagari + Yashobhumi","price":"4500"},"1":{"title":"Yashobhumi + Mumbai Choufer - Mumbai","price":"4950"},"2":{"title":"Punya nagari All Group","price":"18000"},"3":{"title":"Yashobhumi - Mumbai","price":"3075"}},"Outright Sale":{"0":{"title":"Punya Nagari + Yashobhumi","price":"4500"},"1":{"title":"Yashobhumi + Mumbai Choufer - Mumbai","price":"4950"},"2":{"title":"Punya nagari All Group","price":"18000"},"3":{"title":"Yashobhumi - Mumbai","price":"3075"}},"Property Others":{"0":{"title":"Punya Nagari + Yashobhumi","price":"4500"},"1":{"title":"Yashobhumi + Mumbai Choufer - Mumbai","price":"4950"},"2":{"title":"Punya nagari All Group","price":"18000"},"3":{"title":"Yashobhumi - Mumbai","price":"3075"}},"SMS CAMPAIGN":{"0":{"title":"Punya Nagari + Yashobhumi","price":"4500"},"1":{"title":"Yashobhumi + Mumbai Choufer - Mumbai","price":"4950"},"2":{"title":"Punya nagari All Group","price":"18000"},"3":{"title":"Yashobhumi - Mumbai","price":"3075"}}}