{"property real estate":{"0":{"title":"AAJ - All Edition","price":"3150"}},"Lost and Found":{"0":{"title":"AAJ - All Edition","price":"3150"}},"Business":{"0":{"title":"AAJ - All Edition","price":"3150"}},"Obituary(Death Announcement)":{"0":{"title":"AAJ - All Edition","price":"3150"}},"Remembrance(Unforgettable)":{"0":{"title":"AAJ - All Edition","price":"3150"}},"public tender notices":{"0":{"title":"AAJ - All Edition","price":"3150"}},"Services":{"0":{"title":"AAJ - All Edition","price":"3150"}},"Retail/Shopping":{"0":{"title":"AAJ - All Edition","price":"3150"}},"Personal Announcement":{"0":{"title":"AAJ - All Edition","price":"3150"}},"Computers and Hardware":{"0":{"title":"AAJ - All Edition","price":"3150"}},"Astrology":{"0":{"title":"AAJ - All Edition","price":"3150"}},"Vehicles Automobiles":{"0":{"title":"AAJ - All Edition","price":"3150"}},"Tours and Travel":{"0":{"title":"AAJ - All Edition","price":"3150"}},"Property-Rental":{"0":{"title":"AAJ - All Edition","price":"3150"}},"Entertainment":{"0":{"title":"AAJ - All Edition","price":"3150"}},"Real Estate Selling":{"0":{"title":"AAJ - All Edition","price":"3150"}},"Beauty & Wellness":{"0":{"title":"AAJ - All Edition","price":"3150"}},"Call Centre Employees":{"0":{"title":"AAJ - All Edition","price":"3150"}},"Prajapati":{"0":{"title":"AAJ - All Edition","price":"3150"}},"Bungalow For Sale":{"0":{"title":"AAJ - All Edition","price":"3150"}}}