{"Matrimonial":{"0":{"title":"Akhbar -E-Mashriq - Lucknow","price":"800"},"1":{"title":"Akhbar -E-Mashriq - Siliguri","price":"800"},"2":{"title":"Akhbar -E-Mashriq -Bhopal","price":"800"}},"Marriage Bureau":{"0":{"title":"Akhbar -E-Mashriq - Lucknow","price":"800"},"1":{"title":"Akhbar -E-Mashriq - Siliguri","price":"800"},"2":{"title":"Akhbar -E-Mashriq -Bhopal","price":"800"},"3":{"title":"Akhbar -E-Mashriq -Delhi","price":"1760"},"4":{"title":"Akhbar -E-Mashriq -Kolkata","price":"4500"},"5":{"title":"Akhbar -E-Mashriq -Ranchi","price":"1000"},"6":{"title":"Akhbar -E-Mashriq -Sringar","price":"800"}},"Change of Name":{"0":{"title":"Akhbar -E-Mashriq - Lucknow","price":"800"},"1":{"title":"Akhbar -E-Mashriq - Siliguri","price":"800"},"2":{"title":"Akhbar -E-Mashriq -Bhopal","price":"800"},"3":{"title":"Akhbar -E-Mashriq -Delhi","price":"1760"},"4":{"title":"Akhbar -E-Mashriq -Kolkata","price":"4500"},"5":{"title":"Akhbar -E-Mashriq -Ranchi","price":"1000"},"6":{"title":"Akhbar -E-Mashriq -Sringar","price":"800"}},"Recruitment job":{"0":{"title":"Akhbar -E-Mashriq - Lucknow","price":"800"},"1":{"title":"Akhbar -E-Mashriq - Siliguri","price":"800"},"2":{"title":"Akhbar -E-Mashriq -Bhopal","price":"800"},"3":{"title":"Akhbar -E-Mashriq -Delhi","price":"1760"},"4":{"title":"Akhbar -E-Mashriq -Kolkata","price":"4500"},"5":{"title":"Akhbar -E-Mashriq -Ranchi","price":"1000"},"6":{"title":"Akhbar -E-Mashriq -Sringar","price":"800"}},"Education":{"0":{"title":"Akhbar -E-Mashriq - Lucknow","price":"800"},"1":{"title":"Akhbar -E-Mashriq - Siliguri","price":"800"},"2":{"title":"Akhbar -E-Mashriq -Bhopal","price":"800"},"3":{"title":" Akhbar -E-Mashriq -Delhi","price":"1760"},"4":{"title":"Akhbar -E-Mashriq -Kolkata","price":"4500"},"5":{"title":"Akhbar -E-Mashriq -Ranchi","price":"1000"},"6":{"title":"Akhbar -E-Mashriq -Sringar","price":"800"}},"property real estate":{"0":{"title":"Akhbar -E-Mashriq - Lucknow","price":"800"},"1":{"title":"Akhbar -E-Mashriq - Siliguri","price":"800"},"2":{"title":"Akhbar -E-Mashriq -Bhopal","price":"800"},"3":{"title":"Akhbar -E-Mashriq -Delhi","price":"1760"},"4":{"title":"Akhbar -E-Mashriq -Kolkata","price":"4500"},"5":{"title":"Akhbar -E-Mashriq -Ranchi","price":"1000"},"6":{"title":"Akhbar -E-Mashriq -Sringar","price":"800"}},"Lost and Found":{"0":{"title":"Akhbar -E-Mashriq - Lucknow","price":"800"},"1":{"title":"Akhbar -E-Mashriq - Siliguri","price":"800"},"2":{"title":"Akhbar -E-Mashriq -Bhopal","price":"800"},"3":{"title":"Akhbar -E-Mashriq -Delhi","price":"1760"},"4":{"title":"Akhbar -E-Mashriq -Kolkata","price":"4500"},"5":{"title":"Akhbar -E-Mashriq -Ranchi","price":"1000"},"6":{"title":"Akhbar -E-Mashriq -Sringar","price":"800"}},"Business":{"0":{"title":"Akhbar -E-Mashriq - Lucknow","price":"800"},"1":{"title":"Akhbar -E-Mashriq - Siliguri","price":"800"},"2":{"title":"Akhbar -E-Mashriq -Bhopal","price":"800"},"3":{"title":"Akhbar -E-Mashriq -Delhi","price":"1760"},"4":{"title":"Akhbar -E-Mashriq -Kolkata","price":"4500"},"5":{"title":"Akhbar -E-Mashriq -Ranchi","price":"1000"},"6":{"title":"Akhbar -E-Mashriq -Sringar","price":"800"}},"Obituary(Death Announcement)":{"0":{"title":"Akhbar -E-Mashriq - Lucknow","price":"800"},"1":{"title":"Akhbar -E-Mashriq - Siliguri","price":"800"},"2":{"title":"Akhbar -E-Mashriq -Bhopal","price":"800"},"3":{"title":"Akhbar -E-Mashriq -Delhi","price":"1760"},"4":{"title":"Akhbar -E-Mashriq -Kolkata","price":"4500"},"5":{"title":"Akhbar -E-Mashriq -Ranchi","price":"1000"},"6":{"title":"Akhbar -E-Mashriq -Sringar","price":"800"}},"Remembrance(Unforgettable)":{"0":{"title":"Akhbar -E-Mashriq - Lucknow","price":"800"},"1":{"title":"Akhbar -E-Mashriq - Siliguri","price":"800"},"2":{"title":"Akhbar -E-Mashriq -Bhopal","price":"800"},"3":{"title":"Akhbar -E-Mashriq -Delhi","price":"1760"},"4":{"title":"Akhbar -E-Mashriq -Kolkata","price":"4500"},"5":{"title":"Akhbar -E-Mashriq -Ranchi","price":"1000"},"6":{"title":"Akhbar -E-Mashriq -Sringar","price":"800"}},"public tender notices":{"0":{"title":"Akhbar -E-Mashriq - Lucknow","price":"800"},"1":{"title":"Akhbar -E-Mashriq - Siliguri","price":"800"},"2":{"title":"Akhbar -E-Mashriq -Bhopal","price":"800"},"3":{"title":" Akhbar -E-Mashriq -Delhi","price":"1760"},"4":{"title":"Akhbar -E-Mashriq -Kolkata","price":"4500"},"5":{"title":"Akhbar -E-Mashriq -Ranchi","price":"1000"},"6":{"title":"Akhbar -E-Mashriq -Sringar","price":"800"}},"Services":{"0":{"title":"Akhbar -E-Mashriq - Lucknow","price":"800"},"1":{"title":"Akhbar -E-Mashriq - Siliguri","price":"800"},"2":{"title":"Akhbar -E-Mashriq -Bhopal","price":"800"},"3":{"title":"Akhbar -E-Mashriq -Delhi","price":"1760"},"4":{"title":"Akhbar -E-Mashriq -Kolkata","price":"4500"},"5":{"title":"Akhbar -E-Mashriq -Ranchi","price":"1000"},"6":{"title":"Akhbar -E-Mashriq -Sringar","price":"800"}},"Retail/Shopping":{"0":{"title":"Akhbar -E-Mashriq - Lucknow","price":"800"},"1":{"title":"Akhbar -E-Mashriq - Siliguri","price":"800"},"2":{"title":"Akhbar -E-Mashriq -Bhopal","price":"800"},"3":{"title":"Akhbar -E-Mashriq -Delhi","price":"1760"},"4":{"title":"Akhbar -E-Mashriq -Kolkata","price":"4500"},"5":{"title":"Akhbar -E-Mashriq -Ranchi","price":"1000"},"6":{"title":"Akhbar -E-Mashriq -Sringar","price":"800"}},"Personal Announcement":{"0":{"title":" Akhbar -E-Mashriq - Lucknow","price":"800"},"1":{"title":"Akhbar -E-Mashriq - Siliguri","price":"800"},"2":{"title":"Akhbar -E-Mashriq -Bhopal","price":"800"},"3":{"title":"Akhbar -E-Mashriq -Delhi","price":"1760"},"4":{"title":"Akhbar -E-Mashriq -Kolkata","price":"4500"},"5":{"title":"Akhbar -E-Mashriq -Ranchi","price":"1000"},"6":{"title":"Akhbar -E-Mashriq -Sringar","price":"800"}},"Computers and Hardware":{"0":{"title":"Akhbar -E-Mashriq - Lucknow","price":"800"},"1":{"title":"Akhbar -E-Mashriq - Siliguri","price":"800"},"2":{"title":"Akhbar -E-Mashriq -Bhopal","price":"800"},"3":{"title":"Akhbar -E-Mashriq -Delhi","price":"1760"},"4":{"title":"Akhbar -E-Mashriq -Kolkata","price":"4500"},"5":{"title":"Akhbar -E-Mashriq -Ranchi","price":"1000"},"6":{"title":"Akhbar -E-Mashriq -Sringar","price":"800"}},"Astrology":{"0":{"title":"Akhbar -E-Mashriq - Lucknow","price":"800"},"1":{"title":"Akhbar -E-Mashriq - Siliguri","price":"800"},"2":{"title":"Akhbar -E-Mashriq -Bhopal","price":"800"},"3":{"title":"Akhbar -E-Mashriq -Delhi","price":"1760"},"4":{"title":"Akhbar -E-Mashriq -Kolkata","price":"4500"},"5":{"title":"Akhbar -E-Mashriq -Ranchi","price":"1000"},"6":{"title":"Akhbar -E-Mashriq -Sringar","price":"800"}},"Vehicles Automobiles":{"0":{"title":"Akhbar -E-Mashriq - Lucknow","price":"800"},"1":{"title":"Akhbar -E-Mashriq - Siliguri","price":"800"},"2":{"title":" Akhbar -E-Mashriq -Bhopal","price":"800"},"3":{"title":"Akhbar -E-Mashriq -Delhi","price":"1760"},"4":{"title":" Akhbar -E-Mashriq -Kolkata","price":"4500"},"5":{"title":"Akhbar -E-Mashriq -Ranchi","price":"1000"},"6":{"title":" Akhbar -E-Mashriq -Sringar","price":"800"}},"Tours and Travel":{"0":{"title":"Akhbar -E-Mashriq - Lucknow","price":"800"},"1":{"title":"Akhbar -E-Mashriq - Siliguri","price":"800"},"2":{"title":"Akhbar -E-Mashriq -Bhopal","price":"800"},"3":{"title":"Akhbar -E-Mashriq -Delhi","price":"1760"},"4":{"title":"Akhbar -E-Mashriq -Kolkata","price":"4500"},"5":{"title":"Akhbar -E-Mashriq -Ranchi","price":"1000"},"6":{"title":"Akhbar -E-Mashriq -Sringar","price":"800"}},"Property-Rental":{"0":{"title":"Akhbar -E-Mashriq - Lucknow","price":"800"},"1":{"title":"Akhbar -E-Mashriq - Siliguri","price":"800"},"2":{"title":"Akhbar -E-Mashriq -Bhopal","price":"800"},"3":{"title":" Akhbar -E-Mashriq -Delhi","price":"1760"},"4":{"title":"Akhbar -E-Mashriq -Kolkata","price":"4500"},"5":{"title":"Akhbar -E-Mashriq -Ranchi","price":"1000"},"6":{"title":"Akhbar -E-Mashriq -Sringar","price":"800"}},"Entertainment":{"0":{"title":"Akhbar -E-Mashriq - Lucknow","price":"800"},"1":{"title":"Akhbar -E-Mashriq - Siliguri","price":"800"},"2":{"title":"Akhbar -E-Mashriq -Bhopal","price":"800"},"3":{"title":"Akhbar -E-Mashriq -Delhi","price":"1760"},"4":{"title":"Akhbar -E-Mashriq -Kolkata","price":"4500"},"5":{"title":"Akhbar -E-Mashriq -Ranchi","price":"1000"},"6":{"title":"Akhbar -E-Mashriq -Sringar","price":"800"}},"Real Estate Selling":{"0":{"title":"Akhbar -E-Mashriq - Lucknow","price":"800"},"1":{"title":"Akhbar -E-Mashriq - Siliguri","price":"800"},"2":{"title":"Akhbar -E-Mashriq -Bhopal","price":"800"},"3":{"title":"Akhbar -E-Mashriq -Delhi","price":"1760"},"4":{"title":"Akhbar -E-Mashriq -Kolkata","price":"4500"},"5":{"title":"Akhbar -E-Mashriq -Ranchi","price":"1000"},"6":{"title":"Akhbar -E-Mashriq -Sringar","price":"800"}},"Beauty & Wellness":{"0":{"title":"Akhbar -E-Mashriq - Lucknow","price":"800"},"1":{"title":"Akhbar -E-Mashriq - Siliguri","price":"800"},"2":{"title":"Akhbar -E-Mashriq -Bhopal","price":"800"},"3":{"title":"Akhbar -E-Mashriq -Delhi","price":"1760"},"4":{"title":"Akhbar -E-Mashriq -Kolkata","price":"4500"},"5":{"title":"Akhbar -E-Mashriq -Ranchi","price":"1000"},"6":{"title":" Akhbar -E-Mashriq -Sringar","price":"800"}},"Call Centre Employees":{"0":{"title":"Akhbar -E-Mashriq - Lucknow","price":"800"},"1":{"title":"Akhbar -E-Mashriq - Siliguri","price":"800"},"2":{"title":"Akhbar -E-Mashriq -Bhopal","price":"800"},"3":{"title":"Akhbar -E-Mashriq -Delhi","price":"1760"},"4":{"title":"Akhbar -E-Mashriq -Kolkata","price":"4500"},"5":{"title":"Akhbar -E-Mashriq -Ranchi","price":"1000"},"6":{"title":"Akhbar -E-Mashriq -Sringar","price":"800"}},"Prajapati":{"0":{"title":"Akhbar -E-Mashriq - Lucknow","price":"800"},"1":{"title":"Akhbar -E-Mashriq - Siliguri","price":"800"},"2":{"title":"Akhbar -E-Mashriq -Bhopal","price":"800"},"3":{"title":"Akhbar -E-Mashriq -Delhi","price":"1760"},"4":{"title":"Akhbar -E-Mashriq -Kolkata","price":"4500"},"5":{"title":"Akhbar -E-Mashriq -Ranchi","price":"1000"},"6":{"title":"Akhbar -E-Mashriq -Sringar","price":"800"}},"Bungalow For Sale":{"0":{"title":"Akhbar -E-Mashriq - Lucknow","price":"800"},"1":{"title":"Akhbar -E-Mashriq - Siliguri","price":"800"},"2":{"title":"Akhbar -E-Mashriq -Bhopal","price":"800"},"3":{"title":"Akhbar -E-Mashriq -Delhi","price":"1760"},"4":{"title":"Akhbar -E-Mashriq -Kolkata","price":"4500"},"5":{"title":"Akhbar -E-Mashriq -Ranchi","price":"1000"},"6":{"title":"Akhbar -E-Mashriq -Sringar","price":"800"}},"For Rent/Lease/To Let":{"0":{"title":"Akhbar -E-Mashriq - Lucknow","price":"800"},"1":{"title":"Akhbar -E-Mashriq - Siliguri","price":"800"},"2":{"title":"Akhbar -E-Mashriq -Bhopal","price":"800"},"3":{"title":"Akhbar -E-Mashriq -Delhi","price":"1760"},"4":{"title":"Akhbar -E-Mashriq -Kolkata","price":"4500"},"5":{"title":"Akhbar -E-Mashriq -Ranchi","price":"1000"},"6":{"title":"Akhbar -E-Mashriq -Sringar","price":"800"}},"Outright Sale":{"0":{"title":"Akhbar -E-Mashriq - Lucknow","price":"800"},"1":{"title":"Akhbar -E-Mashriq - Siliguri","price":"800"},"2":{"title":"Akhbar -E-Mashriq -Bhopal","price":"800"},"3":{"title":"Akhbar -E-Mashriq -Delhi","price":"1760"},"4":{"title":"Akhbar -E-Mashriq -Kolkata","price":"4500"},"5":{"title":"Akhbar -E-Mashriq -Ranchi","price":"1000"},"6":{"title":"Akhbar -E-Mashriq -Sringar","price":"800"}},"Property Others":{"0":{"title":"Akhbar -E-Mashriq - Lucknow","price":"800"},"1":{"title":"Akhbar -E-Mashriq - Siliguri","price":"800"},"2":{"title":"Akhbar -E-Mashriq -Bhopal","price":"800"},"3":{"title":"Akhbar -E-Mashriq -Delhi","price":"1760"},"4":{"title":"Akhbar -E-Mashriq -Kolkata","price":"4500"},"5":{"title":"Akhbar -E-Mashriq -Ranchi","price":"1000"},"6":{"title":"Akhbar -E-Mashriq -Sringar","price":"800"}},"SMS CAMPAIGN":{"0":{"title":"Akhbar -E-Mashriq - Lucknow","price":"800"},"1":{"title":"Akhbar -E-Mashriq - Siliguri","price":"800"},"2":{"title":"Akhbar -E-Mashriq -Bhopal","price":"800"},"3":{"title":"Akhbar -E-Mashriq -Delhi","price":"1760"},"4":{"title":"Akhbar -E-Mashriq -Kolkata","price":"4500"},"5":{"title":"Akhbar -E-Mashriq -Ranchi","price":"1000"},"6":{"title":"Akhbar -E-Mashriq -Sringar","price":"800"}}}