{"Matrimonial":{"0":{"title":"Amar Ujala - All Edition (U.P, Uttrakhand, Haryana, Himanchal Pradesh, Punjab, Delhi Ncr)","price":"1818"}},"Marriage Bureau":{"0":{"title":"Amar Ujala - All Edition (U.P, Uttrakhand, Haryana, Himanchal Pradesh, Punjab, Delhi Ncr)","price":"1818"}},"Change of Name":{"0":{"title":"Amar Ujala - All Edition (U.P, Uttrakhand, Haryana, Himanchal Pradesh, Punjab, Delhi Ncr)","price":"1818"}},"Recruitment job":{"0":{"title":"Amar Ujala - All Edition (U.P, Uttrakhand, Haryana, Himanchal Pradesh, Punjab, Delhi Ncr)","price":"1818"}},"Education":{"0":{"title":"Amar Ujala - All Edition (U.P, Uttrakhand, Haryana, Himanchal Pradesh, Punjab, Delhi Ncr)","price":"1818"}},"property real estate":{"0":{"title":"Amar Ujala - All Edition (U.P, Uttrakhand, Haryana, Himanchal Pradesh, Punjab, Delhi Ncr)","price":"1818"}},"Lost and Found":{"0":{"title":"Amar Ujala - All Edition (U.P, Uttrakhand, Haryana, Himanchal Pradesh, Punjab, Delhi Ncr)","price":"1818"}},"Business":{"0":{"title":"Amar Ujala - All Edition (U.P, Uttrakhand, Haryana, Himanchal Pradesh, Punjab, Delhi Ncr)","price":"1818"}},"Obituary(Death Announcement)":{"0":{"title":"Amar Ujala - All Edition (U.P, Uttrakhand, Haryana, Himanchal Pradesh, Punjab, Delhi Ncr)","price":"1818"}},"Remembrance(Unforgettable)":{"0":{"title":"Amar Ujala - All Edition (U.P, Uttrakhand, Haryana, Himanchal Pradesh, Punjab, Delhi Ncr)","price":"1818"}},"public tender notices":{"0":{"title":"Amar Ujala - All Edition (U.P, Uttrakhand, Haryana, Himanchal Pradesh, Punjab, Delhi Ncr)","price":"1818"}},"Services":{"0":{"title":"Amar Ujala - All Edition (U.P, Uttrakhand, Haryana, Himanchal Pradesh, Punjab, Delhi Ncr)","price":"1818"}},"Retail/Shopping":{"0":{"title":"Amar Ujala - All Edition (U.P, Uttrakhand, Haryana, Himanchal Pradesh, Punjab, Delhi Ncr)","price":"1818"}},"Personal Announcement":{"0":{"title":"Amar Ujala - All Edition (U.P, Uttrakhand, Haryana, Himanchal Pradesh, Punjab, Delhi Ncr)","price":"1818"}},"Computers and Hardware":{"0":{"title":"Amar Ujala - All Edition (U.P, Uttrakhand, Haryana, Himanchal Pradesh, Punjab, Delhi Ncr)","price":"1818"}},"Astrology":{"0":{"title":"Amar Ujala - All Edition (U.P, Uttrakhand, Haryana, Himanchal Pradesh, Punjab, Delhi Ncr)","price":"1818"}},"Vehicles Automobiles":{"0":{"title":"Amar Ujala - All Edition (U.P, Uttrakhand, Haryana, Himanchal Pradesh, Punjab, Delhi Ncr)","price":"1818"}},"Tours and Travel":{"0":{"title":"Amar Ujala - All Edition (U.P, Uttrakhand, Haryana, Himanchal Pradesh, Punjab, Delhi Ncr)","price":"1818"}},"Property-Rental":{"0":{"title":"Amar Ujala - All Edition (U.P, Uttrakhand, Haryana, Himanchal Pradesh, Punjab, Delhi Ncr)","price":"1818"}},"Entertainment":{"0":{"title":"Amar Ujala - All Edition (U.P, Uttrakhand, Haryana, Himanchal Pradesh, Punjab, Delhi Ncr)","price":"1818"}},"Real Estate Selling":{"0":{"title":"Amar Ujala - All Edition (U.P, Uttrakhand, Haryana, Himanchal Pradesh, Punjab, Delhi Ncr)","price":"1818"}},"Beauty & Wellness":{"0":{"title":"Amar Ujala - All Edition (U.P, Uttrakhand, Haryana, Himanchal Pradesh, Punjab, Delhi Ncr)","price":"3144"},"1":{"title":"Amar Ujala - Agra","price":"1230"},"2":{"title":"Amar Ujala - Aligarh","price":"629"},"3":{"title":"Amar Ujala - Allahabad (Prayagraj)","price":"266"},"4":{"title":"Amar Ujala - Bareilly","price":"634"},"5":{"title":"Amar Ujala - Chandigarh","price":"341"},"6":{"title":"Amar Ujala - Dehradun","price":"544"},"7":{"title":"Amar Ujala - Delhi","price":"1052"},"8":{"title":"Amar Ujala - Dharamsala","price":"283"},"9":{"title":"Amar Ujala - Gorakhpur","price":"285"},"10":{"title":"Amar Ujala - Jalandhar","price":"266"},"11":{"title":"Amar Ujala - Jammu & Kashmir","price":"259"},"12":{"title":"Amar Ujala - Jhansi","price":"175"},"13":{"title":"Amar Ujala - Kanpur","price":"492"},"14":{"title":"Amar Ujala - Lucknow","price":"550"},"15":{"title":"Amar Ujala - Meerut","price":"634"},"16":{"title":"Amar Ujala - Moradabad","price":"634"},"17":{"title":"Amar Ujala - Nainital","price":"450"},"18":{"title":"Amar Ujala - Rohtak","price":"473"},"19":{"title":"Amar Ujala - Varanasi","price":"453"}},"Call Centre Employees":{"0":{"title":"Amar Ujala - All Edition (U.P, Uttrakhand, Haryana, Himanchal Pradesh, Punjab, Delhi Ncr)","price":"6962"},"1":{"title":"Amar Ujala - Agra","price":"719"},"2":{"title":"Amar Ujala - Aligarh","price":"272"},"3":{"title":"Amar Ujala - Allahabad (Prayagraj)","price":"266"},"4":{"title":"Amar Ujala - Bareilly","price":"634"},"5":{"title":"Amar Ujala - Chandigarh","price":"341"},"6":{"title":"Amar Ujala - Dehradun","price":"544"},"7":{"title":"Amar Ujala - Delhi","price":"1052"},"8":{"title":"Amar Ujala - Dharamsala","price":"283"},"9":{"title":"Amar Ujala - Gorakhpur","price":"285"},"10":{"title":"Amar Ujala - Jalandhar","price":"266"},"11":{"title":"Amar Ujala - Jammu & Kashmir","price":"259"},"12":{"title":"Amar Ujala - Jhansi","price":"175"},"13":{"title":"Amar Ujala - Kanpur","price":"492"},"14":{"title":"Amar Ujala - Lucknow","price":"550"},"15":{"title":"Amar Ujala - Meerut","price":"634"},"16":{"title":"Amar Ujala - Moradabad","price":"634"},"17":{"title":"Amar Ujala - Nainital","price":"450"},"18":{"title":"Amar Ujala - Rohtak","price":"473"},"19":{"title":"Amar Ujala - Varanasi","price":"453"}},"Prajapati":{"0":{"title":"Amar Ujala - All Edition (U.P, Uttrakhand, Haryana, Himanchal Pradesh, Punjab, Delhi Ncr)","price":"6962"},"1":{"title":"Amar Ujala - Agra","price":"719"},"2":{"title":"Amar Ujala - Aligarh","price":"272"},"3":{"title":"Amar Ujala - Allahabad (Prayagraj)","price":"2175"},"4":{"title":"Amar Ujala - Uttar Pradesh + Delhi Ncr","price":"5249"},"5":{"title":"Amar Ujala : Punjab ","price":"560"},"6":{"title":"Amar Ujala - Uttarakhand","price":"1202"},"7":{"title":"Amar Uajal - Himanchal Pradesh","price":"812"},"8":{"title":"Amar Uajala -Haryana","price":"551"},"9":{"title":"Amar Ujala - Agra","price":"1230"},"10":{"title":"Amar Ujala - Aligarh","price":"629"},"11":{"title":"Amar Ujala - Allahabad (Prayagraj)","price":"897"},"12":{"title":"Amar Ujala - Bareilly","price":"942"},"13":{"title":"Amar Ujala - Chandigarh","price":"341"},"14":{"title":"Amar Ujala - Dehradun","price":"957"},"15":{"title":"Amar Ujala - Delhi","price":"1052"},"16":{"title":"Amar Ujala - Dharamsala","price":"505"},"17":{"title":"Amar Ujala - Gorakhpur","price":"645"},"18":{"title":"Amar Ujala - Jalandhar","price":"524"},"19":{"title":"Amar Ujala - Jammu & Kashmir","price":"229"}},"Bungalow For Sale":{"0":{"title":"Amar Ujala - UP + Uttarakhand","price":"6218"},"1":{"title":"Amar Ujala - North Power","price":"1886"},"2":{"title":"Amar Ujala - All Edition (U.P, Uttrakhand, Haryana, Himanchal Pradesh, Punjab, Delhi Ncr)","price":"6962"},"3":{"title":"Amar Ujala - Central + Eastern UP","price":"2175"},"4":{"title":"Amar Ujala - Uttar Pradesh + Delhi Ncr","price":"5249"},"5":{"title":"Amar Ujala : Punjab","price":"560"},"6":{"title":"Amar Ujala - Uttarakhand","price":"1202"},"7":{"title":"Amar Uajal - Himanchal Pradesh","price":"200"},"8":{"title":"Amar Ujala - Dharamsala","price":"283"},"9":{"title":"Amar Ujala - Gorakhpur","price":"285"},"10":{"title":"Amar Ujala - Jalandhar","price":"266"},"11":{"title":"Amar Ujala - Jammu & Kashmir","price":"259"},"12":{"title":"Amar Ujala - Jhansi","price":"175"},"13":{"title":"Amar Ujala - Kanpur","price":"492"},"14":{"title":"Amar Ujala - Lucknow","price":"550"},"15":{"title":"Amar Ujala - Meerut","price":"634"},"16":{"title":"Amar Ujala - Moradabad","price":"634"},"17":{"title":"Amar Ujala - Nainital","price":"450"},"18":{"title":"Amar Ujala - Rohtak","price":"473"},"19":{"title":"Amar Ujala - Varanasi","price":"453"},"20":{"title":"Amar Ujala - Jhansi","price":"271"},"21":{"title":"Amar Ujala - Kanpur","price":"1233"},"22":{"title":"Amar Ujala - Lucknow","price":"1010"},"23":{"title":"Amar Ujala - Meerut","price":"984"},"24":{"title":"Amar Ujala - Moradabad","price":"957"},"25":{"title":"Amar Ujala - Nainital","price":"711"},"26":{"title":"Amar Ujala - Rohtak","price":"365"},"27":{"title":"Amar Ujala - Varanasi","price":"842"}},"For Rent/Lease/To Let":{"0":{"title":"Amar Ujala - UP + Uttarakhand","price":"6218"},"1":{"title":"Amar Ujala - North Power","price":"1886"},"2":{"title":"Amar Ujala - All Edition (U.P, Uttrakhand, Haryana, Himanchal Pradesh, Punjab, Delhi Ncr)","price":"6962"},"3":{"title":"Amar Ujala - Central + Eastern UP","price":"2175"},"4":{"title":"Amar Ujala - Uttar Pradesh + Delhi Ncr","price":"5249"},"5":{"title":"Amar Ujala : Punjab","price":"560"},"6":{"title":"Amar Ujala - Uttarakhand","price":"1202"},"7":{"title":"Amar Uajal - Himanchal Pradesh","price":"812"},"8":{"title":"Amar Uajala -Haryana","price":"551"},"9":{"title":"Amar Ujala - Agra","price":"1230"},"10":{"title":"Amar Ujala - Aligarh","price":"629"},"11":{"title":"Amar Ujala - Allahabad (Prayagraj)","price":"897"},"12":{"title":"Amar Ujala - Bareilly","price":"942"},"13":{"title":"Amar Ujala - Chandigarh","price":"341"},"14":{"title":"Amar Ujala - Dehradun","price":"957"},"15":{"title":"Amar Ujala - Delhi","price":"1052"},"16":{"title":"Amar Ujala - Dharamsala","price":"505"},"17":{"title":"Amar Ujala - Gorakhpur","price":"645"},"18":{"title":"Amar Ujala - Jalandhar","price":"524"},"19":{"title":"Amar Ujala - Jammu & Kashmir","price":"229"},"20":{"title":"Amar Ujala - Jhansi","price":"271"},"21":{"title":"Amar Ujala - Kanpur","price":"1233"},"22":{"title":"Amar Ujala - Lucknow","price":"1010"},"23":{"title":"Amar Ujala - Meerut","price":"984"},"24":{"title":"Amar Ujala - Moradabad","price":"957"},"25":{"title":"Amar Ujala - Nainital","price":"711"},"26":{"title":"Amar Ujala - Rohtak","price":"365"},"27":{"title":"Amar Ujala - Varanasi","price":"842"}},"Outright Sale":{"0":{"title":"Amar Ujala - UP + Uttarakhand","price":"6218"},"1":{"title":"Amar Ujala - North Power","price":"1886"},"2":{"title":"Amar Ujala - All Edition (U.P, Uttrakhand, Haryana, Himanchal Pradesh, Punjab, Delhi Ncr)","price":"6962"},"3":{"title":"Amar Ujala - Central + Eastern UP","price":"2175"},"4":{"title":"Amar Ujala - Uttar Pradesh + Delhi Ncr","price":"5249"},"5":{"title":"Amar Ujala : Punjab","price":"560"},"6":{"title":"Amar Ujala - Uttarakhand","price":"1202"},"7":{"title":"Amar Uajal - Himanchal Pradesh","price":"812"},"8":{"title":"Amar Uajala -Haryana","price":"551"},"9":{"title":"Amar Ujala - Agra","price":"1230"},"10":{"title":"Amar Ujala - Aligarh","price":"629"},"11":{"title":"Amar Ujala - Allahabad (Prayagraj)","price":"897"},"12":{"title":"Amar Ujala - Bareilly","price":"942"},"13":{"title":"Amar Ujala - Chandigarh","price":"341"},"14":{"title":"Amar Ujala - Dehradun","price":"957"},"15":{"title":"Amar Ujala - Delhi","price":"1052"},"16":{"title":"Amar Ujala - Dharamsala","price":"505"},"17":{"title":"Amar Ujala - Gorakhpur","price":"645"},"18":{"title":"Amar Ujala - Jalandhar","price":"560"},"19":{"title":"Amar Ujala - Jammu & Kashmir","price":"245"},"20":{"title":"Amar Ujala - Jhansi","price":"271"},"21":{"title":"Amar Ujala - Kanpur","price":"1233"},"22":{"title":"Amar Ujala - Lucknow","price":"1010"},"23":{"title":"Amar Ujala - Meerut","price":"984"},"24":{"title":"Amar Ujala - Moradabad","price":"957"},"25":{"title":"Amar Ujala - Nainital","price":"711"},"26":{"title":"Amar Ujala - Rohtak","price":"365"},"27":{"title":"Amar Ujala - Varanasi","price":"842"}}}