{"Matrimonial":{"0":{"title":"Anand Bazar Patrika + The Telegraph - Kolkata","price":"4420"},"1":{"title":"Anand Bazar Patrika - Kolkata","price":"3900"}},"Marriage Bureau":{"0":{"title":"Anand Bazar Patrika + The Telegraph - Kolkata","price":"4420"},"1":{"title":"Anand Bazar Patrika - Kolkata","price":"3900"}},"Change of Name":{"0":{"title":"Anand Bazar Patrika + The Telegraph - Kolkata","price":"4420"},"1":{"title":"Anand Bazar Patrika - Kolkata","price":"3900"}},"Recruitment job":{"0":{"title":"Anand Bazar Patrika + The Telegraph - Kolkata","price":"4420"},"1":{"title":"Anand Bazar Patrika - Kolkata","price":"3900"}},"Education":{"0":{"title":"Anand Bazar Patrika + The Telegraph - Kolkata","price":"4420"},"1":{"title":"Anand Bazar Patrika - Kolkata","price":"3900"}},"property real estate":{"0":{"title":"Anand Bazar Patrika + The Telegraph - Kolkata","price":"4420"},"1":{"title":"Anand Bazar Patrika - Kolkata","price":"3900"}},"Lost and Found":{"0":{"title":"Anand Bazar Patrika + The Telegraph - Kolkata","price":"4420"},"1":{"title":"Anand Bazar Patrika - Kolkata","price":"3900"}},"Business":{"0":{"title":"Anand Bazar Patrika + The Telegraph - Kolkata","price":"4420"},"1":{"title":"Anand Bazar Patrika - Kolkata","price":"3900"}},"Obituary(Death Announcement)":{"0":{"title":"Anand Bazar Patrika + The Telegraph - Kolkata","price":"4420"},"1":{"title":"Anand Bazar Patrika - Kolkata","price":"3900"}},"Remembrance(Unforgettable)":{"0":{"title":"Anand Bazar Patrika + The Telegraph - Kolkata","price":"4420"},"1":{"title":"Anand Bazar Patrika - Kolkata","price":"3900"}},"public tender notices":{"0":{"title":"Anand Bazar Patrika + The Telegraph - Kolkata","price":"4420"},"1":{"title":"Anand Bazar Patrika - Kolkata","price":"3900"}},"Services":{"0":{"title":"Anand Bazar Patrika + The Telegraph - Kolkata","price":"4420"},"1":{"title":"Anand Bazar Patrika - Kolkata","price":"3900"}},"Retail/Shopping":{"0":{"title":"Anand Bazar Patrika + The Telegraph - Kolkata","price":"4420"},"1":{"title":"Anand Bazar Patrika - Kolkata","price":"3900"}},"Computers and Hardware":{"0":{"title":"Anand Bazar Patrika - Kolkata","price":"5980"}},"Astrology":{"0":{"title":"Anand Bazar Patrika - Kolkata","price":"5980"}},"Vehicles Automobiles":{"0":{"title":"Anand Bazar Patrika - Kolkata","price":"5980"}},"Tours and Travel":{"0":{"title":"Anand Bazar Patrika - Kolkata","price":"5980"}},"Property-Rental":{"0":{"title":"Anand Bazar Patrika - Kolkata","price":"5980"}},"Entertainment":{"0":{"title":"Anand Bazar Patrika - Kolkata","price":"5980"}},"Real Estate Selling":{"0":{"title":"Anand Bazar Patrika - Kolkata","price":"5980"}},"Beauty & Wellness":{"0":{"title":"Anand Bazar Patrika - Kolkata","price":"5980"}},"Call Centre Employees":{"0":{"title":"Anand Bazar Patrika - Kolkata","price":"5980"}},"Prajapati":{"0":{"title":"Anand Bazar Patrika - Kolkata","price":"5980"}},"Bungalow For Sale":{"0":{"title":"Anand Bazar Patrika - Kolkata","price":"5980"}},"For Rent/Lease/To Let":{"0":{"title":"Anand Bazar Patrika - Kolkata","price":"5980"}},"Outright Sale":{"0":{"title":"Anand Bazar Patrika - Kolkata","price":"5980"}},"Property Others":{"0":{"title":"Anand Bazar Patrika - Kolkata","price":"5980"}},"SMS CAMPAIGN":{"0":{"title":"Anand Bazar Patrika - Kolkata","price":"5980"}}}