{"public tender notices":{"0":{"title":"Andhra Prabha - AnantaPur","price":"4080"},"1":{"title":"Andhra Prabha - Hyderabad","price":"6000"},"2":{"title":"Andhra Prabha - Khammam","price":"3000"}},"Services":{"0":{"title":"Andhra Prabha - AnantaPur","price":"4080"},"1":{"title":"Andhra Prabha - Hyderabad","price":"6000"},"2":{"title":"Andhra Prabha - Khammam","price":"3000"},"3":{"title":"Andhra Prabha - Nellore","price":"4080"},"4":{"title":"Andhra Prabha - Vijayawada","price":"4080"},"5":{"title":"Andhra Prabha - Visakhapatnam","price":"4080"},"6":{"title":"Andhra Prabha -Guntur","price":"4080"}},"Retail/Shopping":{"0":{"title":"Andhra Prabha - AnantaPur","price":"4080"},"1":{"title":"Andhra Prabha - Hyderabad","price":"6000"},"2":{"title":"Andhra Prabha - Khammam","price":"3000"},"3":{"title":"Andhra Prabha - Nellore","price":"4080"},"4":{"title":"Andhra Prabha - Vijayawada","price":"4080"},"5":{"title":"Andhra Prabha - Visakhapatnam","price":"4080"},"6":{"title":"Andhra Prabha -Guntur","price":"4080"}},"Personal Announcement":{"0":{"title":"Andhra Prabha - AnantaPur","price":"4080"},"1":{"title":"Andhra Prabha - Hyderabad","price":"6000"},"2":{"title":"Andhra Prabha - Khammam","price":"3000"},"3":{"title":"Andhra Prabha - Nellore","price":"4080"},"4":{"title":"Andhra Prabha - Vijayawada","price":"4080"},"5":{"title":"Andhra Prabha - Visakhapatnam","price":"4080"},"6":{"title":"Andhra Prabha -Guntur","price":"4080"}},"Computers and Hardware":{"0":{"title":"Andhra Prabha - AnantaPur","price":"4080"},"1":{"title":"Andhra Prabha - Hyderabad","price":"6000"},"2":{"title":"Andhra Prabha - Khammam","price":"3000"},"3":{"title":"Andhra Prabha - Nellore","price":"4080"},"4":{"title":"Andhra Prabha - Vijayawada","price":"4080"},"5":{"title":"Andhra Prabha - Visakhapatnam","price":"4080"},"6":{"title":"Andhra Prabha -Guntur","price":"4080"}},"Astrology":{"0":{"title":"Andhra Prabha - AnantaPur","price":"4080"},"1":{"title":"Andhra Prabha - Hyderabad","price":"6000"},"2":{"title":"Andhra Prabha - Khammam","price":"3000"},"3":{"title":"Andhra Prabha - Nellore","price":"4080"},"4":{"title":"Andhra Prabha - Vijayawada","price":"4080"},"5":{"title":"Andhra Prabha - Visakhapatnam","price":"4080"},"6":{"title":"Andhra Prabha -Guntur","price":"4080"}},"Vehicles Automobiles":{"0":{"title":"Andhra Prabha - AnantaPur","price":"4080"},"1":{"title":"Andhra Prabha - Hyderabad","price":"6000"},"2":{"title":"Andhra Prabha - Khammam","price":"3000"},"3":{"title":"Andhra Prabha - Nellore","price":"4080"},"4":{"title":"Andhra Prabha - Vijayawada","price":"4080"},"5":{"title":"Andhra Prabha - Visakhapatnam","price":"4080"},"6":{"title":"Andhra Prabha -Guntur","price":"4080"}}}