{"Matrimonial":{"0":{"title":"Andhra Jyoti - AP + Telangana Edition","price":"8200"}},"Marriage Bureau":{"0":{"title":"Andhra Jyoti - AP + Telangana Edition","price":"8200"}},"Change of Name":{"0":{"title":"Andhra Jyoti - AP + Telangana Edition","price":"8200"}},"Recruitment job":{"0":{"title":"Andhra Jyoti - AP + Telangana Edition","price":"8200"}},"Education":{"0":{"title":"Andhra Jyoti - AP + Telangana Edition","price":"8200"}},"property real estate":{"0":{"title":"Andhra Jyoti - AP + Telangana Edition","price":"8200"}},"Lost and Found":{"0":{"title":"Andhra Jyoti - AP + Telangana Edition","price":"8200"}},"Business":{"0":{"title":"Andhra Jyoti - AP + Telangana Edition","price":"8200"}},"Obituary(Death Announcement)":{"0":{"title":"Andhra Jyoti - AP + Telangana Edition","price":"8200"}},"Remembrance(Unforgettable)":{"0":{"title":"Andhra Jyoti - AP + Telangana Edition","price":"8200"}},"public tender notices":{"0":{"title":"Andhra Jyoti - AP + Telangana Edition","price":"8200"}},"Services":{"0":{"title":"Andhra Jyoti - AP + Telangana Edition","price":"8200"}},"Retail/Shopping":{"0":{"title":"Andhra Jyoti - AP + Telangana Edition","price":"8200"}},"Personal Announcement":{"0":{"title":"Andhra Jyoti - AP + Telangana Edition","price":"8200"}},"Computers and Hardware":{"0":{"title":"Andhra Jyoti - AP + Telangana Edition","price":"8200"}},"Astrology":{"0":{"title":"Andhra Jyoti - AP + Telangana Edition ","price":"8200"}},"Vehicles Automobiles":{"0":{"title":"Andhra Jyoti - AP + Telangana Edition","price":"8200"}},"Tours and Travel":{"0":{"title":"Andhra Jyoti - AP + Telangana Edition","price":"8200"}},"Property-Rental":{"0":{"title":"Andhra Jyoti - AP + Telangana Edition","price":"8200"}},"Entertainment":{"0":{"title":"Andhra Jyoti - AP + Telangana Edition","price":"8200"}},"Real Estate Selling":{"0":{"title":"Andhra Jyothi - Anantpur","price":"250"},"1":{"title":"Andhra Jyothi - East Godavari","price":"250"},"2":{"title":"Andhra Jyothi - Guntur","price":"350"}},"Beauty & Wellness":{"0":{"title":"Andhra Jyothi - Anantpur","price":"250"},"1":{"title":"Andhra Jyothi - East Godavari","price":"250"},"2":{"title":"Andhra Jyothi - Guntur","price":"350"},"3":{"title":"Andhra Jyothi - Hyderabad","price":"700"},"4":{"title":"Andhra Jyothi - Karimnagar","price":"700"},"5":{"title":"Andhra Jyothi - Medak","price":"320"},"6":{"title":"Andhra Jyothi - Prakasham","price":"220"},"7":{"title":"Andhra Jyothi - Ranga Reddy","price":"320"},"8":{"title":"Andhra Jyothi - Vijaywada","price":"290"},"9":{"title":"Andhra Jyothi - Visakhapatnam","price":"360"},"10":{"title":"Andhra Jyothi - West Godavari","price":"220"},"11":{"title":"Andhra Jyothi -Srikakulam","price":"200"},"12":{"title":"Andhra Jyoti - Nellore","price":"300"}}}