{"Education":{"0":{"title":"Asomiya Pratidin - All Edition","price":"7600"}},"property real estate":{"0":{"title":"Asomiya Pratidin - All Edition","price":"7600"}},"Lost and Found":{"0":{"title":"Asomiya Pratidin - All Edition","price":"7600"}},"Business":{"0":{"title":"Asomiya Pratidin - All Edition","price":"7600"}},"Obituary(Death Announcement)":{"0":{"title":"Asomiya Pratidin - All Edition","price":"7600"}},"Remembrance(Unforgettable)":{"0":{"title":"Asomiya Pratidin - All Edition","price":"7600"}},"public tender notices":{"0":{"title":"Asomiya Pratidin - All Edition","price":"7600"}},"Services":{"0":{"title":"Asomiya Pratidin - All Edition","price":"7600"}},"Retail/Shopping":{"0":{"title":"Asomiya Pratidin - All Edition","price":"7600"}},"Personal Announcement":{"0":{"title":"Asomiya Pratidin - All Edition","price":"7600"}},"Computers and Hardware":{"0":{"title":"Asomiya Pratidin - All Edition","price":"7600"}},"Astrology":{"0":{"title":"Asomiya Pratidin - All Edition","price":"7600"}},"Vehicles Automobiles":{"0":{"title":"Asomiya Pratidin - All Edition","price":"7600"}},"Tours and Travel":{"0":{"title":"Asomiya Pratidin - All Edition","price":"7600"}},"Property-Rental":{"0":{"title":"Asomiya Pratidin - All Edition","price":"7600"}},"Entertainment":{"0":{"title":"Asomiya Pratidin - All Edition","price":"7600"}},"Real Estate Selling":{"0":{"title":"Asomiya Pratidin - All Edition","price":"7600"}},"Beauty & Wellness":{"0":{"title":"Asomiya Pratidin - All Edition","price":"7600"}},"Call Centre Employees":{"0":{"title":"Asomiya Pratidin - All Edition","price":"7600"}},"Prajapati":{"0":{"title":"Asomiya Pratidin - All Edition","price":"7600"}},"Bungalow For Sale":{"0":{"title":"Asomiya Pratidin - All Edition","price":"7600"}},"For Rent/Lease/To Let":{"0":{"title":"Asomiya Pratidin - All Edition","price":"7600"}},"Outright Sale":{"0":{"title":"Asomiya Pratidin - All Edition","price":"7600"}},"Property Others":{"0":{"title":"Asomiya Pratidin - All Edition","price":"7600"}},"SMS CAMPAIGN":{"0":{"title":"Asomiya Pratidin - All Edition","price":"7600"}}}