{"Recruitment job":{"0":{"title":"Assam Tribune - Guwahati","price":"825"}},"Education":{"0":{"title":"Assam Tribune - Guwahati","price":"825"}},"property real estate":{"0":{"title":"Assam Tribune - Guwahati","price":"825"}},"Lost and Found":{"0":{"title":"Assam Tribune - Guwahati","price":"825"}},"Business":{"0":{"title":"Assam Tribune - Guwahati","price":"825"}},"Obituary(Death Announcement)":{"0":{"title":"Assam Tribune - Guwahati","price":"825"}},"Remembrance(Unforgettable)":{"0":{"title":"Assam Tribune - Guwahati","price":"825"}},"public tender notices":{"0":{"title":"Assam Tribune - Guwahati","price":"825"}},"Services":{"0":{"title":"Assam Tribune - Guwahati","price":"825"}},"Retail/Shopping":{"0":{"title":"Assam Tribune - Guwahati","price":"825"}},"Personal Announcement":{"0":{"title":"Assam Tribune - Guwahati","price":"825"}},"Computers and Hardware":{"0":{"title":"Assam Tribune - Guwahati","price":"825"}},"Astrology":{"0":{"title":"Assam Tribune - Guwahati","price":"825"}},"Vehicles Automobiles":{"0":{"title":"Assam Tribune - Guwahati","price":"825"}},"Tours and Travel":{"0":{"title":"Assam Tribune - Guwahati","price":"825"}},"Property-Rental":{"0":{"title":"Assam Tribune - Guwahati","price":"825"}},"Entertainment":{"0":{"title":"Assam Tribune - Guwahati","price":"825"}},"Real Estate Selling":{"0":{"title":"Assam Tribune - Guwahati","price":"825"}},"Beauty & Wellness":{"0":{"title":"Assam Tribune - Guwahati","price":"825"}},"Call Centre Employees":{"0":{"title":"Assam Tribune - Guwahati","price":"825"}},"Prajapati":{"0":{"title":"Assam Tribune - Guwahati","price":"825"}},"Bungalow For Sale":{"0":{"title":" Assam Tribune - Guwahati","price":"825"}},"For Rent/Lease/To Let":{"0":{"title":"Assam Tribune - Guwahati","price":"863"}},"Outright Sale":{"0":{"title":"Assam Tribune - Guwahati","price":"863"}},"Property Others":{"0":{"title":"Assam Tribune - Guwahati","price":"863"}},"SMS CAMPAIGN":{"0":{"title":"Assam Tribune - Guwahati","price":"863"}}}