{"Matrimonial":{"0":{"title":"Bartman - Kolkata","price":"250"}},"Marriage Bureau":{"0":{"title":"Bartman - Kolkata","price":"250"}},"Change of Name":{"0":{"title":"Bartman - Kolkata","price":"250"}},"Recruitment job":{"0":{"title":"Bartman - Kolkata","price":"250"}},"Education":{"0":{"title":"Bartman - Kolkata","price":"250"}},"property real estate":{"0":{"title":"Bartman - Kolkata","price":"250"}},"Lost and Found":{"0":{"title":"Bartman - Kolkata","price":"250"}},"Business":{"0":{"title":"Bartman - Kolkata","price":"250"}},"Obituary(Death Announcement)":{"0":{"title":"Bartman - Kolkata","price":"250"}},"Remembrance(Unforgettable)":{"0":{"title":"Bartman - Kolkata","price":"250"}},"public tender notices":{"0":{"title":"Bartman - Kolkata","price":"250"}},"Services":{"0":{"title":"Bartman - Kolkata","price":"250"}},"Retail/Shopping":{"0":{"title":"Bartman - Kolkata","price":"250"}},"Personal Announcement":{"0":{"title":"Bartman - Kolkata","price":"250"}},"Computers and Hardware":{"0":{"title":"Bartman - Kolkata","price":"250"}},"Astrology":{"0":{"title":"Bartman - Kolkata","price":"250"}},"Vehicles Automobiles":{"0":{"title":"Bartman - Kolkata","price":"250"}},"Tours and Travel":{"0":{"title":"Bartman - Kolkata","price":"250"}}}