{"Education":{"0":{"title":"Business Standard (English - Kolkata","price":"3000"}},"property real estate":{"0":{"title":"Business Standard (English - Kolkata","price":"3000"}},"Lost and Found":{"0":{"title":"Business Standard (English - Kolkata","price":"3000"}},"Business":{"0":{"title":"Business Standard (English - Kolkata","price":"3000"}},"Obituary(Death Announcement)":{"0":{"title":"Business Standard (English - Kolkata","price":"3000"}},"Remembrance(Unforgettable)":{"0":{"title":"Business Standard (English - Kolkata","price":"3000"}},"public tender notices":{"0":{"title":"Business Standard (English - Kolkata","price":"3000"}},"Services":{"0":{"title":"Business Standard (English - Kolkata","price":"3000"}},"Retail/Shopping":{"0":{"title":"Business Standard (English - Kolkata","price":"3000"}},"Personal Announcement":{"0":{"title":"Business Standard (English - Kolkata","price":"3000"}},"Computers and Hardware":{"0":{"title":"Business Standard (English - Kolkata","price":"3000"}},"Astrology":{"0":{"title":"Business Standard (English - Kolkata","price":"3000"}},"Vehicles Automobiles":{"0":{"title":"Business Standard (English - Kolkata","price":"3000"}},"Tours and Travel":{"0":{"title":"Business Standard (English - Kolkata","price":"3000"}},"Property-Rental":{"0":{"title":"Business Standard (English - Kolkata","price":"3000"}},"Entertainment":{"0":{"title":"Business Standard (English - Kolkata","price":"3000"}},"Real Estate Selling":{"0":{"title":"Business Standard (English) - Delhi","price":"7100"},"1":{"title":"Business Standard (English) -Mumbai","price":"7200"},"2":{"title":"Business Standard (English - Kolkata","price":"3000"}},"Beauty & Wellness":{"0":{"title":"Business Standard (English) - Delhi","price":"7100"},"1":{"title":"Business Standard (English) -Mumbai","price":"7200"},"2":{"title":"Business Standard (English - Kolkata","price":"3000"}}}