{"public tender notices":{"0":{"title":"Business Standard (English ) + Business Standard (Hindi) -\nDelhi & Ncr","price":"5000"},"1":{"title":"Business Standard (Hindi) -Delhi","price":"1600"},"2":{"title":"Business Standard (Hindi) -Kolkata","price":"1400"}},"Services":{"0":{"title":"Business Standard (English ) + Business Standard (Hindi) -\nDelhi & Ncr","price":"5000"},"1":{"title":"Business Standard (Hindi) -Delhi","price":"1600"},"2":{"title":"Business Standard (Hindi) -Kolkata","price":"1400"}},"Retail/Shopping":{"0":{"title":"Business Standard (English ) + Business Standard (Hindi) -\nDelhi & Ncr","price":"5000"},"1":{"title":"Business Standard (Hindi) -Delhi","price":"1600"},"2":{"title":"Business Standard (Hindi) -Kolkata","price":"1400"}},"Personal Announcement":{"0":{"title":"Business Standard (English ) + Business Standard (Hindi) -\nDelhi & Ncr","price":"5000"},"1":{"title":"Business Standard (Hindi) -Delhi","price":"1600"},"2":{"title":"Business Standard (Hindi) -Kolkata","price":"1400"}},"Computers and Hardware":{"0":{"title":"Business Standard (English ) + Business Standard (Hindi) -\nDelhi & Ncr","price":"5000"},"1":{"title":"Business Standard (Hindi) -Delhi","price":"1600"},"2":{"title":"Business Standard (Hindi) -Kolkata","price":"1400"}},"Astrology":{"0":{"title":"Business Standard (English ) + Business Standard (Hindi) -\nDelhi & Ncr","price":"5000"},"1":{"title":"Business Standard (Hindi) -Delhi","price":"1600"},"2":{"title":"Business Standard (Hindi) -Kolkata","price":"1400"}},"Vehicles Automobiles":{"0":{"title":"Business Standard (English ) + Business Standard (Hindi) -\nDelhi & Ncr","price":"5000"},"1":{"title":"Business Standard (Hindi) -Delhi","price":"1600"},"2":{"title":"Business Standard (Hindi) -Kolkata","price":"1400"}},"Tours and Travel":{"0":{"title":"Business Standard (English ) + Business Standard (Hindi) -\nDelhi & Ncr","price":"5000"},"1":{"title":"Business Standard (Hindi) -Delhi","price":"1600"},"2":{"title":"Business Standard (Hindi) -Kolkata","price":"1400"}}}