{"Matrimonial":{"0":{"title":"Daily Excelsior - Jammu Edition","price":"650"}},"Marriage Bureau":{"0":{"title":"Daily Excelsior - Jammu Edition","price":"650"}},"Change of Name":{"0":{"title":"Daily Excelsior - Jammu Edition","price":"650"}},"Recruitment job":{"0":{"title":"Daily Excelsior - Jammu Edition","price":"650"}},"Education":{"0":{"title":"Daily Excelsior - Jammu Edition","price":"650"}},"property real estate":{"0":{"title":"Daily Excelsior - Jammu Edition","price":"650"}},"Lost and Found":{"0":{"title":"Daily Excelsior - Jammu Edition","price":"650"}},"Business":{"0":{"title":"Daily Excelsior - Jammu Edition","price":"650"}},"Obituary(Death Announcement)":{"0":{"title":"Daily Excelsior - Jammu Edition","price":"650"}},"Remembrance(Unforgettable)":{"0":{"title":"Daily Excelsior - Jammu Edition","price":"650"}},"public tender notices":{"0":{"title":"Daily Excelsior - Jammu Edition","price":"650"}},"Services":{"0":{"title":"Daily Excelsior - Jammu Edition","price":"650"}},"Retail/Shopping":{"0":{"title":"Daily Excelsior - Jammu Edition","price":"650"}},"Personal Announcement":{"0":{"title":"Daily Excelsior - Jammu Edition","price":"650"}},"Computers and Hardware":{"0":{"title":"Daily Excelsior - Jammu Edition","price":"650"}},"Astrology":{"0":{"title":"Daily Excelsior - Jammu Edition","price":"650"}},"Vehicles Automobiles":{"0":{"title":"Daily Excelsior - Jammu Edition","price":"650"}},"Tours and Travel":{"0":{"title":"Daily Excelsior - Jammu Edition","price":"750"}},"Property-Rental":{"0":{"title":"Daily Excelsior - Jammu Edition","price":"750"}},"Entertainment":{"0":{"title":"Daily Excelsior - Jammu Edition","price":"750"}},"Real Estate Selling":{"0":{"title":"Daily Excelsior - Jammu Edition","price":"750"}},"Beauty & Wellness":{"0":{"title":"Daily Excelsior - Jammu Edition","price":"750"}},"Call Centre Employees":{"0":{"title":"Daily Excelsior - Jammu Edition","price":"750"}},"Prajapati":{"0":{"title":"Daily Excelsior - Jammu Edition","price":"750"}},"Bungalow For Sale":{"0":{"title":"Daily Excelsior - Jammu Edition","price":"750"}},"For Rent/Lease/To Let":{"0":{"title":"Daily Excelsior - Jammu Edition","price":"750"}},"Outright Sale":{"0":{"title":"Daily Excelsior - Jammu Edition","price":"750"}},"Property Others":{"0":{"title":"Daily Excelsior - Jammu Edition","price":"750"}},"SMS CAMPAIGN":{"0":{"title":"Daily Excelsior - Jammu Edition","price":"750"}}}