{"Education":{"0":{"title":"Jammu","price":"2500"}},"property real estate":{"0":{"title":"Jammu","price":"2500"}},"Lost and Found":{"0":{"title":"Jammu","price":"2500"}},"Business":{"0":{"title":"Jammu","price":"2500"}},"Obituary(Death Announcement)":{"0":{"title":"Jammu","price":"2500"}},"Remembrance(Unforgettable)":{"0":{"title":"Jammu","price":"2500"}},"public tender notices":{"0":{"title":"Jammu","price":"2500"}},"Services":{"0":{"title":"Jammu","price":"2500"}},"Retail/Shopping":{"0":{"title":"Jammu","price":"2500"}},"Personal Announcement":{"0":{"title":"Jammu","price":"2500"}},"Computers and Hardware":{"0":{"title":"Jammu","price":"2500"}},"Astrology":{"0":{"title":"Jammu","price":"2500"}},"Vehicles Automobiles":{"0":{"title":"Jammu","price":"2500"}},"Tours and Travel":{"0":{"title":"Jammu","price":"2500"}},"Property-Rental":{"0":{"title":"Jammu","price":"2500"}},"Entertainment":{"0":{"title":"Jammu","price":"2500"}}}