{"Recruitment job":{"0":{"title":"Daily Thanthi - Cuddalore","price":"69"},"1":{"title":"Daily Thanthi - Trichy","price":"200"}},"Education":{"0":{"title":"Daily Thanthi - Cuddalore","price":"69"},"1":{"title":"Daily Thanthi - Trichy","price":"200"}},"property real estate":{"0":{"title":"Daily Thanthi - Cuddalore","price":"69"},"1":{"title":"Daily Thanthi - Trichy","price":"200"}},"Lost and Found":{"0":{"title":"Daily Thanthi - Cuddalore","price":"69"},"1":{"title":"Daily Thanthi - Trichy","price":"200"}},"Business":{"0":{"title":"Daily Thanthi - Cuddalore","price":"69"},"1":{"title":"Daily Thanthi - Trichy","price":"200"}},"Obituary(Death Announcement)":{"0":{"title":"Daily Thanthi - Cuddalore","price":"69"},"1":{"title":"Daily Thanthi - Trichy","price":"200"}},"Remembrance(Unforgettable)":{"0":{"title":"Daily Thanthi - Cuddalore","price":"69"},"1":{"title":"Daily Thanthi - Trichy","price":"200"}},"public tender notices":{"0":{"title":"Daily Thanthi - Cuddalore","price":"69"},"1":{"title":"Daily Thanthi - Trichy","price":"200"}},"Services":{"0":{"title":"Daily Thanthi - Cuddalore","price":"69"},"1":{"title":"Daily Thanthi - Trichy","price":"200"}},"Retail/Shopping":{"0":{"title":"Daily Thanthi - Cuddalore","price":"69"},"1":{"title":"Daily Thanthi - Trichy","price":"200"}},"Personal Announcement":{"0":{"title":"Daily Thanthi - Cuddalore","price":"69"},"1":{"title":"Daily Thanthi - Trichy","price":"200"}},"Computers and Hardware":{"0":{"title":"Daily Thanthi - Cuddalore","price":"69"},"1":{"title":"Daily Thanthi - Trichy","price":"200"}},"Astrology":{"0":{"title":"Daily Thanthi - Cuddalore","price":"69"},"1":{"title":"Daily Thanthi - Trichy","price":"200"}},"Vehicles Automobiles":{"0":{"title":"Daily Thanthi - All Editions","price":"3030"},"1":{"title":"Daily Thanthi - Bangalore","price":"96"},"2":{"title":"Daily Thanthi - Chennai","price":"1230"},"3":{"title":"Daily Thanthi - Coimbatore","price":"336"},"4":{"title":"Daily Thanthi - Cuddalore","price":"183"},"5":{"title":"Daily Thanthi - Dindigul","price":"165"},"6":{"title":"Daily Thanthi - Erode","price":"168"},"7":{"title":"Daily Thanthi - Madurai","price":"309"},"8":{"title":"Daily Thanthi - Mumbai","price":"60"},"9":{"title":"Daily Thanthi - Nagercoil","price":"204"},"10":{"title":"Daily Thanthi - Puducherry","price":"180"},"11":{"title":"Daily Thanthi - Salem","price":"303"},"12":{"title":"Daily Thanthi - Tanjore","price":"258"},"13":{"title":"Daily Thanthi - Tirunelveli","price":"270"},"14":{"title":"Daily Thanthi - Tiruppur","price":"150"},"15":{"title":"Daily Thanthi - Trichy","price":"258"},"16":{"title":"Daily Thanthi - Vellore","price":"210"}},"Tours and Travel":{"0":{"title":"Daily Thanthi - All Editions","price":"3030"},"1":{"title":"Daily Thanthi - Bangalore","price":"96"},"2":{"title":"Daily Thanthi - Chennai","price":"1230"},"3":{"title":"Daily Thanthi - Coimbatore","price":"336"},"4":{"title":"Daily Thanthi - Cuddalore","price":"183"},"5":{"title":"Daily Thanthi - Dindigul","price":"165"},"6":{"title":"Daily Thanthi - Erode","price":"168"},"7":{"title":"Daily Thanthi - Madurai","price":"309"},"8":{"title":"Daily Thanthi - Mumbai","price":"60"},"9":{"title":"Daily Thanthi - Nagercoil","price":"120"},"10":{"title":"Daily Thanthi - Puducherry","price":"114"},"11":{"title":"Daily Thanthi - Salem","price":"174"},"12":{"title":"Daily Thanthi - Tanjore","price":"150"},"13":{"title":"Daily Thanthi - Tirunelveli","price":"156"},"14":{"title":"Daily Thanthi - Tiruppur","price":"84"},"15":{"title":"Daily Thanthi - Trichy","price":"150"},"16":{"title":"Daily Thanthi - Vellore","price":"126"}},"Property-Rental":{"0":{"title":"Daily Thanthi - All Editions","price":"1710"},"1":{"title":"Daily Thanthi - Bangalore","price":"93"},"2":{"title":"Daily Thanthi - Chennai","price":"741"},"3":{"title":"Daily Thanthi - Coimbatore","price":"186"},"4":{"title":"Daily Thanthi - Cuddalore","price":"114"},"5":{"title":"Daily Thanthi - Dindigul","price":"96"},"6":{"title":"Daily Thanthi - Erode","price":"99"},"7":{"title":"Daily Thanthi - Madurai","price":"180"},"8":{"title":"Daily Thanthi - Mumbai","price":"60"},"9":{"title":"Daily Thanthi - Nagercoil","price":"120"},"10":{"title":"Daily Thanthi - Puducherry","price":"114"},"11":{"title":"Daily Thanthi - Salem","price":"174"},"12":{"title":"Daily Thanthi - Tanjore","price":"150"},"13":{"title":"Daily Thanthi - Tirunelveli","price":"201"},"14":{"title":"Daily Thanthi - Tiruppur","price":"111"},"15":{"title":"Daily Thanthi - Trichy","price":"198"},"16":{"title":"Daily Thanthi - Vellore","price":"156"}},"Entertainment":{"0":{"title":"Daily Thanthi - All Editions","price":"1605"},"1":{"title":"Daily Thanthi - Bangalore","price":"90"},"2":{"title":"Daily Thanthi - Chennai","price":"690"}}}