{"Education":{"0":{"title":"Herald + Dainik Herald - Goa","price":"400"}},"property real estate":{"0":{"title":"Herald + Dainik Herald - Goa","price":"400"}},"Lost and Found":{"0":{"title":"Herald + Dainik Herald - Goa","price":"400"}},"Business":{"0":{"title":"Herald + Dainik Herald - Goa","price":"400"}},"Obituary(Death Announcement)":{"0":{"title":"Herald + Dainik Herald - Goa","price":"400"}},"Remembrance(Unforgettable)":{"0":{"title":"Herald + Dainik Herald - Goa","price":"400"}},"public tender notices":{"0":{"title":"Herald + Dainik Herald - Goa","price":"400"}},"Services":{"0":{"title":"Herald + Dainik Herald - Goa","price":"400"}},"Retail/Shopping":{"0":{"title":"Herald + Dainik Herald - Goa","price":"400"}},"Personal Announcement":{"0":{"title":"Herald + Dainik Herald - Goa","price":"400"}},"Computers and Hardware":{"0":{"title":"Herald + Dainik Herald - Goa","price":"400"}},"Astrology":{"0":{"title":"Herald + Dainik Herald - Goa","price":"400"}},"Vehicles Automobiles":{"0":{"title":"Herald + Dainik Herald - Goa","price":"400"}},"Tours and Travel":{"0":{"title":"Herald + Dainik Herald - Goa","price":"400"}},"Property-Rental":{"0":{"title":"Herald + Dainik Herald - Goa","price":"400"}}}