{"Matrimonial":{"0":{"title":"Dainik Savera Times - All Edition (Punjab, Haryana, Himachal, Chandigarh, Jammu and Delhi)","price":"360"}},"Marriage Bureau":{"0":{"title":"Dainik Savera Times - All Edition (Punjab, Haryana, Himachal, Chandigarh, Jammu and Delhi)","price":"360"}},"Change of Name":{"0":{"title":"Dainik Savera Times - All Edition (Punjab, Haryana, Himachal, Chandigarh, Jammu and Delhi)","price":"360"}},"Recruitment job":{"0":{"title":"Dainik Savera Times - All Edition (Punjab, Haryana, Himachal, Chandigarh, Jammu and Delhi)","price":"360"}},"Education":{"0":{"title":"Dainik Savera Times - All Edition (Punjab, Haryana, Himachal, Chandigarh, Jammu and Delhi)","price":"360"}},"property real estate":{"0":{"title":"Dainik Savera Times - All Edition (Punjab, Haryana, Himachal, Chandigarh, Jammu and Delhi)","price":"360"}},"Lost and Found":{"0":{"title":"Dainik Savera Times - All Edition (Punjab, Haryana, Himachal, Chandigarh, Jammu and Delhi)","price":"360"}},"Business":{"0":{"title":"Dainik Savera Times - All Edition (Punjab, Haryana, Himachal, Chandigarh, Jammu and Delhi)","price":"360"}},"Obituary(Death Announcement)":{"0":{"title":"Dainik Savera Times - All Edition (Punjab, Haryana, Himachal, Chandigarh, Jammu and Delhi)","price":"360"}},"Remembrance(Unforgettable)":{"0":{"title":"Dainik Savera Times - All Edition (Punjab, Haryana, Himachal, Chandigarh, Jammu and Delhi)","price":"360"}},"public tender notices":{"0":{"title":"Dainik Savera Times - All Edition (Punjab, Haryana, Himachal, Chandigarh, Jammu and Delhi)","price":"360"}},"Services":{"0":{"title":"Dainik Savera Times - All Edition (Punjab, Haryana, Himachal, Chandigarh, Jammu and Delhi)","price":"360"}},"Retail/Shopping":{"0":{"title":"Dainik Savera Times - All Edition (Punjab, Haryana, Himachal, Chandigarh, Jammu and Delhi)","price":"360"}},"Personal Announcement":{"0":{"title":"Dainik Savera Times - All Edition (Punjab, Haryana, Himachal, Chandigarh, Jammu and Delhi)","price":"360"}},"Computers and Hardware":{"0":{"title":"Dainik Savera Times - All Edition (Punjab, Haryana, Himachal, Chandigarh, Jammu and Delhi)","price":"360"}},"Astrology":{"0":{"title":"Dainik Savera Times - All Edition (Punjab, Haryana, Himachal, Chandigarh, Jammu and Delhi)","price":"360"}},"Vehicles Automobiles":{"0":{"title":"Dainik Savera Times - All Edition (Punjab, Haryana, Himachal, Chandigarh, Jammu and Delhi)","price":"360"}},"Tours and Travel":{"0":{"title":"Dainik Savera Times - All Edition (Punjab, Haryana, Himachal, Chandigarh, Jammu and Delhi)","price":"360"}},"Property-Rental":{"0":{"title":"Dainik Savera Times - All Edition (Punjab, Haryana, Himachal, Chandigarh, Jammu and Delhi)","price":"360"}},"Entertainment":{"0":{"title":"Dainik Savera Times - All Edition (Punjab, Haryana, Himachal, Chandigarh, Jammu and Delhi)","price":"360"}},"Real Estate Selling":{"0":{"title":"Dainik Savera Times - All Edition (Punjab, Haryana, Himachal, Chandigarh, Jammu and Delhi)","price":"360"}},"Beauty & Wellness":{"0":{"title":"Dainik Savera Times - All Edition (Punjab, Haryana, Himachal, Chandigarh, Jammu and Delhi)","price":"360"}},"Call Centre Employees":{"0":{"title":"Dainik Savera Times - All Edition (Punjab, Haryana, Himachal, Chandigarh, Jammu and Delhi)","price":"1700"}},"Prajapati":{"0":{"title":"Dainik Savera Times - All Edition (Punjab, Haryana, Himachal, Chandigarh, Jammu and Delhi)","price":"1700"}},"Bungalow For Sale":{"0":{"title":"Dainik Savera Times - All Edition (Punjab, Haryana, Himachal, Chandigarh, Jammu and Delhi)","price":"1700"}},"For Rent/Lease/To Let":{"0":{"title":"Dainik Savera Times - All Edition (Punjab, Haryana, Himachal, Chandigarh, Jammu and Delhi)","price":"1700"}},"Outright Sale":{"0":{"title":"Dainik Savera Times - All Edition (Punjab, Haryana, Himachal, Chandigarh, Jammu and Delhi)","price":"1700"}},"Property Others":{"0":{"title":"Dainik Savera Times - All Edition (Punjab, Haryana, Himachal, Chandigarh, Jammu and Delhi)","price":"1700"}},"SMS CAMPAIGN":{"0":{"title":"Dainik Savera Times - All Edition (Punjab, Haryana, Himachal, Chandigarh, Jammu and Delhi)","price":"360"}}}