{"Obituary(Death Announcement)":{"0":{"title":"Dainik Dabang Duniya -Indore","price":"25000"}},"Remembrance(Unforgettable)":{"0":{"title":"Dainik Dabang Duniya -Indore","price":"25000"}},"public tender notices":{"0":{"title":"Dainik Dabang Duniya -Indore","price":"25000"}},"Services":{"0":{"title":"Dainik Dabang Duniya -Indore","price":"25000"}},"Retail/Shopping":{"0":{"title":"Dainik Dabang Duniya -Indore","price":"25000"}},"Personal Announcement":{"0":{"title":"Dainik Dabang Duniya -Indore","price":"25000"}},"Computers and Hardware":{"0":{"title":"Dainik Dabang Duniya -Indore","price":"25000"}},"Astrology":{"0":{"title":"Dainik Dabang Duniya -Indore","price":"25000"}}}