{"Matrimonial":{"0":{"title":"The Tribune + Dainik Tribune - All Edition","price":"660"},"1":{"title":"The Tribune + Dainik Tribune + Punjabi Tribune - All Edition","price":"825"},"2":{"title":"Dainik Tribune - All Editions","price":"270"},"3":{"title":"DAINIK TRIBUNE + PUNJABI TRIBUNE - ALL EDITION","price":"480"}},"Marriage Bureau":{"0":{"title":"The Tribune + Dainik Tribune - All Edition","price":"660"},"1":{"title":"The Tribune + Dainik Tribune + Punjabi Tribune - All Edition","price":"825"},"2":{"title":"Dainik Tribune - All Editions","price":"270"},"3":{"title":"DAINIK TRIBUNE + PUNJABI TRIBUNE - ALL EDITION","price":"480"}},"Change of Name":{"0":{"title":"The Tribune + Dainik Tribune - All Edition","price":"660"},"1":{"title":"The Tribune + Dainik Tribune + Punjabi Tribune - All Edition","price":"825"},"2":{"title":"Dainik Tribune - All Editions","price":"270"},"3":{"title":"DAINIK TRIBUNE + PUNJABI TRIBUNE - ALL EDITION","price":"480"}},"Recruitment job":{"0":{"title":"The Tribune + Dainik Tribune - All Edition","price":"660"},"1":{"title":"The Tribune + Dainik Tribune + Punjabi Tribune - All Edition","price":"825"},"2":{"title":"Dainik Tribune - All Editions","price":"270"},"3":{"title":"DAINIK TRIBUNE + PUNJABI TRIBUNE - ALL EDITION","price":"480"}},"Education":{"0":{"title":"The Tribune + Dainik Tribune - All Edition","price":"660"},"1":{"title":"The Tribune + Dainik Tribune + Punjabi Tribune - All Edition","price":"825"},"2":{"title":"Dainik Tribune - All Editions","price":"270"},"3":{"title":"DAINIK TRIBUNE + PUNJABI TRIBUNE - ALL EDITION","price":"480"}},"property real estate":{"0":{"title":"The Tribune + Dainik Tribune - All Edition","price":"660"},"1":{"title":"The Tribune + Dainik Tribune + Punjabi Tribune - All Edition","price":"825"},"2":{"title":"Dainik Tribune - All Editions","price":"270"},"3":{"title":"DAINIK TRIBUNE + PUNJABI TRIBUNE - ALL EDITION","price":"480"}},"Lost and Found":{"0":{"title":"The Tribune + Dainik Tribune - All Edition ","price":"660"},"1":{"title":"The Tribune + Dainik Tribune + Punjabi Tribune - All Edition","price":"825"},"2":{"title":"Dainik Tribune - All Editions","price":"270"},"3":{"title":"DAINIK TRIBUNE + PUNJABI TRIBUNE - ALL EDITION","price":"480"}},"Business":{"0":{"title":"The Tribune + Dainik Tribune - All Edition","price":"660"},"1":{"title":"The Tribune + Dainik Tribune + Punjabi Tribune - All Edition","price":"825"},"2":{"title":"Dainik Tribune - All Editions","price":"270"},"3":{"title":"DAINIK TRIBUNE + PUNJABI TRIBUNE - ALL EDITION","price":"480"}},"Obituary(Death Announcement)":{"0":{"title":"The Tribune + Dainik Tribune - All Edition","price":"660"},"1":{"title":"The Tribune + Dainik Tribune + Punjabi Tribune - All Edition","price":"825"},"2":{"title":"Dainik Tribune - All Editions","price":"270"},"3":{"title":"DAINIK TRIBUNE + PUNJABI TRIBUNE - ALL EDITION","price":"480"}},"Remembrance(Unforgettable)":{"0":{"title":"The Tribune + Dainik Tribune - All Edition","price":"660"},"1":{"title":"The Tribune + Dainik Tribune + Punjabi Tribune - All Edition","price":"825"},"2":{"title":"Dainik Tribune - All Editions","price":"270"},"3":{"title":"DAINIK TRIBUNE + PUNJABI TRIBUNE - ALL EDITION","price":"480"}},"public tender notices":{"0":{"title":"The Tribune + Dainik Tribune - All Edition","price":"660"},"1":{"title":"The Tribune + Dainik Tribune + Punjabi Tribune - All Edition","price":"825"},"2":{"title":"Dainik Tribune - All Editions","price":"270"},"3":{"title":"DAINIK TRIBUNE + PUNJABI TRIBUNE - ALL EDITION","price":"480"}},"Services":{"0":{"title":"The Tribune + Dainik Tribune - All Edition","price":"660"},"1":{"title":"The Tribune + Dainik Tribune + Punjabi Tribune - All Edition","price":"825"},"2":{"title":"Dainik Tribune - All Editions","price":"270"},"3":{"title":"DAINIK TRIBUNE + PUNJABI TRIBUNE - ALL EDITION","price":"480"}},"Retail/Shopping":{"0":{"title":"The Tribune + Dainik Tribune - All Edition","price":"660"},"1":{"title":"The Tribune + Dainik Tribune + Punjabi Tribune - All Edition","price":"825"},"2":{"title":"Dainik Tribune - All Editions","price":"270"},"3":{"title":"DAINIK TRIBUNE + PUNJABI TRIBUNE - ALL EDITION","price":"480"}},"Personal Announcement":{"0":{"title":"The Tribune + Dainik Tribune - All Edition","price":"660"},"1":{"title":"The Tribune + Dainik Tribune + Punjabi Tribune - All Edition","price":"825"},"2":{"title":"Dainik Tribune - All Editions","price":"270"},"3":{"title":"DAINIK TRIBUNE + PUNJABI TRIBUNE - ALL EDITION","price":"480"}},"Computers and Hardware":{"0":{"title":"The Tribune + Dainik Tribune - All Edition","price":"660"},"1":{"title":"The Tribune + Dainik Tribune + Punjabi Tribune - All Edition","price":"825"},"2":{"title":"Dainik Tribune - All Editions","price":"270"},"3":{"title":"DAINIK TRIBUNE + PUNJABI TRIBUNE - ALL EDITION","price":"480"},"4":{"title":"Dainik Tribune - Rohtak","price":"10"}},"Vehicles Automobiles":{"0":{"title":"The Tribune + Dainik Tribune - All Edition","price":"660"},"1":{"title":"The Tribune + Dainik Tribune + Punjabi Tribune - All Edition","price":"825"},"2":{"title":"Dainik Tribune - All Editions","price":"270"},"3":{"title":"DAINIK TRIBUNE + PUNJABI TRIBUNE - ALL EDITION","price":"480"}},"Tours and Travel":{"0":{"title":"The Tribune + Dainik Tribune - All Edition","price":"660"},"1":{"title":"The Tribune + Dainik Tribune + Punjabi Tribune - All Edition","price":"825"},"2":{"title":"Dainik Tribune - All Editions","price":"270"},"3":{"title":"DAINIK TRIBUNE + PUNJABI TRIBUNE - ALL EDITION","price":"480"}},"Property-Rental":{"0":{"title":"The Tribune + Dainik Tribune - All Edition","price":"660"},"1":{"title":"The Tribune + Dainik Tribune + Punjabi Tribune - All Edition","price":"825"},"2":{"title":"Dainik Tribune - All Editions","price":"270"},"3":{"title":"DAINIK TRIBUNE + PUNJABI TRIBUNE - ALL EDITION","price":"480"}},"Entertainment":{"0":{"title":"The Tribune + Dainik Tribune - All Edition","price":"660"},"1":{"title":"The Tribune + Dainik Tribune + Punjabi Tribune - All Edition","price":"825"},"2":{"title":"Dainik Tribune - All Editions","price":"270"},"3":{"title":"DAINIK TRIBUNE + PUNJABI TRIBUNE - ALL EDITION","price":"480"}},"Real Estate Selling":{"0":{"title":"The Tribune + Dainik Tribune - All Edition","price":"660"},"1":{"title":"The Tribune + Dainik Tribune + Punjabi Tribune - All Edition","price":"825"},"2":{"title":"Dainik Tribune - All Editions","price":"270"},"3":{"title":"DAINIK TRIBUNE + PUNJABI TRIBUNE - ALL EDITION","price":"480"}},"Beauty & Wellness":{"0":{"title":"The Tribune + Dainik Tribune - All Edition","price":"660"},"1":{"title":"The Tribune + Dainik Tribune + Punjabi Tribune - All Edition","price":"825"},"2":{"title":"Dainik Tribune - All Editions","price":"270"},"3":{"title":"DAINIK TRIBUNE + PUNJABI TRIBUNE - ALL EDITION","price":"480"}},"Call Centre Employees":{"0":{"title":"The Tribune + Dainik Tribune - All Edition ","price":"660"},"1":{"title":"The Tribune + Dainik Tribune + Punjabi Tribune - All Edition","price":"825"},"2":{"title":"Dainik Tribune - All Editions","price":"270"},"3":{"title":"DAINIK TRIBUNE + PUNJABI TRIBUNE - ALL EDITION","price":"480"}},"Prajapati":{"0":{"title":"The Tribune + Dainik Tribune - All Edition","price":"660"},"1":{"title":"The Tribune + Dainik Tribune + Punjabi Tribune - All Edition","price":"825"},"2":{"title":"Dainik Tribune - All Editions","price":"270"},"3":{"title":"DAINIK TRIBUNE + PUNJABI TRIBUNE - ALL EDITION","price":"480"}}}