{"Matrimonial":{"0":{"title":"Dainik Jagran - Delhi Ncr, Haryana","price":"1095"},"1":{"title":"Dainik Jagran - Uttarakhand","price":"660"},"2":{"title":"Dainik Jagran - Bihar + Jharkhnad + W.Bengal","price":"1010"},"3":{"title":"Dainik Jagran - U.P + Uttrakhand + Nai Dunia - MP","price":"3465"},"4":{"title":"Dainik Jagran - UP, UTT, Bihar, Jharkhand, Delhi Ncr, Haryana, Punjab, Himachal Pradesh, Jammu, W.Bengal + Nai Dunia - M.P","price":"4100"},"5":{"title":"Dainik Jagran - Eastern UP + Bihar","price":"2035"},"6":{"title":"Dainik Jagran - Bihar + Jharkhand","price":"890"},"7":{"title":"Dainik Jagran - Delhi NCR","price":"665"},"8":{"title":"Dainik Jagran - Greater Punjab, Jammu and Kashmir, Himachal Pradesh","price":"470"}},"Marriage Bureau":{"0":{"title":"Dainik Jagran - Delhi Ncr, Haryana","price":"1095"},"1":{"title":"Dainik Jagran - Uttarakhand","price":"660"},"2":{"title":"Dainik Jagran - Bihar + Jharkhnad + W.Bengal","price":"1010"},"3":{"title":"Dainik Jagran - U.P + Uttrakhand + Nai Dunia - MP","price":"3465"},"4":{"title":"Dainik Jagran - UP, UTT, Bihar, Jharkhand, Delhi Ncr, Haryana, Punjab, Himachal Pradesh, Jammu, W.Bengal + Nai Dunia - M.P","price":"4100"},"5":{"title":"Dainik Jagran - Eastern UP + Bihar","price":"2035"},"6":{"title":"Dainik Jagran - Bihar + Jharkhand","price":"890"},"7":{"title":"Dainik Jagran - Delhi NCR","price":"665"},"8":{"title":"Dainik Jagran - Greater Punjab, Jammu and Kashmir, Himachal Pradesh","price":"470"}},"Change of Name":{"0":{"title":"Dainik Jagran - Delhi Ncr, Haryana","price":"1095"},"1":{"title":"Dainik Jagran - Uttarakhand","price":"660"},"2":{"title":"Dainik Jagran - Bihar + Jharkhnad + W.Bengal","price":"1010"},"3":{"title":"Dainik Jagran - U.P + Uttrakhand + Nai Dunia - MP","price":"3465"},"4":{"title":"Dainik Jagran - UP, UTT, Bihar, Jharkhand, Delhi Ncr, Haryana, Punjab, Himachal Pradesh, Jammu, W.Bengal + Nai Dunia - M.P","price":"4100"},"5":{"title":"Dainik Jagran - Eastern UP + Bihar","price":"2035"},"6":{"title":"Dainik Jagran - Bihar + Jharkhand","price":"890"},"7":{"title":"Dainik Jagran - Delhi NCR","price":"665"},"8":{"title":"Dainik Jagran - Greater Punjab, Jammu and Kashmir, Himachal Pradesh","price":"470"}},"Recruitment job":{"0":{"title":"Dainik Jagran - Delhi Ncr, Haryana","price":"1095"},"1":{"title":"Dainik Jagran - Uttarakhand","price":"660"},"2":{"title":"Dainik Jagran - Bihar + Jharkhnad + W.Bengal","price":"1010"},"3":{"title":"Dainik Jagran - U.P + Uttrakhand + Nai Dunia - MP","price":"3465"},"4":{"title":"Dainik Jagran - UP, UTT, Bihar, Jharkhand, Delhi Ncr, Haryana, Punjab, Himachal Pradesh, Jammu, W.Bengal + Nai Dunia - M.P","price":"4100"},"5":{"title":"Dainik Jagran - Eastern UP + Bihar","price":"2035"},"6":{"title":"Dainik Jagran - Bihar + Jharkhand","price":"890"},"7":{"title":"Dainik Jagran - Delhi NCR","price":"665"},"8":{"title":"Dainik Jagran - Greater Punjab, Jammu and Kashmir, Himachal Pradesh","price":"470"}},"Education":{"0":{"title":"Dainik Jagran - Delhi Ncr, Haryana","price":"1095"},"1":{"title":"Dainik Jagran - Uttarakhand","price":"660"},"2":{"title":"Dainik Jagran - Bihar + Jharkhnad + W.Bengal","price":"1010"},"3":{"title":"Dainik Jagran - U.P + Uttrakhand + Nai Dunia - MP","price":"3465"},"4":{"title":"Dainik Jagran - UP, UTT, Bihar, Jharkhand, Delhi Ncr, Haryana, Punjab, Himachal Pradesh, Jammu, W.Bengal + Nai Dunia - M.P","price":"4100"},"5":{"title":"Dainik Jagran - Eastern UP + Bihar","price":"2035"},"6":{"title":"Dainik Jagran - Bihar + Jharkhand","price":"890"},"7":{"title":"Dainik Jagran - Delhi NCR","price":"665"},"8":{"title":"Dainik Jagran - Greater Punjab, Jammu and Kashmir, Himachal Pradesh","price":"470"}},"property real estate":{"0":{"title":"Dainik Jagran - Delhi Ncr, Haryana","price":"1185"},"1":{"title":"Dainik Jagran - Uttarakhand","price":"815"},"2":{"title":"Dainik Jagran - Bihar + Jharkhnad + W.Bengal","price":"1115"},"3":{"title":"Dainik Jagran - U.P + Uttrakhand + Nai Dunia - MP","price":"3805"},"4":{"title":"Dainik Jagran - UP, UTT, Bihar, Jharkhand, Delhi Ncr, Haryana, Punjab, Himachal Pradesh, Jammu, W.Bengal + Nai Dunia - M.P ","price":"550"},"5":{"title":"Dainik Jagran - Bhagalpur","price":"390"},"6":{"title":"Dainik Jagran - Dehradun","price":"450"},"7":{"title":"Dainik Jagran - Delhi","price":"815"},"8":{"title":"Dainik Jagran - Dhanbad","price":"236"}},"Lost and Found":{"0":{"title":"Dainik Jagran - Delhi","price":"228"},"1":{"title":"Dainik Jagran - Agra","price":"500"},"2":{"title":"Dainik Jagran - Aligarh","price":"385"},"3":{"title":"Dainik Jagran - Allahabad(Prayagraj)","price":"300"},"4":{"title":"Dainik Jagran - Bareilly","price":"550"},"5":{"title":"Dainik Jagran - Bhagalpur","price":"390"},"6":{"title":"Dainik Jagran - Dehradun","price":"450"},"7":{"title":"Dainik Jagran - Delhi","price":"815"},"8":{"title":"Dainik Jagran - Dhanbad","price":"236"},"9":{"title":"Dainik Jagran - Dharamshala","price":"100"},"10":{"title":"Dainik Jagran - Gorakhpur","price":"390"},"11":{"title":"Dainik Jagran - Gurgaon","price":"815"},"12":{"title":"Dainik Jagran - Hisar","price":"500"},"13":{"title":"Dainik Jagran - Jalandhar","price":"200"},"14":{"title":"Dainik Jagran - Jammu","price":"100"},"15":{"title":"Dainik Jagran - Jamshedpur","price":"200"},"16":{"title":"Dainik Jagran - Kanpur","price":"700"},"17":{"title":"Dainik Jagran - Lucknow","price":"600"},"18":{"title":"Dainik Jagran - Allahabad(Prayagraj)","price":"925"},"19":{"title":"Dainik Jagran - Bareilly","price":"900"},"20":{"title":"Dainik Jagran - Bhagalpur","price":"784"},"21":{"title":"Dainik Jagran - Dehradun","price":"800"},"22":{"title":"Dainik Jagran - Delhi","price":"1535"},"23":{"title":"Dainik Jagran - Dhanbad","price":"475"},"24":{"title":"Dainik Jagran - Dharamshala","price":"92"},"25":{"title":"Dainik Jagran - Gorakhpur","price":"790"},"26":{"title":"Dainik Jagran - Hisar","price":"270"},"27":{"title":"Dainik Jagran - Jalandhar","price":"390"},"28":{"title":"Dainik Jagran - Jammu","price":"92"},"29":{"title":"Dainik Jagran - Jamshedpur","price":"363"},"30":{"title":"Dainik Jagran - Kanpur","price":"1390"}},"Business":{"0":{"title":"Dainik Jagran - Delhi Ncr, Haryana","price":"1733"},"1":{"title":"Dainik Jagran - Delhi Ncr, Haryana, Punjab, Jammu, Kashmir, H.P","price":"2426"},"2":{"title":"Dainik Jagran\nAll Haryana Package","price":"830"},"3":{"title":"Dainik Jagran - Punjab Package","price":"578"},"4":{"title":"Dainik Jagran\nHaryana, Punjab, Jammu and Kashmir, Himachal Pradesh","price":"1000"},"5":{"title":"Dainik Jagran - Uttarakhand","price":"880"},"6":{"title":"Dainik Jagran - Western UP","price":"2700"},"7":{"title":"Dainik Jagran - Bihar + Jharkhnad + W.Bengal","price":"2354"},"8":{"title":"Dainik Jagran - Bihar","price":"1650"},"9":{"title":"Dainik Jagran\nJharkhand Package","price":"840"},"10":{"title":"Dainik Jagran - U.P + Uttrakhand + Nai Dunia - MP","price":"7465"},"11":{"title":"Dainik Jagran - Central UP","price":"1980"},"12":{"title":"Dainik Jagran - Eastern UP","price":"2160"},"13":{"title":"Dainik Jagran\nUttar Pradesh","price":"6999"},"14":{"title":"Dainik Jagran - UP, UTT, Bihar, Jharkhand, Delhi Ncr, Haryana, Punjab, Himachal Pradesh, Jammu, W.Bengal + Nai Dunia - M.P","price":"10500"},"15":{"title":"Dainik Jagran - Western UP + Uttarakhand","price":"3622"},"16":{"title":"Dainik Jagran - Agra","price":"1000"},"17":{"title":"Dainik Jagran - Aligarh","price":"600"},"18":{"title":"Dainik Jagran - Allahabad(Prayagraj)","price":"925"},"19":{"title":"Dainik Jagran - Bareilly","price":"900"},"20":{"title":"Dainik Jagran - Bhagalpur","price":"784"},"21":{"title":"Dainik Jagran - Dehradun","price":"800"},"22":{"title":"Dainik Jagran - Delhi","price":"1535"},"23":{"title":"Dainik Jagran - Dhanbad","price":"475"},"24":{"title":"Dainik Jagran - Dharamshala","price":"92"},"25":{"title":"Dainik Jagran - Gorakhpur","price":"790"},"26":{"title":"Dainik Jagran - Hisar","price":"270"},"27":{"title":"Dainik Jagran - Jalandhar","price":"390"},"28":{"title":"Dainik Jagran - Jammu","price":"92"},"29":{"title":"Dainik Jagran - Jamshedpur","price":"363"},"30":{"title":"Dainik Jagran - Kanpur","price":"1390"},"31":{"title":"Dainik Jagran - Lucknow","price":"1400"},"32":{"title":"Dainik Jagran - Ludhiana","price":"390"},"33":{"title":"Dainik Jagran - Meerut","price":"1200"},"34":{"title":"Dainik Jagran - Moradabad","price":"800"},"35":{"title":"Dainik Jagran - Muzaffarpur","price":"648"},"36":{"title":"Dainik Jagran - Nainital","price":"660"},"37":{"title":"Dainik Jagran - Panipat","price":"365"},"38":{"title":"Dainik Jagran - Patna","price":"1242"},"39":{"title":"Dainik Jagran - Ranchi","price":"456"},"40":{"title":"Dainik Jagran - Siliguri","price":"121"},"41":{"title":"Dainik Jagran - Varanasi","price":"1210"}},"Obituary(Death Announcement)":{"0":{"title":"Dainik Jagran - Delhi","price":"228"},"1":{"title":"Dainik Jagran - Agra","price":"500"},"2":{"title":"Dainik Jagran - Aligarh","price":"385"},"3":{"title":"Dainik Jagran - Allahabad(Prayagraj)","price":"300"},"4":{"title":"Dainik Jagran - Bareilly","price":"550"},"5":{"title":"Dainik Jagran - Bhagalpur","price":"380"},"6":{"title":"Dainik Jagran - Dehradun","price":"350"},"7":{"title":"Dainik Jagran - Delhi","price":"238"},"8":{"title":"Dainik Jagran - Dhanbad","price":"236"},"9":{"title":"Dainik Jagran - Dharamshala","price":"150"},"10":{"title":"Dainik Jagran - Gorakhpur","price":"355"},"11":{"title":"Dainik Jagran - Gurgaon","price":"190"},"12":{"title":"Dainik Jagran - Hisar","price":"500"},"13":{"title":"Dainik Jagran - Jalandhar","price":"190"},"14":{"title":"Dainik Jagran - Jammu","price":"150"},"15":{"title":"Dainik Jagran - Jamshedpur","price":"200"},"16":{"title":"Dainik Jagran - Kanpur","price":"640"},"17":{"title":"Dainik Jagran - Lucknow","price":"750"},"18":{"title":"Dainik Jagran - Ludhiana","price":"190"},"19":{"title":"Dainik Jagran - Meerut","price":"600"},"20":{"title":"Dainik Jagran - Moradabad","price":"300"},"21":{"title":"Dainik Jagran - Muzaffarpur","price":"310"},"22":{"title":"Dainik Jagran - Nainital","price":"195"},"23":{"title":"Dainik jagran - Noida & Greater Noida","price":"190"},"24":{"title":"Dainik Jagran - Panipat","price":"160"},"25":{"title":"Dainik Jagran - Patna","price":"600"},"26":{"title":"Dainik Jagran - Ranchi","price":"221"},"27":{"title":"Dainik Jagran - Siliguri","price":"150"},"28":{"title":"Dainik Jagran - Varanasi","price":"550"},"29":{"title":"Dainik Jagran Faridabad","price":"190"},"30":{"title":"Dainik Jagran Ghaziabad","price":"190"}},"public tender notices":{"0":{"title":"Dainik Jagran - Agra","price":"330"},"1":{"title":"Dainik Jagran - Aligarh","price":"350"},"2":{"title":"Dainik Jagran - Allahabad(Prayagraj)","price":"250"}},"Services":{"0":{"title":"Dainik Jagran - Agra","price":"330"},"1":{"title":"Dainik Jagran - Aligarh","price":"350"},"2":{"title":"Dainik Jagran - Allahabad(Prayagraj)","price":"250"},"3":{"title":"Dainik Jagran - Bareilly","price":"350"},"4":{"title":"Dainik Jagran - Bhagalpur","price":"350"},"5":{"title":"Dainik Jagran - Dehradun","price":"350"},"6":{"title":"Dainik Jagran - Dhanbad","price":"225"},"7":{"title":"Dainik Jagran - Dharamshala","price":"150"},"8":{"title":"Dainik Jagran - Gorakhpur","price":"355"},"9":{"title":"Dainik Jagran - Hisar","price":"160"},"10":{"title":"Dainik Jagran - Jalandhar","price":"190"},"11":{"title":"Dainik Jagran - Jammu","price":"150"},"12":{"title":"Dainik Jagran - Jamshedpur","price":"175"},"13":{"title":"Dainik Jagran - Jhansi","price":"190"},"14":{"title":"Dainik Jagran - Kanpur","price":"640"},"15":{"title":"Dainik Jagran - Lucknow","price":"700"},"16":{"title":"Dainik Jagran - Ludhiana","price":"190"},"17":{"title":"Dainik Jagran - Meerut","price":"600"},"18":{"title":"Dainik Jagran - Moradabad","price":"300"},"19":{"title":"Dainik Jagran - Muzaffarpur","price":"280"},"20":{"title":"Dainik Jagran - Nainital","price":"195"},"21":{"title":"Dainik Jagran - Patna","price":"570"},"22":{"title":"Dainik Jagran - Ranchi","price":"170"},"23":{"title":"Dainik Jagran - Siliguri","price":"150"},"24":{"title":"Dainik Jagran - Varanasi","price":"550"}},"Retail/Shopping":{"0":{"title":"Dainik Jagran - Agra","price":"330"},"1":{"title":"Dainik Jagran - Aligarh","price":"350"},"2":{"title":"Dainik Jagran - Allahabad(Prayagraj)","price":"250"},"3":{"title":"Dainik Jagran - Bareilly","price":"350"},"4":{"title":"Dainik Jagran - Bhagalpur","price":"350"},"5":{"title":"Dainik Jagran - Dehradun","price":"350"},"6":{"title":"Dainik Jagran - Dhanbad","price":"225"},"7":{"title":"Dainik Jagran - Dharamshala","price":"150"},"8":{"title":"Dainik Jagran - Gorakhpur","price":"355"},"9":{"title":"Dainik Jagran - Hisar","price":"160"},"10":{"title":"Dainik Jagran - Jalandhar","price":"190"},"11":{"title":"Dainik Jagran - Jammu","price":"150"},"12":{"title":"Dainik Jagran - Jamshedpur","price":"175"},"13":{"title":"Dainik Jagran - Jhansi","price":"190"},"14":{"title":"Dainik Jagran - Kanpur","price":"640"},"15":{"title":"Dainik Jagran - Lucknow","price":"700"},"16":{"title":"Dainik Jagran - Ludhiana","price":"190"},"17":{"title":"Dainik Jagran - Meerut","price":"600"},"18":{"title":"Dainik Jagran - Moradabad","price":"300"},"19":{"title":"Dainik Jagran - Muzaffarpur","price":"280"},"20":{"title":"Dainik Jagran - Nainital","price":"195"},"21":{"title":"Dainik Jagran - Patna","price":"570"},"22":{"title":"Dainik Jagran - Ranchi","price":"170"},"23":{"title":"Dainik Jagran - Siliguri","price":"150"},"24":{"title":"Dainik Jagran - Varanasi","price":"550"}},"Personal Announcement":{"0":{"title":"Dainik Jagran - Agra","price":"330"},"1":{"title":"Dainik Jagran - Aligarh","price":"350"},"2":{"title":"Dainik Jagran - Allahabad(Prayagraj)","price":"250"},"3":{"title":"Dainik Jagran - Bareilly","price":"350"},"4":{"title":"Dainik Jagran - Bhagalpur","price":"350"},"5":{"title":"Dainik Jagran - Dehradun","price":"350"},"6":{"title":"Dainik Jagran - Dhanbad","price":"225"},"7":{"title":"Dainik Jagran - Dharamshala","price":"150"},"8":{"title":"Dainik Jagran - Gorakhpur","price":"355"},"9":{"title":"Dainik Jagran - Hisar","price":"160"},"10":{"title":"Dainik Jagran - Jalandhar","price":"190"},"11":{"title":"Dainik Jagran - Central UP","price":"1980"},"12":{"title":"Dainik Jagran - Eastern UP","price":"2160"},"13":{"title":"Dainik Jagran\nUttar Pradesh","price":"6999"},"14":{"title":"Dainik Jagran - UP, UTT, Bihar, Jharkhand, Delhi Ncr, Haryana, Punjab, Himachal Pradesh, Jammu, W.Bengal + Nai Dunia - M.P","price":"10500"},"15":{"title":"Dainik Jagran - Western UP + Uttarakhand","price":"3622"},"16":{"title":"Dainik Jagran - Agra","price":"1000"},"17":{"title":"Dainik Jagran - Aligarh","price":"600"},"18":{"title":"Dainik Jagran - Allahabad(Prayagraj)","price":"925"},"19":{"title":"Dainik Jagran - Bareilly","price":"900"},"20":{"title":"Dainik Jagran - Bhagalpur","price":"784"},"21":{"title":"Dainik Jagran - Dehradun","price":"800"},"22":{"title":"Dainik Jagran - Delhi","price":"1535"},"23":{"title":"Dainik Jagran - Dhanbad","price":"475"},"24":{"title":"Dainik Jagran - Dharamshala","price":"92"}},"Computers and Hardware":{"0":{"title":"Dainik Jagran - Delhi Ncr, Haryana","price":"1733"},"1":{"title":"Dainik Jagran - Delhi Ncr, Haryana, Punjab, Jammu, Kashmir, H.P","price":"2426"},"2":{"title":"Dainik Jagran\nAll Haryana Package","price":"830"},"3":{"title":"Dainik Jagran - Punjab Package","price":"578"},"4":{"title":"Dainik Jagran  Haryana, Punjab, Jammu and Kashmir, Himachal Pradesh ","price":"1000"},"5":{"title":"Dainik Jagran - Dehradun","price":"350"},"6":{"title":"Dainik Jagran - Dhanbad","price":"225"},"7":{"title":"Dainik Jagran - Dharamshala","price":"150"},"8":{"title":"Dainik Jagran - Gorakhpur","price":"355"},"9":{"title":"Dainik Jagran - Gurgaon","price":"182"},"10":{"title":"Dainik Jagran - Hisar","price":"160"},"11":{"title":"Dainik Jagran - Jalandhar","price":"190"},"12":{"title":"Dainik Jagran - Jammu","price":"150"},"13":{"title":"Dainik Jagran - Jamshedpur","price":"175"},"14":{"title":"Dainik Jagran - Kanpur","price":"640"},"15":{"title":"Dainik Jagran - Lucknow","price":"700"},"16":{"title":"Dainik Jagran - Ludhiana","price":"190"},"17":{"title":"Dainik Jagran - Meerut","price":"600"},"18":{"title":"Dainik Jagran - Moradabad","price":"300"},"19":{"title":"Dainik Jagran - Muzaffarpur","price":"280"},"20":{"title":"Dainik Jagran - Nainital","price":"195"},"21":{"title":"Dainik jagran - Noida & Greater Noida","price":"182"},"22":{"title":"Dainik Jagran - Panipat","price":"160"},"23":{"title":"Dainik Jagran - Patna","price":"570"},"24":{"title":"Dainik Jagran - Ranchi","price":"170"},"25":{"title":"Dainik Jagran - Siliguri","price":"150"},"26":{"title":"Dainik Jagran - Varanasi","price":"550"},"27":{"title":"Dainik Jagran - Jalandhar","price":"390"},"28":{"title":"Dainik Jagran - Jammu","price":"92"},"29":{"title":"Dainik Jagran - Jamshedpur","price":"363"},"30":{"title":"Dainik Jagran - Kanpur","price":"1390"},"31":{"title":"Dainik Jagran - Lucknow","price":"1400"},"32":{"title":"Dainik Jagran - Ludhiana","price":"390"},"33":{"title":"Dainik Jagran - Meerut","price":"1200"},"34":{"title":"Dainik Jagran - Moradabad","price":"800"},"35":{"title":"Dainik Jagran - Muzaffarpur","price":"648"},"36":{"title":"Dainik Jagran - Nainital","price":"660"},"37":{"title":"Dainik Jagran - Panipat","price":"365"},"38":{"title":"Dainik Jagran - Patna","price":"1242"},"39":{"title":"Dainik Jagran - Ranchi","price":"456"},"40":{"title":"Dainik Jagran - Siliguri","price":"121"},"41":{"title":"Dainik Jagran - Varanasi","price":"1210"}},"Astrology":{"0":{"title":"Dainik Jagran - Delhi Ncr, Haryana","price":"1733"},"1":{"title":"Dainik Jagran - Delhi Ncr, Haryana, Punjab, Jammu, Kashmir, H.P","price":"2426"},"2":{"title":"Dainik Jagran\nAll Haryana Package","price":"790"},"3":{"title":"Dainik Jagran - Punjab Package","price":"578"},"4":{"title":"Dainik Jagran\nHaryana, Punjab, Jammu and Kashmir, Himachal Pradesh","price":"1000"},"5":{"title":"Dainik Jagran - Uttarakhand","price":"880"},"6":{"title":"Dainik Jagran - Western UP","price":"2700"},"7":{"title":"Dainik Jagran - Bihar + Jharkhnad + W.Bengal","price":"2354"},"8":{"title":"Dainik Jagran - Bihar","price":"1650"},"9":{"title":"Dainik Jagran\nJharkhand Package","price":"840"},"10":{"title":"Dainik Jagran - U.P + Uttrakhand + Nai Dunia - MP","price":"7465"},"11":{"title":"Dainik Jagran - Central UP","price":"1980"},"12":{"title":"Dainik Jagran - Eastern UP","price":"2160"},"13":{"title":"Dainik Jagran\nUttar Pradesh","price":"6999"},"14":{"title":"Dainik Jagran - UP, UTT, Bihar, Jharkhand, Delhi Ncr, Haryana, Punjab, Himachal Pradesh, Jammu, W.Bengal + Nai Dunia - M.P","price":"10500"},"15":{"title":"Dainik Jagran - Western UP + Uttarakhand","price":"3622"},"16":{"title":"Dainik Jagran - Agra","price":"1000"},"17":{"title":"Dainik Jagran - Aligarh","price":"600"},"18":{"title":"Dainik Jagran - Allahabad(Prayagraj)","price":"925"},"19":{"title":"Dainik Jagran - Bareilly","price":"900"},"20":{"title":"Dainik Jagran - Bhagalpur","price":"784"},"21":{"title":"Dainik Jagran - Dehradun","price":"800"},"22":{"title":"Dainik Jagran - Delhi","price":"1535"},"23":{"title":"Dainik Jagran - Dhanbad","price":"475"},"24":{"title":"Dainik Jagran - Dharamshala","price":"92"},"25":{"title":"Dainik Jagran - Gorakhpur","price":"790"},"26":{"title":"Dainik Jagran - Hisar","price":"270"},"27":{"title":"Dainik Jagran - Jalandhar","price":"390"},"28":{"title":"Dainik Jagran - Jammu","price":"92"},"29":{"title":"Dainik Jagran - Jamshedpur","price":"363"},"30":{"title":"Dainik Jagran - Kanpur","price":"1390"},"31":{"title":"Dainik Jagran - Lucknow","price":"1400"},"32":{"title":"Dainik Jagran - Ludhiana","price":"390"},"33":{"title":"Dainik Jagran - Meerut","price":"1200"},"34":{"title":"Dainik Jagran - Moradabad","price":"800"},"35":{"title":"Dainik Jagran - Muzaffarpur","price":"648"},"36":{"title":"Dainik Jagran - Nainital","price":"660"},"37":{"title":"Dainik Jagran - Panipat","price":"365"},"38":{"title":"Dainik Jagran - Patna","price":"1242"},"39":{"title":"Dainik Jagran - Ranchi","price":"456"},"40":{"title":"Dainik Jagran - Siliguri","price":"121"},"41":{"title":"Dainik Jagran - Varanasi","price":"1210"}},"Vehicles Automobiles":{"0":{"title":"Dainik Jagran - Delhi Ncr, Haryana","price":"1733"},"1":{"title":"Dainik Jagran - Delhi Ncr, Haryana, Punjab, Jammu, Kashmir, H.P","price":"2426"},"2":{"title":"Dainik Jagran\nAll Haryana Package","price":"790"},"3":{"title":"Dainik Jagran - Punjab Package","price":"578"},"4":{"title":"Dainik Jagran\nHaryana, Punjab, Jammu and Kashmir, Himachal Pradesh","price":"1000"},"5":{"title":"Dainik Jagran - Uttarakhand","price":"880"},"6":{"title":"Dainik Jagran - Western UP","price":"2700"},"7":{"title":"Dainik Jagran - Bihar + Jharkhnad + W.Bengal","price":"2354"},"8":{"title":"Dainik Jagran - Bihar","price":"1650"},"9":{"title":"Dainik Jagran\nJharkhand Package","price":"840"},"10":{"title":"Dainik Jagran - U.P + Uttrakhand + Nai Dunia - MP","price":"7465"},"11":{"title":"Dainik Jagran - Central UP","price":"1980"},"12":{"title":"Dainik Jagran - Eastern UP","price":"2160"},"13":{"title":"Dainik Jagran\nUttar Pradesh","price":"6999"},"14":{"title":"Dainik Jagran - UP, UTT, Bihar, Jharkhand, Delhi Ncr, Haryana, Punjab, Himachal Pradesh, Jammu, W.Bengal + Nai Dunia - M.P","price":"10500"},"15":{"title":"Dainik Jagran - Western UP + Uttarakhand","price":"3622"},"16":{"title":"Dainik Jagran - Agra","price":"1000"},"17":{"title":"Dainik Jagran - Aligarh","price":"600"},"18":{"title":"Dainik Jagran - Allahabad(Prayagraj)","price":"925"},"19":{"title":"Dainik Jagran - Bareilly","price":"900"},"20":{"title":"Dainik Jagran - Bhagalpur","price":"784"},"21":{"title":"Dainik Jagran - Dehradun","price":"800"},"22":{"title":"Dainik Jagran - Delhi","price":"1535"},"23":{"title":"Dainik Jagran - Dhanbad","price":"475"},"24":{"title":"Dainik Jagran - Dharamshala","price":"92"},"25":{"title":"Dainik Jagran - Gorakhpur","price":"790"},"26":{"title":"Dainik Jagran - Hisar","price":"270"},"27":{"title":"Dainik Jagran - Jalandhar","price":"390"},"28":{"title":"Dainik Jagran - Jammu","price":"92"},"29":{"title":"Dainik Jagran - Jamshedpur","price":"363"},"30":{"title":"Dainik Jagran - Kanpur","price":"1390"},"31":{"title":"Dainik Jagran - Lucknow","price":"1400"},"32":{"title":"Dainik Jagran - Ludhiana","price":"390"},"33":{"title":"Dainik Jagran - Meerut","price":"1200"},"34":{"title":"Dainik Jagran - Moradabad","price":"800"},"35":{"title":"Dainik Jagran - Muzaffarpur","price":"648"},"36":{"title":"Dainik Jagran - Nainital","price":"660"},"37":{"title":"Dainik Jagran - Panipat","price":"365"},"38":{"title":"Dainik Jagran - Patna","price":"1242"},"39":{"title":"Dainik Jagran - Ranchi","price":"456"},"40":{"title":"Dainik Jagran - Siliguri","price":"121"},"41":{"title":"Dainik Jagran - Varanasi","price":"1210"}},"Tours and Travel":{"0":{"title":"Dainik Jagran - Delhi Ncr, Haryana","price":"1733"},"1":{"title":"Dainik Jagran - Delhi Ncr, Haryana, Punjab, Jammu, Kashmir, H.P","price":"2426"},"2":{"title":"Dainik Jagran\nAll Haryana Package","price":"830"},"3":{"title":"Dainik Jagran - Punjab Package","price":"578"},"4":{"title":"Dainik Jagran\nHaryana, Punjab, Jammu and Kashmir, Himachal Pradesh","price":"1000"},"5":{"title":"Dainik Jagran - Uttarakhand","price":"880"},"6":{"title":"Dainik Jagran - Western UP","price":"2700"},"7":{"title":"Dainik Jagran - Bihar + Jharkhnad + W.Bengal","price":"2354"},"8":{"title":"Dainik Jagran - Bihar","price":"1650"},"9":{"title":"Dainik Jagran\nJharkhand Package","price":"840"},"10":{"title":"Dainik Jagran - U.P + Uttrakhand + Nai Dunia - MP","price":"7465"},"11":{"title":"Dainik Jagran - Central UP","price":"1980"},"12":{"title":"Dainik Jagran - Eastern UP","price":"2160"},"13":{"title":"Dainik Jagran\nUttar Pradesh","price":"6999"},"14":{"title":"Dainik Jagran - UP, UTT, Bihar, Jharkhand, Delhi Ncr, Haryana, Punjab, Himachal Pradesh, Jammu, W.Bengal + Nai Dunia - M.P","price":"10500"},"15":{"title":"Dainik Jagran - Western UP + Uttarakhand","price":"3622"},"16":{"title":"Dainik Jagran - Agra","price":"1000"},"17":{"title":"Dainik Jagran - Aligarh","price":"600"},"18":{"title":"Dainik Jagran - Allahabad(Prayagraj)","price":"925"},"19":{"title":"Dainik Jagran - Bareilly","price":"900"},"20":{"title":"Dainik Jagran - Bhagalpur","price":"784"},"21":{"title":"Dainik Jagran - Dehradun","price":"800"},"22":{"title":"Dainik Jagran - Delhi","price":"1535"},"23":{"title":"Dainik Jagran - Dhanbad","price":"475"},"24":{"title":"Dainik Jagran - Dharamshala","price":"92"},"25":{"title":"Dainik Jagran - Gorakhpur","price":"790"},"26":{"title":"Dainik Jagran - Hisar","price":"270"},"27":{"title":"Dainik Jagran - Jalandhar","price":"390"},"28":{"title":"Dainik Jagran - Jammu","price":"92"},"29":{"title":"Dainik Jagran - Jamshedpur","price":"363"},"30":{"title":"Dainik Jagran - Kanpur","price":"1390"},"31":{"title":"Dainik Jagran - Lucknow","price":"1400"},"32":{"title":"Dainik Jagran - Ludhiana","price":"390"},"33":{"title":"Dainik Jagran - Meerut","price":"1200"},"34":{"title":"Dainik Jagran - Moradabad","price":"800"},"35":{"title":"Dainik Jagran - Muzaffarpur","price":"648"},"36":{"title":"Dainik Jagran - Nainital","price":"660"},"37":{"title":"Dainik Jagran - Panipat","price":"365"},"38":{"title":"Dainik Jagran - Patna","price":"1242"},"39":{"title":"Dainik Jagran - Ranchi","price":"456"},"40":{"title":"Dainik Jagran - Siliguri","price":"121"},"41":{"title":"Dainik Jagran - Varanasi","price":"1210"}}}