{"Matrimonial":{"0":{"title":"Dainik Bhaskar - Chandigarh + Punjab + Haryana and HP","price":"794"},"1":{"title":"Dainik Bhaskar - All Rajashtan Editions","price":"1285"},"2":{"title":"Dainik Bhaskar - MP + chhattisgarh Editions","price":"1497"},"3":{"title":"Dainik Bhaskar -All Bihar","price":"680"},"4":{"title":"Dainik Bhaskar - Jharkhand","price":"454"},"5":{"title":"Dainik Bhaskar : Bihar + Jharkhand","price":"1021"},"6":{"title":"Dainik Bhaskar - Madhya Pradesh, Chattisgarh & Rajashtan","price":"2438"},"7":{"title":"Dainik Bhaskar - Madhya Pradesh, Chattisgarh ,Chandigarh,Punjab & Haryana","price":"2041"},"8":{"title":"Dainik Bhaskar - Madhya Pradesh, Chattisgarh , Jharkhand & Patna","price":"1905"},"9":{"title":"Dainik Bhaskar - Rajashtan + Jharkhand + Patna","price":"1928"}},"Marriage Bureau":{"0":{"title":"Dainik Bhaskar - Chandigarh + Punjab + Haryana and HP","price":"794"},"1":{"title":"Dainik Bhaskar - All Rajashtan Editions","price":"1285"},"2":{"title":"Dainik Bhaskar - MP + chhattisgarh Editions","price":"1497"},"3":{"title":"Dainik Bhaskar -All Bihar","price":"680"},"4":{"title":"Dainik Bhaskar - Jharkhand","price":"454"},"5":{"title":"Dainik Bhaskar : Bihar + Jharkhand","price":"1021"},"6":{"title":"Dainik Bhaskar - Madhya Pradesh, Chattisgarh & Rajashtan","price":"2438"},"7":{"title":"Dainik Bhaskar - Madhya Pradesh, Chattisgarh ,Chandigarh,Punjab & Haryana","price":"2041"},"8":{"title":"Dainik Bhaskar - Madhya Pradesh, Chattisgarh , Jharkhand & Patna","price":"1905"},"9":{"title":"Dainik Bhaskar - Rajashtan + Jharkhand + Patna","price":"1928"}},"Change of Name":{"0":{"title":"Dainik Bhaskar - Chandigarh + Punjab + Haryana and HP","price":"794"},"1":{"title":"Dainik Bhaskar - All Rajashtan Editions","price":"1285"},"2":{"title":"Dainik Bhaskar - MP + chhattisgarh Editions","price":"1497"},"3":{"title":"Dainik Bhaskar -All Bihar","price":"680"},"4":{"title":"Dainik Bhaskar - Jharkhand","price":"454"},"5":{"title":"Dainik Bhaskar : Bihar + Jharkhand","price":"1021"},"6":{"title":"Dainik Bhaskar - Madhya Pradesh, Chattisgarh & Rajashtan","price":"2438"},"7":{"title":"Dainik Bhaskar - Madhya Pradesh, Chattisgarh ,Chandigarh,Punjab & Haryana","price":"2041"},"8":{"title":"Dainik Bhaskar - Madhya Pradesh, Chattisgarh , Jharkhand & Patna","price":"1905"},"9":{"title":"Dainik Bhaskar - Rajashtan + Jharkhand + Patna","price":"1928"}},"Recruitment job":{"0":{"title":"Dainik Bhaskar - Chandigarh + Punjab + Haryana and HP","price":"794"},"1":{"title":"Dainik Bhaskar - All Rajashtan Editions","price":"1285"},"2":{"title":"Dainik Bhaskar - MP + chhattisgarh Editions","price":"1497"},"3":{"title":"Dainik Bhaskar -All Bihar","price":"680"},"4":{"title":"Dainik Bhaskar - Jharkhand","price":"454"},"5":{"title":"Dainik Bhaskar : Bihar + Jharkhand","price":"1021"},"6":{"title":"Dainik Bhaskar - Madhya Pradesh, Chattisgarh & Rajashtan","price":"2438"},"7":{"title":"Dainik Bhaskar - Madhya Pradesh, Chattisgarh ,Chandigarh,Punjab & Haryana","price":"2041"},"8":{"title":"Dainik Bhaskar - Madhya Pradesh, Chattisgarh , Jharkhand & Patna","price":"1905"},"9":{"title":"4 Ad Combo Dainik Bhaskar - Alwar Edition","price":"1190"}},"Education":{"0":{"title":"Dainik Bhaskar - All Haryana Editions","price":"880"},"1":{"title":"Dainik Bhaskar - All Punjab Editions","price":"520"},"2":{"title":"Dainik Bhaskar - Chandigarh + Punjab + Haryana and HP","price":"1100"},"3":{"title":"Dainik Bhaskar - All Rajashtan Editions","price":"2910"},"4":{"title":"Dainik Bhaskar - All Madhya Pradesh Edition","price":"5085"},"5":{"title":"Dainik Bhaskar - All Chattisgarh","price":"1166"},"6":{"title":"Dainik Bhaskar -All Bihar","price":"1900"},"7":{"title":"3 Ad Combo Dainik Bhaskar - All Rajasthan Editions","price":"5080"},"8":{"title":"3 Ad Combo Dainik Bhaskar - Jaipur Edition","price":"3410"},"9":{"title":"4 Ad Combo Dainik Bhaskar - Alwar Edition","price":"1190"},"10":{"title":"4 Ad Combo Dainik Bhaskar - Bikaner Edition","price":"920"},"11":{"title":"4 Ad Combo Dainik Bhaskar -Bharatpur Edition","price":"750"},"12":{"title":"4 Ad Combo Dainik Bhaskar - Banswara Edition","price":"530"},"13":{"title":"4 Ad Combo Dainik Bhaskar - Bhilwara Edition","price":"710"},"14":{"title":"4 Ad Combo Dainik Bhaskar - Barmer Edition","price":"890"},"15":{"title":"4 Ad Combo Dainik Bhaskar - Udaipur Edition","price":"1300"},"16":{"title":"4 Ad Combo Dainik Bhaskar - Jodhpur Edition","price":"1750"},"17":{"title":"4 Ad Combo Dainik Bhaskar - Kota Edition","price":"1140"},"18":{"title":"4 Ad Combo Dainik Bhaskar - Pali Edition","price":"580"},"19":{"title":"4 Ad Combo Dainik Bhaskar - Nagaur Edition","price":"400"},"20":{"title":"4 Ad Combo Dainik Bhaskar - Sriganganagar Edition","price":"690"},"21":{"title":"4 Ad Combo Dainik Bhaskar - Sikar Edition","price":"860"},"22":{"title":"Dainik Bhaskar - Jharkhand","price":"800"},"23":{"title":"Dainik Bhaskar : Bihar + Jharkhand","price":"2300"},"24":{"title":"Dainik Bhaskar - All Editions","price":"11039"},"25":{"title":"15 Ad Combo Dainik Bhaskar - Jaipur Edition","price":"15010"},"26":{"title":"Dainik Bhaskar - Ajmer","price":"260"},"27":{"title":"Dainik Bhaskar - Alwar","price":"600"},"28":{"title":"Dainik Bhaskar - Banswara","price":"260"},"29":{"title":"Dainik Bhaskar - Barmer","price":"280"},"30":{"title":"Dainik Bhaskar - Bharatpur","price":"370"},"31":{"title":"Dainik Bhaskar - Bhilwara","price":"260"},"32":{"title":"Dainik Bhaskar - Bhopal","price":"2400"},"33":{"title":"Dainik Bhaskar - Bikaner","price":"370"},"34":{"title":"Dainik Bhaskar - Chandigarh","price":"560"},"35":{"title":"Dainik Bhaskar - Dhanbad","price":"275"},"36":{"title":"Dainik Bhaskar - Gwalior","price":"1350"},"37":{"title":"Dainik Bhaskar - Hoshangabad","price":"1225"},"38":{"title":"Dainik Bhaskar - Indore","price":"2610"},"39":{"title":"Dainik Bhaskar - Jaipur","price":"2410"},"40":{"title":"Dainik Bhaskar - Jamsedpur","price":"320"},"41":{"title":"Dainik Bhaskar - Jodhpur","price":"950"},"42":{"title":"Dainik Bhaskar - Kota","price":"460"},"43":{"title":"Dainik Bhaskar - Nagaur","price":"210"},"44":{"title":"Dainik Bhaskar - Pali","price":"290"},"45":{"title":"Dainik Bhaskar - Patna","price":"1100"},"46":{"title":"Dainik Bhaskar - Raipur","price":"933"},"47":{"title":"Dainik Bhaskar - Ranchi","price":"800"},"48":{"title":"Dainik Bhaskar - Sikar","price":"400"},"49":{"title":"Dainik Bhaskar - Sriganganagar","price":"410"},"50":{"title":"Dainik Bhaskar - Udaipur","price":"430"},"51":{"title":"Dainik Bhaskar -Bhagalpur","price":"400"},"52":{"title":"Dainik Bhaskar -Dhanbad","price":"275"},"53":{"title":"Dainik Bhaskar -Jabalpur","price":"1000"},"54":{"title":"Dainik Bhaskar -Muzaffarpur","price":"450"}},"Business":{"0":{"title":"Dainik Bhaskar - All Haryana Editions","price":"880"},"1":{"title":"Dainik Bhaskar - All Punjab Editions","price":"520"},"2":{"title":"Dainik Bhaskar - Chandigarh + Punjab + Haryana and HP","price":"1100"}},"Services":{"0":{"title":"Dainik Bhaskar - All Haryana Editions","price":"880"},"1":{"title":"Dainik Bhaskar - All Punjab Editions","price":"520"},"2":{"title":"Dainik Bhaskar - Chandigarh + Punjab + Haryana and HP","price":"1100"}},"Retail/Shopping":{"0":{"title":"Dainik Bhaskar - All Haryana Editions","price":"880"},"1":{"title":"Dainik Bhaskar - All Punjab Editions","price":"520"},"2":{"title":"Dainik Bhaskar - Chandigarh + Punjab + Haryana and HP","price":"1100"},"3":{"title":"Dainik Bhaskar - All Rajashtan Editions","price":"2830"},"4":{"title":"Dainik Bhaskar - All Chattisgarh","price":"1191"},"5":{"title":"Dainik Bhaskar -All Bihar","price":"1900"},"6":{"title":"3 Ad Combo Dainik Bhaskar - All Rajasthan Editions","price":"5080"},"7":{"title":"3 Ad Combo Dainik Bhaskar - Jaipur Edition","price":"3330"},"8":{"title":"4 Ad Combo Dainik Bhaskar - Alwar Edition","price":"1190"},"9":{"title":"4 Ad Combo Dainik Bhaskar - Bikaner Edition","price":"920"},"10":{"title":"4 Ad Combo Dainik Bhaskar -Bharatpur Edition","price":"750"},"11":{"title":"4 Ad Combo Dainik Bhaskar - Banswara Edition","price":"530"},"12":{"title":"4 Ad Combo Dainik Bhaskar - Bhilwara Edition","price":"710"},"13":{"title":"4 Ad Combo Dainik Bhaskar - Barmer Edition","price":"890"},"14":{"title":"4 Ad Combo Dainik Bhaskar - Udaipur Edition","price":"1300"},"15":{"title":"4 Ad Combo Dainik Bhaskar - Jodhpur Edition","price":"1750"},"16":{"title":"4 Ad Combo Dainik Bhaskar - Kota Edition","price":"1140"},"17":{"title":"4 Ad Combo Dainik Bhaskar - Pali Edition","price":"580"},"18":{"title":"4 Ad Combo Dainik Bhaskar - Nagaur Edition","price":"400"},"19":{"title":"4 Ad Combo Dainik Bhaskar - Sriganganagar Edition","price":"690"},"20":{"title":"4 Ad Combo Dainik Bhaskar - Sikar Edition","price":"860"},"21":{"title":"Dainik Bhaskar - Jharkhand","price":"800"},"22":{"title":"Dainik Bhaskar : Bihar + Jharkhand","price":"2300"},"23":{"title":"Dainik Bhaskar - All Editions","price":"11039"},"24":{"title":"15 Ad Combo Dainik Bhaskar - Jaipur Edition","price":"12700"},"25":{"title":"Dainik Bhaskar - Ajmer","price":"291"},"26":{"title":"Dainik Bhaskar - Alwar","price":"600"},"27":{"title":"Dainik Bhaskar - Banswara","price":"260"},"28":{"title":"Dainik Bhaskar - Barmer","price":"280"},"29":{"title":"Dainik Bhaskar - Bharatpur","price":"370"},"30":{"title":"Dainik Bhaskar - Bhilwara","price":"260"},"31":{"title":"Dainik Bhaskar - Bikaner","price":"370"},"32":{"title":"Dainik Bhaskar - Chandigarh","price":"560"},"33":{"title":"Dainik Bhaskar - Dhanbad","price":"275"},"34":{"title":"Dainik Bhaskar - Jaipur","price":"2310"},"35":{"title":"Dainik Bhaskar - Jodhpur","price":"950"},"36":{"title":"Dainik Bhaskar - Kota","price":"950"},"37":{"title":"Dainik Bhaskar - Kota","price":"460"},"38":{"title":"Dainik Bhaskar - Nagaur","price":"210"},"39":{"title":"Dainik Bhaskar - Pali","price":"290"},"40":{"title":"Dainik Bhaskar - Patna","price":"1100"},"41":{"title":"Dainik Bhaskar - Ranchi","price":"550"},"42":{"title":"Dainik Bhaskar - Sikar","price":"400"},"43":{"title":"Dainik Bhaskar - Sriganganagar","price":"410"},"44":{"title":"Dainik Bhaskar - Udaipur","price":"430"},"45":{"title":"Dainik Bhaskar -Bhagalpur","price":"400"},"46":{"title":"Dainik Bhaskar -Dhanbad","price":"275"},"47":{"title":"Dainik Bhaskar -Muzaffarpur","price":"450"}},"Computers and Hardware":{"0":{"title":"Dainik Bhaskar - All Haryana Editions","price":"880"},"1":{"title":"Dainik Bhaskar - All Punjab Editions","price":"520"},"2":{"title":"Dainik Bhaskar - Chandigarh + Punjab + Haryana and HP","price":"1100"}},"Astrology":{"0":{"title":"Dainik Bhaskar - All Haryana Editions","price":"880"},"1":{"title":"Dainik Bhaskar - All Punjab Editions","price":"520"},"2":{"title":"Dainik Bhaskar - Chandigarh + Punjab + Haryana and HP","price":"1100"},"3":{"title":"Dainik Bhaskar - All Rajashtan Editions","price":"2830"},"4":{"title":"Dainik Bhaskar - All Chattisgarh","price":"1191"},"5":{"title":"Dainik Bhaskar -All Bihar","price":"1900"},"6":{"title":"3 Ad Combo Dainik Bhaskar - All Rajasthan Editions","price":"5080"},"7":{"title":"3 Ad Combo Dainik Bhaskar - Jaipur Edition","price":"3330"},"8":{"title":"4 Ad Combo Dainik Bhaskar - Alwar Edition","price":"1190"},"9":{"title":"4 Ad Combo Dainik Bhaskar - Bikaner Edition","price":"920"},"10":{"title":"4 Ad Combo Dainik Bhaskar -Bharatpur Edition","price":"750"},"11":{"title":"4 Ad Combo Dainik Bhaskar - Banswara Edition","price":"530"},"12":{"title":"4 Ad Combo Dainik Bhaskar - Bhilwara Edition","price":"710"},"13":{"title":"4 Ad Combo Dainik Bhaskar - Barmer Edition","price":"890"},"14":{"title":"4 Ad Combo Dainik Bhaskar - Udaipur Edition","price":"1300"},"15":{"title":"4 Ad Combo Dainik Bhaskar - Jodhpur Edition","price":"1750"},"16":{"title":"4 Ad Combo Dainik Bhaskar - Kota Edition","price":"1140"},"17":{"title":"4 Ad Combo Dainik Bhaskar - Pali Edition","price":"580"},"18":{"title":"4 Ad Combo Dainik Bhaskar - Nagaur Edition","price":"400"},"19":{"title":"4 Ad Combo Dainik Bhaskar - Sriganganagar Edition","price":"690"},"20":{"title":"4 Ad Combo Dainik Bhaskar - Sikar Edition","price":"860"},"21":{"title":"Dainik Bhaskar - Jharkhand","price":"800"},"22":{"title":"Dainik Bhaskar : Bihar + Jharkhand","price":"2300"},"23":{"title":"15 Ad Combo Dainik Bhaskar - Jaipur Edition","price":"12700"},"24":{"title":"Dainik Bhaskar - Ajmer","price":"291"},"25":{"title":"Dainik Bhaskar - Alwar","price":"600"},"26":{"title":"Dainik Bhaskar - Banswara","price":"260"},"27":{"title":"Dainik Bhaskar - Barmer","price":"280"},"28":{"title":"Dainik Bhaskar - Bharatpur","price":"370"},"29":{"title":"Dainik Bhaskar - Bhilwara","price":"260"},"30":{"title":"Dainik Bhaskar - Bikaner","price":"370"},"31":{"title":"Dainik Bhaskar - Chandigarh","price":"560"},"32":{"title":"Dainik Bhaskar - Dhanbad","price":"275"},"33":{"title":"Dainik Bhaskar - Jaipur","price":"1921"},"34":{"title":"Dainik Bhaskar - Jamsedpur","price":"320"},"35":{"title":"Dainik Bhaskar - Jodhpur","price":"950"},"36":{"title":"Dainik Bhaskar - Kota","price":"460"},"37":{"title":"Dainik Bhaskar - Nagaur","price":"210"},"38":{"title":"Dainik Bhaskar - Pali","price":"290"},"39":{"title":"Dainik Bhaskar - Nagaur","price":"210"},"40":{"title":"Dainik Bhaskar - Pali","price":"290"},"41":{"title":"Dainik Bhaskar - Patna","price":"1100"},"42":{"title":"Dainik Bhaskar - Raipur","price":"1044"},"43":{"title":"Dainik Bhaskar - Ranchi","price":"550"},"44":{"title":"Dainik Bhaskar - Sikar","price":"400"},"45":{"title":"Dainik Bhaskar - Sriganganagar","price":"410"},"46":{"title":"Dainik Bhaskar - Udaipur","price":"430"},"47":{"title":"Dainik Bhaskar -Muzaffarpur","price":"450"}},"Tours and Travel":{"0":{"title":"Dainik Bhaskar - All Haryana Editions","price":"880"},"1":{"title":"Dainik Bhaskar - All Punjab Editions","price":"520"},"2":{"title":"Dainik Bhaskar - Chandigarh + Punjab + Haryana and HP","price":"1100"},"3":{"title":"Dainik Bhaskar - All Rajashtan Editions","price":"2830"},"4":{"title":"Dainik Bhaskar - All Chattisgarh","price":"1041"},"5":{"title":"Dainik Bhaskar -All Bihar","price":"1900"},"6":{"title":"3 Ad Combo Dainik Bhaskar - All Rajasthan Editions","price":"5080"},"7":{"title":"3 Ad Combo Dainik Bhaskar - Jaipur Edition","price":"3330"},"8":{"title":"4 Ad Combo Dainik Bhaskar - Alwar Edition","price":"1190"},"9":{"title":"4 Ad Combo Dainik Bhaskar - Bikaner Edition","price":"920"},"10":{"title":"4 Ad Combo Dainik Bhaskar -Bharatpur Edition","price":"750"},"11":{"title":"4 Ad Combo Dainik Bhaskar - Banswara Edition","price":"530"},"12":{"title":"4 Ad Combo Dainik Bhaskar - Bhilwara Edition","price":"710"},"13":{"title":"4 Ad Combo Dainik Bhaskar - Barmer Edition","price":"890"},"14":{"title":"4 Ad Combo Dainik Bhaskar - Udaipur Edition","price":"1300"},"15":{"title":"4 Ad Combo Dainik Bhaskar - Jodhpur Edition","price":"1750"},"16":{"title":"4 Ad Combo Dainik Bhaskar - Kota Edition","price":"1140"},"17":{"title":"4 Ad Combo Dainik Bhaskar - Pali Edition","price":"580"},"18":{"title":"4 Ad Combo Dainik Bhaskar - Nagaur Edition","price":"400"},"19":{"title":"4 Ad Combo Dainik Bhaskar - Sriganganagar Edition","price":"690"},"20":{"title":"4 Ad Combo Dainik Bhaskar - Sikar Edition","price":"860"},"21":{"title":"Dainik Bhaskar - Jharkhand","price":"800"},"22":{"title":"Dainik Bhaskar : Bihar + Jharkhand","price":"2300"},"23":{"title":"Dainik Bhaskar - All Editions","price":"11039"},"24":{"title":"15 Ad Combo Dainik Bhaskar - Jaipur Edition","price":"12700"},"25":{"title":"Dainik Bhaskar - Ajmer","price":"291"},"26":{"title":"Dainik Bhaskar - Alwar","price":"600"},"27":{"title":"Dainik Bhaskar - Banswara","price":"260"},"28":{"title":"Dainik Bhaskar - Barmer","price":"280"},"29":{"title":"Dainik Bhaskar - Bharatpur","price":"370"},"30":{"title":"Dainik Bhaskar - Bhilwara","price":"260"},"31":{"title":"Dainik Bhaskar - Bikaner","price":"370"},"32":{"title":"Dainik Bhaskar - Chandigarh","price":"560"},"33":{"title":"Dainik Bhaskar - Jaipur","price":"1921"},"34":{"title":"Dainik Bhaskar - Jodhpur","price":"950"},"35":{"title":"Dainik Bhaskar - Kota","price":"460"},"36":{"title":"Dainik Bhaskar - Nagaur","price":"210"},"37":{"title":"Dainik Bhaskar - Pali","price":"290"},"38":{"title":"Dainik Bhaskar - Raipur","price":"1044"},"39":{"title":"Dainik Bhaskar - Sikar","price":"400"},"40":{"title":"Dainik Bhaskar - Sriganganagar","price":"410"},"41":{"title":"Dainik Bhaskar - Udaipur","price":"430"}}}