{"Matrimonial":{"0":{"title":"Dainik Navajyoti - All Rajasthan","price":"1700"}},"Marriage Bureau":{"0":{"title":"Dainik Navajyoti - All Rajasthan","price":"1700"}},"Change of Name":{"0":{"title":"Dainik Navajyoti - All Rajasthan","price":"1700"}},"Recruitment job":{"0":{"title":"Dainik Navajyoti - All Rajasthan","price":"1700"}},"Education":{"0":{"title":"Dainik Navajyoti - All Rajasthan","price":"1700"}},"property real estate":{"0":{"title":"Dainik Navajyoti - All Rajasthan","price":"1700"}},"Lost and Found":{"0":{"title":"Dainik Navajyoti - All Rajasthan","price":"1700"}},"Business":{"0":{"title":"Dainik Navajyoti - All Rajasthan","price":"1700"}},"Obituary(Death Announcement)":{"0":{"title":"Dainik Navajyoti - All Rajasthan","price":"1700"}},"Remembrance(Unforgettable)":{"0":{"title":"Dainik Navajyoti - All Rajasthan","price":"1700"}},"public tender notices":{"0":{"title":"Dainik Navajyoti - All Rajasthan","price":"1700"}},"Services":{"0":{"title":"Dainik Navajyoti - All Rajasthan","price":"1700"}},"Retail/Shopping":{"0":{"title":"Dainik Navajyoti - All Rajasthan","price":"1700"}},"Personal Announcement":{"0":{"title":"Dainik Navajyoti - All Rajasthan","price":"1700"}},"Computers and Hardware":{"0":{"title":"Dainik Navajyoti - All Rajasthan","price":"1700"}},"Astrology":{"0":{"title":"Dainik Navajyoti - All Rajasthan","price":"1700"}},"Vehicles Automobiles":{"0":{"title":"Dainik Navajyoti - All Rajasthan","price":"1700"}},"Tours and Travel":{"0":{"title":"Dainik Navajyoti - All Rajasthan","price":"1700"}},"Property-Rental":{"0":{"title":"Dainik Navajyoti - All Rajasthan","price":"1700"}},"Entertainment":{"0":{"title":"Dainik Navajyoti - All Rajasthan","price":"1700"}},"Real Estate Selling":{"0":{"title":"Dainik Navajyoti - All Rajasthan","price":"1700"}},"Beauty & Wellness":{"0":{"title":"Dainik Navajyoti - All Rajasthan","price":"1700"}},"Call Centre Employees":{"0":{"title":"Dainik Navajyoti - All Rajasthan","price":"1700"}},"Prajapati":{"0":{"title":"Dainik Navajyoti - All Rajasthan","price":"1700"}},"Bungalow For Sale":{"0":{"title":"Dainik Navajyoti - All Rajasthan","price":"1700"}},"For Rent/Lease/To Let":{"0":{"title":"Dainik Navajyoti - All Rajasthan","price":"1700"}},"Outright Sale":{"0":{"title":"Dainik Navajyoti - All Rajasthan","price":"1700"}},"Property Others":{"0":{"title":"Dainik Navajyoti - All Rajasthan","price":"1700"}},"SMS CAMPAIGN":{"0":{"title":"Dainik Navajyoti - All Rajasthan","price":"1700"}}}