{"Matrimonial":{"0":{"title":"Deccan Herald - All Karnataka Editions","price":"1200"}},"Marriage Bureau":{"0":{"title":"Deccan Herald - All Karnataka Editions","price":"1200"}},"Change of Name":{"0":{"title":"Deccan Herald - All Karnataka Editions","price":"1200"}},"Recruitment job":{"0":{"title":"Deccan Herald - All Karnataka Editions","price":"1200"}},"Education":{"0":{"title":"Deccan Herald - All Karnataka Editions","price":"1200"}},"property real estate":{"0":{"title":"Deccan Herald - All Karnataka Editions","price":"1200"}},"Lost and Found":{"0":{"title":"Deccan Herald - All Karnataka Editions","price":"1200"}},"Business":{"0":{"title":"Deccan Herald - All Karnataka Editions","price":"1200"}},"Obituary(Death Announcement)":{"0":{"title":"Deccan Herald - All Karnataka Editions","price":"1200"}},"Remembrance(Unforgettable)":{"0":{"title":"Deccan Herald - All Karnataka Editions","price":"1200"}},"public tender notices":{"0":{"title":"Deccan Herald - All Karnataka Editions","price":"1200"}},"Services":{"0":{"title":"Deccan Herald - All Karnataka Editions","price":"1200"}},"Retail/Shopping":{"0":{"title":"Deccan Herald - All Karnataka Editions","price":"1200"}},"Personal Announcement":{"0":{"title":"Deccan Herald - All Karnataka Editions","price":"1200"}},"Computers and Hardware":{"0":{"title":"Deccan Herald - All Karnataka Editions","price":"1200"}},"Astrology":{"0":{"title":"Deccan Herald - All Karnataka Editions","price":"1200"}},"Vehicles Automobiles":{"0":{"title":"Deccan Herald - All Karnataka Editions","price":"1200"}},"Tours and Travel":{"0":{"title":"Deccan Herald - All Karnataka Editions","price":"1200"}},"Property-Rental":{"0":{"title":"Deccan Herald - All Karnataka Editions","price":"1200"}},"Entertainment":{"0":{"title":"Deccan Herald - All Karnataka Editions","price":"1200"}},"Real Estate Selling":{"0":{"title":"Deccan Herald - All Karnataka Editions","price":"1200"}},"Beauty & Wellness":{"0":{"title":"Deccan Herald - All Karnataka Editions","price":"1200"}},"Call Centre Employees":{"0":{"title":"Deccan Herald - All Karnataka Editions","price":"1200"}},"Prajapati":{"0":{"title":"Deccan Herald - All Karnataka Editions","price":"1200"}},"Bungalow For Sale":{"0":{"title":"Deccan Herald - All Karnataka Editions","price":"1200"}},"For Rent/Lease/To Let":{"0":{"title":"Deccan Herald - All Karnataka Editions","price":"1200"}},"Outright Sale":{"0":{"title":"Deccan Herald - All Karnataka Editions","price":"1200"}},"Property Others":{"0":{"title":"Deccan Herald - All Karnataka Editions","price":"1200"}},"SMS CAMPAIGN":{"0":{"title":"Deccan Herald - All Karnataka Editions","price":"1200"}}}