{"Matrimonial":{"0":{"title":"Deccan Chronicle - All Andhra Pradesh Editions","price":"690"},"1":{"title":"Deccan Chronical - Bangalore","price":"276"},"2":{"title":"Deccan Chronical - Chennai","price":"276"},"3":{"title":"Deccan Chronical - Hyderabad","price":"575"}},"Marriage Bureau":{"0":{"title":"Deccan Chronicle - All Andhra Pradesh Editions","price":"690"},"1":{"title":"Deccan Chronical - Bangalore","price":"276"},"2":{"title":"Deccan Chronical - Chennai","price":"276"},"3":{"title":"Deccan Chronical - Hyderabad","price":"575"}},"Change of Name":{"0":{"title":"Deccan Chronicle - All Andhra Pradesh Editions","price":"690"},"1":{"title":"Deccan Chronical - Bangalore","price":"276"},"2":{"title":"Deccan Chronical - Chennai","price":"276"},"3":{"title":"Deccan Chronical - Hyderabad","price":"575"}},"Recruitment job":{"0":{"title":"Deccan Chronicle - All Andhra Pradesh Editions","price":"690"},"1":{"title":"Deccan Chronical - Bangalore","price":"276"},"2":{"title":"Deccan Chronical - Chennai","price":"276"},"3":{"title":"Deccan Chronical - Hyderabad","price":"575"}},"Education":{"0":{"title":"Deccan Chronicle - All Andhra Pradesh Editions","price":"690"},"1":{"title":"Deccan Chronical - Bangalore","price":"276"},"2":{"title":"Deccan Chronical - Chennai","price":"276"},"3":{"title":"Deccan Chronical - Hyderabad","price":"575"}},"property real estate":{"0":{"title":"Deccan Chronicle - All Andhra Pradesh Editions","price":"690"},"1":{"title":"Deccan Chronical - Bangalore","price":"276"},"2":{"title":"Deccan Chronical - Chennai","price":"276"},"3":{"title":"Deccan Chronical - Hyderabad","price":"575"}},"Lost and Found":{"0":{"title":"Deccan Chronicle - All Andhra Pradesh Editions","price":"690"},"1":{"title":"Deccan Chronical - Bangalore","price":"276"},"2":{"title":"Deccan Chronical - Chennai","price":"276"},"3":{"title":"Deccan Chronical - Hyderabad","price":"575"}},"Business":{"0":{"title":"Deccan Chronicle - All Andhra Pradesh Editions","price":"690"},"1":{"title":"Deccan Chronical - Bangalore","price":"276"},"2":{"title":"Deccan Chronical - Chennai","price":"276"},"3":{"title":"Deccan Chronical - Hyderabad","price":"575"}},"Obituary(Death Announcement)":{"0":{"title":"Deccan Chronicle - All Andhra Pradesh Editions","price":"690"},"1":{"title":"Deccan Chronical - Bangalore","price":"276"},"2":{"title":"Deccan Chronical - Chennai","price":"276"},"3":{"title":"Deccan Chronical - Hyderabad","price":"575"}},"Remembrance(Unforgettable)":{"0":{"title":"Deccan Chronicle - All Andhra Pradesh Editions","price":"690"},"1":{"title":"Deccan Chronical - Bangalore","price":"276"},"2":{"title":"Deccan Chronical - Chennai","price":"276"},"3":{"title":"Deccan Chronical - Hyderabad","price":"575"}},"public tender notices":{"0":{"title":"Deccan Chronicle - All Andhra Pradesh Editions","price":"690"},"1":{"title":"Deccan Chronical - Bangalore","price":"276"},"2":{"title":"Deccan Chronical - Chennai","price":"276"},"3":{"title":"Deccan Chronical - Hyderabad","price":"575"}},"Services":{"0":{"title":"Deccan Chronicle - All Andhra Pradesh Editions","price":"2346"},"1":{"title":"Deccan Chronical - Bangalore","price":"668"},"2":{"title":"Deccan Chronical - Hyderabad","price":"2162"},"3":{"title":"Deccan Chronical - Hyderabad","price":"1035"}},"Retail/Shopping":{"0":{"title":"Deccan Chronicle - All Andhra Pradesh Editions","price":"1150"},"1":{"title":"Deccan Chronical - Bangalore","price":"288"},"2":{"title":"Deccan Chronical - Chennai","price":"403"},"3":{"title":"Deccan Chronical - Hyderabad","price":"1035"}},"Personal Announcement":{"0":{"title":"Deccan Chronicle - All Andhra Pradesh Editions","price":"1150"},"1":{"title":"Deccan Chronical - Bangalore","price":"288"},"2":{"title":"Deccan Chronical - Chennai","price":"403"},"3":{"title":"Deccan Chronical - Hyderabad","price":"1035"}},"Computers and Hardware":{"0":{"title":"Deccan Chronicle - All Andhra Pradesh Editions","price":"1150"},"1":{"title":"Deccan Chronical - Bangalore","price":"288"},"2":{"title":"Deccan Chronical - Chennai","price":"403"},"3":{"title":"Deccan Chronical - Hyderabad","price":"1035"}},"Astrology":{"0":{"title":"Deccan Chronicle - All Andhra Pradesh Editions","price":"1150"},"1":{"title":"Deccan Chronical - Bangalore","price":"288"},"2":{"title":"Deccan Chronical - Chennai","price":"403"},"3":{"title":"Deccan Chronical - Hyderabad","price":"1035"}},"Vehicles Automobiles":{"0":{"title":"Deccan Chronicle - All Andhra Pradesh Editions","price":"1150"},"1":{"title":"Deccan Chronical - Bangalore","price":"288"},"2":{"title":"Deccan Chronical - Chennai","price":"403"},"3":{"title":"Deccan Chronical - Hyderabad","price":"1035"}},"Tours and Travel":{"0":{"title":"Deccan Chronicle - All Andhra Pradesh Editions","price":"1150"},"1":{"title":"Deccan Chronical - Bangalore","price":"288"},"2":{"title":"Deccan Chronical - Chennai","price":"403"},"3":{"title":"Deccan Chronical - Hyderabad","price":"1035"}},"Property-Rental":{"0":{"title":"Deccan Chronicle - All Andhra Pradesh Editions","price":"1150"},"1":{"title":"Deccan Chronical - Bangalore","price":"288"},"2":{"title":"Deccan Chronical - Chennai","price":"403"},"3":{"title":"Deccan Chronical - Hyderabad","price":"1035"}},"Entertainment":{"0":{"title":"Deccan Chronicle - All Andhra Pradesh Editions","price":"1150"},"1":{"title":"Deccan Chronical - Bangalore","price":"288"},"2":{"title":"Deccan Chronical - Chennai","price":"403"},"3":{"title":"Deccan Chronical - Hyderabad","price":"1035"}},"Real Estate Selling":{"0":{"title":"Deccan Chronicle - All Andhra Pradesh Editions","price":"1150"},"1":{"title":"Deccan Chronical - Bangalore","price":"437"},"2":{"title":"Deccan Chronical - Chennai","price":"495"}},"Beauty & Wellness":{"0":{"title":"Deccan Chronicle - All Andhra Pradesh Editions","price":"1150"},"1":{"title":"Deccan Chronical - Bangalore","price":"437"},"2":{"title":"Deccan Chronical - Chennai","price":"495"},"3":{"title":"Deccan Chronical - Hyderabad","price":"1208"}},"Call Centre Employees":{"0":{"title":"Deccan Chronicle - All Andhra Pradesh Editions","price":"1150"},"1":{"title":"Deccan Chronical - Bangalore","price":"437"},"2":{"title":"Deccan Chronical - Chennai","price":"495"},"3":{"title":"Deccan Chronical - Hyderabad","price":"1208"}},"Prajapati":{"0":{"title":"Deccan Chronicle - All Andhra Pradesh Editions","price":"1150"},"1":{"title":"Deccan Chronical - Bangalore","price":"437"},"2":{"title":"Deccan Chronical - Chennai","price":"495"},"3":{"title":"Deccan Chronical - Hyderabad","price":"1208"}},"Bungalow For Sale":{"0":{"title":"Deccan Chronicle - All Andhra Pradesh Editions","price":"1150"},"1":{"title":"Deccan Chronical - Bangalore","price":"437"},"2":{"title":"Deccan Chronical - Chennai","price":"495"},"3":{"title":"Deccan Chronical - Hyderabad","price":"1208"}},"For Rent/Lease/To Let":{"0":{"title":"Deccan Chronicle - All Andhra Pradesh Editions","price":"3646"},"1":{"title":"Deccan Chronical - Bangalore","price":"1323"},"2":{"title":"Deccan Chronical - Chennai","price":"1150"},"3":{"title":"Deccan Chronical - Hyderabad","price":"2900"}},"Outright Sale":{"0":{"title":"Deccan Chronicle - All Andhra Pradesh Editions","price":"3646"},"1":{"title":"Deccan Chronical - Bangalore","price":"1323"},"2":{"title":"Deccan Chronical - Chennai","price":"1150"},"3":{"title":"Deccan Chronical - Hyderabad","price":"2900"}},"Property Others":{"0":{"title":"Deccan Chronicle - All Andhra Pradesh Editions","price":"3646"},"1":{"title":"Deccan Chronical - Bangalore","price":"1323"},"2":{"title":"Deccan Chronical - Chennai","price":"1150"},"3":{"title":"Deccan Chronical - Hyderabad","price":"2900"}},"SMS CAMPAIGN":{"0":{"title":"Deccan Chronicle - All Andhra Pradesh Editions","price":"3646"},"1":{"title":"Deccan Chronical - Bangalore","price":"1323"},"2":{"title":"Deccan Chronical - Chennai","price":"1150"},"3":{"title":"Deccan Chronical - Hyderabad","price":"2900"}}}