{"Services":{"0":{"title":"Deshbandu - Delhi","price":"3000"}},"Retail/Shopping":{"0":{"title":"Deshbandu - Delhi","price":"3000"}},"Personal Announcement":{"0":{"title":"Deshbandu - Delhi","price":"3000"}},"Computers and Hardware":{"0":{"title":"Deshbandu - Delhi","price":"3000"}},"Astrology":{"0":{"title":"Deshbandu - Delhi","price":"3000"}},"Vehicles Automobiles":{"0":{"title":"Deshbandu - Delhi","price":"3000"}},"Tours and Travel":{"0":{"title":"Deshbandu - Delhi","price":"3000"}},"Property-Rental":{"0":{"title":"Deshbandu - Delhi","price":"3000"}},"Entertainment":{"0":{"title":"Deshbandu - Delhi","price":"3000"}},"Real Estate Selling":{"0":{"title":"Deshbandu - Delhi","price":"3000"}},"Beauty & Wellness":{"0":{"title":"Deshbandu - Delhi","price":"3000"}},"Call Centre Employees":{"0":{"title":"Deshbandu - Delhi","price":"3000"}},"Prajapati":{"0":{"title":"Deshbandu - Delhi","price":"3000"}},"Bungalow For Sale":{"0":{"title":"Deshbandu - Delhi","price":"3000"}},"For Rent/Lease/To Let":{"0":{"title":"Deshbandu - Delhi","price":"3000"}},"Outright Sale":{"0":{"title":"Deshbandu - Delhi","price":"3000"}},"Property Others":{"0":{"title":"Deshbandu - Delhi","price":"3000"}},"SMS CAMPAIGN":{"0":{"title":"Deshbandu - Delhi","price":"3000"}}}