{"Matrimonial":{"0":{"title":"Dharitri - Bhubaneswar","price":"250"}},"Marriage Bureau":{"0":{"title":"Dharitri - Bhubaneswar","price":"250"}},"Change of Name":{"0":{"title":"Dharitri - Bhubaneswar","price":"250"}},"Recruitment job":{"0":{"title":"Dharitri - Bhubaneswar","price":"250"}},"Education":{"0":{"title":"Dharitri - Bhubaneswar","price":"250"}},"property real estate":{"0":{"title":"Dharitri - Bhubaneswar","price":"250"}},"Lost and Found":{"0":{"title":"Dharitri - Bhubaneswar","price":"250"}},"Business":{"0":{"title":"Dharitri - Bhubaneswar","price":"250"}},"Obituary(Death Announcement)":{"0":{"title":"Dharitri - Bhubaneswar","price":"250"}},"Remembrance(Unforgettable)":{"0":{"title":"Dharitri - Bhubaneswar","price":"250"}},"public tender notices":{"0":{"title":"Dharitri - Bhubaneswar","price":"250"}},"Services":{"0":{"title":"Dharitri - Bhubaneswar","price":"250"}},"Retail/Shopping":{"0":{"title":"Dharitri - Bhubaneswar","price":"250"}},"Personal Announcement":{"0":{"title":"Dharitri - Bhubaneswar","price":"250"}},"Computers and Hardware":{"0":{"title":"Dharitri - Bhubaneswar","price":"250"}},"Astrology":{"0":{"title":"Dharitri - Bhubaneswar","price":"250"}},"Vehicles Automobiles":{"0":{"title":"Dharitri - Bhubaneswar","price":"250"}},"Tours and Travel":{"0":{"title":"Dharitri - Bhubaneswar","price":"250"}},"Property-Rental":{"0":{"title":"Dharitri - Bhubaneswar","price":"250"}},"Entertainment":{"0":{"title":"Dharitri - Bhubaneswar","price":"250"}},"Real Estate Selling":{"0":{"title":"Dharitri - All orissa","price":"250"}},"Beauty & Wellness":{"0":{"title":"Dharitri - All orissa","price":"250"}},"Call Centre Employees":{"0":{"title":"Dharitri - All orissa","price":"250"}},"Prajapati":{"0":{"title":"Dharitri - All orissa","price":"250"}},"Bungalow For Sale":{"0":{"title":"Dharitri - All orissa","price":"250"}},"For Rent/Lease/To Let":{"0":{"title":"Dharitri - All orissa","price":"250"}}}