{"Matrimonial":{"0":{"title":"Dinakaran - Tamilnadu + Pondy","price":"1672"},"1":{"title":"Dinakaran - All Editions Package","price":"2040"},"2":{"title":"Dinakaran - Bangalore","price":"112"},"3":{"title":"Dinakaran - Chennai","price":"692"},"4":{"title":"Dinakaran - Coimbatore","price":"140"},"5":{"title":"Dinakaran - Delhi","price":"200"},"6":{"title":"Dinakaran - Madurai","price":"140"},"7":{"title":"Dinakaran - Mumbai","price":"100"},"8":{"title":"Dinakaran - Nagercoil","price":"100"},"9":{"title":"Dinakaran - Pondicherry","price":"100"},"10":{"title":"Dinakaran - Salem","price":"136"},"11":{"title":"Dinakaran - Trichy","price":"100"},"12":{"title":"Dinakaran - Vellore","price":"192"}},"Marriage Bureau":{"0":{"title":"Dinakaran - Tamilnadu + Pondy","price":"1672"},"1":{"title":"Dinakaran - All Editions Package","price":"2040"},"2":{"title":"Dinakaran - Bangalore","price":"112"},"3":{"title":"Dinakaran - Chennai","price":"692"},"4":{"title":"Dinakaran - Coimbatore","price":"140"},"5":{"title":"Dinakaran - Delhi","price":"200"},"6":{"title":"Dinakaran - Madurai","price":"140"},"7":{"title":"Dinakaran - Mumbai","price":"100"},"8":{"title":"Dinakaran - Nagercoil","price":"100"},"9":{"title":"Dinakaran - Pondicherry","price":"100"},"10":{"title":"Dinakaran - Salem","price":"136"},"11":{"title":"Dinakaran - Trichy","price":"100"},"12":{"title":"Dinakaran - Vellore","price":"192"}},"Recruitment job":{"0":{"title":"Dinakaran - Bangalore","price":"100"},"1":{"title":"Dinakaran - Chennai","price":"700"},"2":{"title":"Dinakaran - Coimbatore","price":"160"},"3":{"title":"Dinakaran - Delhi","price":"220"},"4":{"title":"Dinakaran - Madurai","price":"160"},"5":{"title":"Dinakaran - Mumbai","price":"100"},"6":{"title":"Dinakaran - Nagercoil","price":"100"},"7":{"title":"Dinakaran - Pondicherry","price":"100"},"8":{"title":"Dinakaran - Salem","price":"390"},"9":{"title":"Dinakaran - Tirunelveli","price":"300"},"10":{"title":"Dinakaran - Trichy","price":"150"},"11":{"title":"Dinakaran - Vellore","price":"220"}},"Education":{"0":{"title":"Dinakaran - Bangalore","price":"100"},"1":{"title":"Dinakaran - Chennai","price":"700"},"2":{"title":"Dinakaran - Coimbatore","price":"160"},"3":{"title":"Dinakaran - Delhi","price":"220"},"4":{"title":"Dinakaran - Madurai","price":"160"},"5":{"title":"Dinakaran - Mumbai","price":"100"},"6":{"title":"Dinakaran - Nagercoil","price":"100"},"7":{"title":"Dinakaran - Pondicherry","price":"100"},"8":{"title":"Dinakaran - Salem","price":"390"},"9":{"title":"Dinakaran - Tirunelveli","price":"300"},"10":{"title":"Dinakaran - Trichy","price":"150"},"11":{"title":"Dinakaran - Vellore","price":"220"}},"property real estate":{"0":{"title":"Dinakaran - Bangalore","price":"100"},"1":{"title":"Dinakaran - Chennai","price":"700"},"2":{"title":"Dinakaran - Coimbatore","price":"160"},"3":{"title":"Dinakaran - Delhi","price":"220"},"4":{"title":"Dinakaran - Madurai","price":"160"},"5":{"title":"Dinakaran - Mumbai","price":"100"},"6":{"title":"Dinakaran - Nagercoil","price":"100"},"7":{"title":"Dinakaran - Pondicherry","price":"100"},"8":{"title":"Dinakaran - Salem","price":"390"},"9":{"title":"Dinakaran - Tirunelveli","price":"300"},"10":{"title":"Dinakaran - Trichy","price":"150"},"11":{"title":"Dinakaran - Vellore","price":"220"}},"Lost and Found":{"0":{"title":"Dinakaran - Bangalore","price":"100"},"1":{"title":"Dinakaran - Chennai","price":"700"},"2":{"title":"Dinakaran - Coimbatore","price":"160"},"3":{"title":"Dinakaran - Delhi","price":"220"},"4":{"title":"Dinakaran - Madurai","price":"160"},"5":{"title":"Dinakaran - Mumbai","price":"100"},"6":{"title":"Dinakaran - Nagercoil","price":"100"},"7":{"title":"Dinakaran - Pondicherry","price":"100"},"8":{"title":"Dinakaran - Salem","price":"390"},"9":{"title":"Dinakaran - Tirunelveli","price":"300"},"10":{"title":"Dinakaran - Trichy","price":"150"},"11":{"title":"Dinakaran - Vellore","price":"220"}},"Business":{"0":{"title":"Dinakaran - Tamilnadu + Pondy","price":"3640"},"1":{"title":"Dinakaran - All Editions Package","price":"3900"},"2":{"title":"Dinakaran - Bangalore","price":"150"},"3":{"title":"Dinakaran - Chennai","price":"1280"},"4":{"title":"Dinakaran - Coimbatore","price":"420"},"5":{"title":"Dinakaran - Delhi","price":"208"},"6":{"title":"Dinakaran - Madurai","price":"380"},"7":{"title":"Dinakaran - Mumbai","price":"120"},"8":{"title":"Dinakaran - Nagercoil","price":"212"},"9":{"title":"Dinakaran - Pondicherry","price":"232"},"10":{"title":"Dinakaran - Salem","price":"320"},"11":{"title":"Dinakaran - Tirunelveli","price":"260"},"12":{"title":"Dinakaran - Trichy","price":"280"},"13":{"title":"Dinakaran - Vellore","price":"272"}},"Obituary(Death Announcement)":{"0":{"title":"Dinakaran - Tamilnadu + Pondy","price":"3640"},"1":{"title":"Dinakaran - All Editions Package","price":"3900"},"2":{"title":"Dinakaran - Bangalore","price":"150"},"3":{"title":"Dinakaran - Chennai","price":"1280"},"4":{"title":"Dinakaran - Coimbatore","price":"420"},"5":{"title":"Dinakaran - Delhi","price":"208"},"6":{"title":"Dinakaran - Madurai","price":"380"},"7":{"title":"Dinakaran - Mumbai","price":"120"},"8":{"title":"Dinakaran - Nagercoil","price":"140"},"9":{"title":"Dinakaran - Pondicherry","price":"160"},"10":{"title":"Dinakaran - Salem","price":"212"},"11":{"title":"Dinakaran - Tirunelveli","price":"176"},"12":{"title":"Dinakaran - Trichy","price":"180"},"13":{"title":"Dinakaran - Vellore","price":"176"}},"Remembrance(Unforgettable)":{"0":{"title":"Dinakaran - Tamilnadu + Pondy","price":"2200"},"1":{"title":"Dinakaran - All Editions Package","price":"2600"},"2":{"title":"Dinakaran - Bangalore","price":"150"},"3":{"title":"Dinakaran - Chennai","price":"840"},"4":{"title":"Dinakaran - Coimbatore","price":"260"},"5":{"title":"Dinakaran - Delhi","price":"192"},"6":{"title":"Dinakaran - Madurai","price":"220"},"7":{"title":"Dinakaran - Mumbai","price":"80"},"8":{"title":"Dinakaran - Nagercoil","price":"140"},"9":{"title":"Dinakaran - Pondicherry","price":"160"},"10":{"title":"Dinakaran - Salem","price":"212"},"11":{"title":"Dinakaran - Tirunelveli","price":"176"},"12":{"title":"Dinakaran - Trichy","price":"180"},"13":{"title":"Dinakaran - Vellore","price":"176"}},"public tender notices":{"0":{"title":"Dinakaran - Tamilnadu + Pondy","price":"2200"},"1":{"title":"Dinakaran - All Editions Package","price":"2600"},"2":{"title":"Dinakaran - Bangalore","price":"150"},"3":{"title":"Dinakaran - Chennai","price":"840"},"4":{"title":"Dinakaran - Coimbatore","price":"260"},"5":{"title":"Dinakaran - Delhi","price":"192"},"6":{"title":"Dinakaran - Madurai","price":"220"},"7":{"title":"Dinakaran - Mumbai","price":"80"},"8":{"title":"Dinakaran - Nagercoil","price":"180"},"9":{"title":"Dinakaran - Pondicherry","price":"176"},"10":{"title":"Dinakaran - Salem","price":"267"},"11":{"title":"Dinakaran - Tirunelveli","price":"220"},"12":{"title":"Dinakaran - Trichy","price":"220"},"13":{"title":"Dinakaran - Vellore","price":"272"}},"Services":{"0":{"title":"Dinakaran - Tamilnadu + Pondy","price":"1672"},"1":{"title":"Dinakaran - All Editions Package","price":"2040"},"2":{"title":"Dinakaran - Bangalore","price":"88"}},"Retail/Shopping":{"0":{"title":"Dinakaran - Tamilnadu + Pondy","price":"1672"},"1":{"title":"Dinakaran - All Editions Package","price":"2040"},"2":{"title":"Dinakaran - Bangalore","price":"88"},"3":{"title":"Dinakaran - Chennai","price":"600"},"4":{"title":"Dinakaran - Coimbatore","price":"156"},"5":{"title":"Dinakaran - Delhi","price":"176"},"6":{"title":"Dinakaran - Madurai","price":"132"},"7":{"title":"Dinakaran - Mumbai","price":"68"},"8":{"title":"Dinakaran - Nagercoil","price":"80"},"9":{"title":"Dinakaran - Pondicherry","price":"112"},"10":{"title":"Dinakaran - Salem","price":"132"},"11":{"title":"Dinakaran - Tirunelveli","price":"112"},"12":{"title":"Dinakaran - Trichy","price":"132"},"13":{"title":"Dinakaran - Vellore","price":"176"}},"Personal Announcement":{"0":{"title":"Dinakaran - Tamilnadu + Pondy","price":"1672"},"1":{"title":"Dinakaran - All Editions Package","price":"2040"},"2":{"title":"Dinakaran - Bangalore","price":"88"},"3":{"title":"Dinakaran - Chennai","price":"600"},"4":{"title":"Dinakaran - Coimbatore","price":"156"},"5":{"title":"Dinakaran - Delhi","price":"176"},"6":{"title":"Dinakaran - Madurai","price":"132"},"7":{"title":"Dinakaran - Mumbai","price":"68"},"8":{"title":"Dinakaran - Nagercoil","price":"80"},"9":{"title":"Dinakaran - Pondicherry","price":"112"},"10":{"title":"Dinakaran - Salem","price":"132"},"11":{"title":"Dinakaran - Tirunelveli","price":"112"},"12":{"title":"Dinakaran - Trichy","price":"132"},"13":{"title":"Dinakaran - Vellore","price":"176"}},"Astrology":{"0":{"title":"Dinakaran - Tamilnadu + Pondy","price":"3520"},"1":{"title":"Dinakaran - All Editions Package","price":"3960"},"2":{"title":"Dinakaran - Bangalore","price":"116"}},"Vehicles Automobiles":{"0":{"title":"Dinakaran - Tamilnadu + Pondy","price":"3520"},"1":{"title":"Dinakaran - All Editions Package","price":"3960"},"2":{"title":"Dinakaran - Bangalore","price":"116"},"3":{"title":"Dinakaran - Chennai","price":"1260"},"4":{"title":"Dinakaran - Coimbatore","price":"372"},"5":{"title":"Dinakaran - Delhi","price":"200"},"6":{"title":"Dinakaran - Madurai","price":"360"},"7":{"title":"Dinakaran - Mumbai","price":"80"},"8":{"title":"Dinakaran - Nagercoil","price":"180"},"9":{"title":"Dinakaran - Pondicherry","price":"208"},"10":{"title":"Dinakaran - Salem","price":"304"},"11":{"title":"Dinakaran - Tirunelveli","price":"112"},"12":{"title":"Dinakaran - Trichy","price":"280"},"13":{"title":"Dinakaran - Vellore","price":"220"}},"Tours and Travel":{"0":{"title":"Dinakaran - Tamilnadu + Pondy","price":"3520"},"1":{"title":"Dinakaran - All Editions Package","price":"3960"},"2":{"title":"Dinakaran - Bangalore","price":"116"},"3":{"title":"Dinakaran - Chennai","price":"1260"},"4":{"title":"Dinakaran - Coimbatore","price":"372"},"5":{"title":"Dinakaran - Delhi","price":"200"},"6":{"title":"Dinakaran - Madurai","price":"360"},"7":{"title":"Dinakaran - Mumbai","price":"80"},"8":{"title":"Dinakaran - Nagercoil","price":"180"},"9":{"title":"Dinakaran - Pondicherry","price":"208"},"10":{"title":"Dinakaran - Salem","price":"304"},"11":{"title":"Dinakaran - Tirunelveli","price":"112"},"12":{"title":"Dinakaran - Trichy","price":"160"},"13":{"title":"Dinakaran - Vellore","price":"176"}}}