{"Matrimonial":{"0":{"title":"Dinamalar - All 4 Editions\n(Chennai + Coimbatore + Madurai + Pondicherry)","price":"300"},"1":{"title":"Dinamalar -Chennai","price":"315"}},"Marriage Bureau":{"0":{"title":"Dinamalar - All 4 Editions\n(Chennai + Coimbatore + Madurai + Pondicherry)","price":"300"},"1":{"title":"Dinamalar -Chennai","price":"315"}},"Change of Name":{"0":{"title":"Dinamalar - All 4 Editions\n(Chennai + Coimbatore + Madurai + Pondicherry)","price":"300"},"1":{"title":"Dinamalar -Chennai","price":"315"}},"Recruitment job":{"0":{"title":"Dinamalar - All 4 Editions\n(Chennai + Coimbatore + Madurai + Pondicherry)","price":"300"},"1":{"title":"Dinamalar -Chennai","price":"315"}},"Education":{"0":{"title":"Dinamalar - All 4 Editions\n(Chennai + Coimbatore + Madurai + Pondicherry)","price":"300"},"1":{"title":"Dinamalar -Chennai","price":"315"}},"property real estate":{"0":{"title":"Dinamalar - All 4 Editions\n(Chennai + Coimbatore + Madurai + Pondicherry)","price":"300"},"1":{"title":"Dinamalar -Chennai","price":"315"}},"Lost and Found":{"0":{"title":"Dinamalar - All 4 Editions\n(Chennai + Coimbatore + Madurai + Pondicherry)","price":"300"},"1":{"title":"Dinamalar -Chennai","price":"315"}},"Business":{"0":{"title":"Dinamalar - All 4 Editions\n(Chennai + Coimbatore + Madurai + Pondicherry)","price":"300"},"1":{"title":"Dinamalar -Chennai","price":"315"}},"Obituary(Death Announcement)":{"0":{"title":"Dinamalar - All 4 Editions\n(Chennai + Coimbatore + Madurai + Pondicherry)","price":"300"},"1":{"title":"Dinamalar -Chennai","price":"315"}},"Remembrance(Unforgettable)":{"0":{"title":"Dinamalar - All 4 Editions\n(Chennai + Coimbatore + Madurai + Pondicherry)","price":"300"},"1":{"title":"Dinamalar -Chennai","price":"315"}},"public tender notices":{"0":{"title":"Dinamalar - All 4 Editions\n(Chennai + Coimbatore + Madurai + Pondicherry)","price":"900"}},"Services":{"0":{"title":"Dinamalar - All 4 Editions\n(Chennai + Coimbatore + Madurai + Pondicherry)","price":"900"}},"Retail/Shopping":{"0":{"title":"Dinamalar - All 4 Editions\n(Chennai + Coimbatore + Madurai + Pondicherry)","price":"900"}},"Personal Announcement":{"0":{"title":"Dinamalar -Chennai","price":"475"}},"Computers and Hardware":{"0":{"title":"Dinamalar -Chennai","price":"475"}},"Astrology":{"0":{"title":"Dinamalar -Chennai","price":"475"}},"Vehicles Automobiles":{"0":{"title":"Dinamalar -Chennai","price":"475"}},"Tours and Travel":{"0":{"title":"Dinamalar -Chennai","price":"475"}},"Property-Rental":{"0":{"title":"Dinamalar -Chennai","price":"475"}},"Entertainment":{"0":{"title":"Dinamalar -Chennai","price":"475"}},"Real Estate Selling":{"0":{"title":"Dinamalar -Chennai","price":"475"}},"Beauty & Wellness":{"0":{"title":"Dinamalar -Chennai","price":"475"}},"Call Centre Employees":{"0":{"title":"Dinamalar -Chennai","price":"475"}},"Prajapati":{"0":{"title":"Dinamalar -Chennai","price":"475"}},"Bungalow For Sale":{"0":{"title":"Dinamalar -Chennai","price":"475"}},"For Rent/Lease/To Let":{"0":{"title":"Dinamalar - All 4 Editions\n(Chennai + Coimbatore + Madurai + Pondicherry)","price":"900"},"1":{"title":"Dinamalar - Coimbatore","price":"660"},"2":{"title":"Dinamalar - Madurai","price":"510"},"3":{"title":"Dinamalar -Chennai","price":"525"},"4":{"title":"Dinamalar-Pondicherry","price":"500"}},"Outright Sale":{"0":{"title":"Dinamalar - All 4 Editions\n(Chennai + Coimbatore + Madurai + Pondicherry)","price":"900"},"1":{"title":"Dinamalar - Coimbatore","price":"660"},"2":{"title":"Dinamalar - Madurai","price":"510"},"3":{"title":"Dinamalar -Chennai","price":"525"},"4":{"title":"Dinamalar-Pondicherry","price":"500"}},"Property Others":{"0":{"title":"Dinamalar - All 4 Editions\n(Chennai + Coimbatore + Madurai + Pondicherry)","price":"900"},"1":{"title":"Dinamalar - Coimbatore","price":"660"},"2":{"title":"Dinamalar - Madurai","price":"510"},"3":{"title":"Dinamalar -Chennai","price":"525"},"4":{"title":"Dinamalar-Pondicherry","price":"500"}},"SMS CAMPAIGN":{"0":{"title":"Dinamalar - All 4 Editions\n(Chennai + Coimbatore + Madurai + Pondicherry)","price":"900"},"1":{"title":"Dinamalar - Coimbatore","price":"660"},"2":{"title":"Dinamalar - Madurai","price":"510"},"3":{"title":"Dinamalar -Chennai","price":"525"},"4":{"title":"Dinamalar-Pondicherry","price":"500"}}}