{"Matrimonial":{"0":{"title":"Divya Himachal - All Edition","price":"700"}},"Marriage Bureau":{"0":{"title":"Divya Himachal - All Edition","price":"700"}},"Change of Name":{"0":{"title":"Divya Himachal - All Edition","price":"700"}},"Recruitment job":{"0":{"title":"Divya Himachal - All Edition","price":"700"}},"Education":{"0":{"title":"Divya Himachal - All Edition","price":"700"}},"property real estate":{"0":{"title":"Divya Himachal - All Edition","price":"700"}},"Lost and Found":{"0":{"title":"Divya Himachal - All Edition","price":"700"}},"Business":{"0":{"title":"Divya Himachal - All Edition","price":"700"}},"Obituary(Death Announcement)":{"0":{"title":"Divya Himachal - All Edition","price":"700"}},"Remembrance(Unforgettable)":{"0":{"title":"Divya Himachal - All Edition","price":"700"}},"public tender notices":{"0":{"title":"Divya Himachal - All Edition","price":"700"}},"Services":{"0":{"title":"Divya Himachal - All Edition","price":"700"}},"Retail/Shopping":{"0":{"title":"Divya Himachal - All Edition","price":"700"}},"Personal Announcement":{"0":{"title":"Divya Himachal - All Edition","price":"700"}},"Computers and Hardware":{"0":{"title":"Divya Himachal - All Edition","price":"700"}},"Astrology":{"0":{"title":"Divya Himachal - All Edition","price":"700"}},"Vehicles Automobiles":{"0":{"title":"Divya Himachal - All Edition","price":"700"}},"Tours and Travel":{"0":{"title":"Divya Himachal - All Edition","price":"700"}},"Property-Rental":{"0":{"title":"Divya Himachal - All Edition","price":"700"}},"Entertainment":{"0":{"title":"Divya Himachal - All Edition","price":"700"}},"Real Estate Selling":{"0":{"title":"Divya Himachal - All Edition","price":"700"}},"Beauty & Wellness":{"0":{"title":"Divya Himachal - All Edition","price":"560"}},"Call Centre Employees":{"0":{"title":"Divya Himachal - All Edition","price":"560"}},"Prajapati":{"0":{"title":"Divya Himachal - All Edition","price":"560"}},"Bungalow For Sale":{"0":{"title":"Divya Himachal - All Edition","price":"560"}},"For Rent/Lease/To Let":{"0":{"title":"Divya Himachal - All Edition","price":"560"}},"Outright Sale":{"0":{"title":"Divya Himachal - All Edition","price":"600"}},"Property Others":{"0":{"title":"Divya Himachal - All Edition","price":"600"}},"SMS CAMPAIGN":{"0":{"title":"Divya Himachal - All Edition","price":"600"}}}