{"Matrimonial":{"0":{"title":"Divya Bhaskar - All Gujarat Editions","price":"850"}},"Marriage Bureau":{"0":{"title":"Divya Bhaskar - All Gujarat Editions","price":"850"}},"Change of Name":{"0":{"title":"Divya Bhaskar - All Gujarat Editions","price":"850"}},"Recruitment job":{"0":{"title":"Divya Bhaskar - All Gujarat Editions","price":"850"}},"Education":{"0":{"title":"Divya Bhaskar - All Gujarat Editions","price":"850"}},"property real estate":{"0":{"title":"Divya Bhaskar - All Gujarat Editions","price":"850"}},"Lost and Found":{"0":{"title":"Divya Bhaskar - All Gujarat Editions","price":"850"}},"Business":{"0":{"title":"Divya Bhaskar - All Gujarat Editions","price":"850"}},"Obituary(Death Announcement)":{"0":{"title":"Divya Bhaskar - All Gujarat Editions","price":"850"}},"Remembrance(Unforgettable)":{"0":{"title":"Divya Bhaskar - All Gujarat Editions","price":"850"}},"public tender notices":{"0":{"title":"Divya Bhaskar - All Gujarat Editions","price":"850"}},"Services":{"0":{"title":"Divya Bhaskar - All Gujarat Editions","price":"850"}},"Retail/Shopping":{"0":{"title":"Divya Bhaskar - All Gujarat Editions","price":"850"}},"Personal Announcement":{"0":{"title":"Divya Bhaskar - All Gujarat Editions","price":"850"}},"Computers and Hardware":{"0":{"title":"Divya Bhaskar - All Gujarat Editions","price":"850"}},"Astrology":{"0":{"title":"Divya Bhaskar - All Gujarat Editions","price":"850"}},"Vehicles Automobiles":{"0":{"title":"Divya Bhaskar - All Gujarat Editions","price":"850"}},"Tours and Travel":{"0":{"title":"Divya Bhaskar - All Gujarat Editions","price":"850"}},"Property-Rental":{"0":{"title":"Divya Bhaskar - All Gujarat Editions","price":"850"}},"Entertainment":{"0":{"title":"Divya Bhaskar - All Gujarat Editions","price":"850"}},"Real Estate Selling":{"0":{"title":"Divya Bhaskar - All Gujarat Editions","price":"850"}},"Beauty & Wellness":{"0":{"title":"Divya Bhaskar - All Gujarat Editions","price":"850"}},"Call Centre Employees":{"0":{"title":"Divya Bhaskar - All Gujarat Editions","price":"850"}}}