{"Recruitment job":{"0":{"title":"DNA - Mumbai","price":"350"}},"Education":{"0":{"title":"DNA - Mumbai","price":"350"}},"property real estate":{"0":{"title":"DNA - Mumbai","price":"350"}},"Lost and Found":{"0":{"title":"DNA - Mumbai","price":"350"}},"Business":{"0":{"title":"DNA - Mumbai","price":"350"}},"Obituary(Death Announcement)":{"0":{"title":"DNA - Mumbai","price":"350"}},"Remembrance(Unforgettable)":{"0":{"title":"DNA - Mumbai","price":"350"}},"public tender notices":{"0":{"title":"DNA - Mumbai","price":"350"}},"Services":{"0":{"title":"DNA - Mumbai","price":"350"}},"Retail/Shopping":{"0":{"title":"DNA - Mumbai","price":"350"}},"Personal Announcement":{"0":{"title":"DNA - Mumbai","price":"350"}},"Computers and Hardware":{"0":{"title":"DNA - Mumbai","price":"350"}},"Astrology":{"0":{"title":"DNA - Mumbai","price":"350"}},"Vehicles Automobiles":{"0":{"title":"DNA - Mumbai","price":"350"}},"Tours and Travel":{"0":{"title":"DNA - Mumbai","price":"350"}},"Property-Rental":{"0":{"title":"DNA - Mumbai","price":"680"}},"Entertainment":{"0":{"title":"DNA - Mumbai","price":"680"}},"Real Estate Selling":{"0":{"title":"DNA - Mumbai","price":"680"}},"Beauty & Wellness":{"0":{"title":"DNA - Mumbai","price":"680"}},"Call Centre Employees":{"0":{"title":"DNA - Mumbai","price":"680"}},"Prajapati":{"0":{"title":"DNA - Mumbai","price":"680"}},"Bungalow For Sale":{"0":{"title":"DNA - Mumbai","price":"680"}},"For Rent/Lease/To Let":{"0":{"title":"DNA - Mumbai","price":"680"}},"Outright Sale":{"0":{"title":"DNA - Mumbai","price":"680"}},"Property Others":{"0":{"title":"DNA - Mumbai","price":"680"}},"SMS CAMPAIGN":{"0":{"title":"DNA - Mumbai","price":"680"}}}