{"Education":{"0":{"title":"The Times of India (Sun, Wkdy) + Education Times - Chennai","price":"1500"},"1":{"title":"The Times of India (Sndy, Wkdy) + Education Times + Navbharat Times + The Economic Times + Sandhya Times- Delhi NCR","price":"5500"},"2":{"title":"The Times of India (Sndy, Wkdy) + Education Times + The Economic Times - Delhi NCR","price":"4800"}},"property real estate":{"0":{"title":"The Times of India (Sun, Wkdy) + Education Times - Chennai","price":"1500"},"1":{"title":"The Times of India (Sndy, Wkdy) + Education Times + Navbharat Times + The Economic Times + Sandhya Times- Delhi NCR","price":"5500"},"2":{"title":"The Times of India (Sndy, Wkdy) + Education Times + The Economic Times - Delhi NCR","price":"4800"},"3":{"title":"The Times of India(Sun & Weekday) + Education Times + The Economic Times + Mirror - Mumbai","price":"4500"},"4":{"title":"The Times Of India - U.P + Economics Times + Navbharat Times + Education Times - Lucknow","price":"1400"},"5":{"title":"Education Times + Times of India (Sunday) + Economic Times -Hyderabad + Times of India (Vijayawada + Visakhapatnam)","price":"950"},"6":{"title":"EI Samay + Education Times","price":"1425"},"7":{"title":"Education Times - Ahmedabad","price":"250"},"8":{"title":"Education Times - Chandigarh","price":"250"},"9":{"title":"Education Times - Chennai","price":"950"},"10":{"title":"Education Times - Delhi","price":"4200"},"11":{"title":"Education Times - Hyderabad","price":"350"},"12":{"title":"Education Times - Kanpur","price":"270"},"13":{"title":"Education Times - Lucknow","price":"270"},"14":{"title":"Education Times - Mumbai","price":"1500"},"15":{"title":"Education Times - Pune","price":"650"},"16":{"title":"Education Times -Baroda","price":"227"},"17":{"title":"Education Times -Jaipur","price":"95"},"18":{"title":"Education Times -Vishakapatnam","price":"50"}},"Lost and Found":{"0":{"title":"The Times of India (Sun, Wkdy) + Education Times - Chennai","price":"1500"},"1":{"title":"The Times of India (Sndy, Wkdy) + Education Times + Navbharat Times + The Economic Times + Sandhya Times- Delhi NCR","price":"5500"},"2":{"title":"The Times of India (Sndy, Wkdy) + Education Times + The Economic Times - Delhi NCR","price":"4800"},"3":{"title":"The Times of India(Sun & Weekday) + Education Times + The Economic Times + Mirror - Mumbai","price":"4500"},"4":{"title":"The Times Of India - U.P + Economics Times + Navbharat Times + Education Times - Lucknow","price":"1400"},"5":{"title":"Education Times + Times of India (Sunday) + Economic Times -Hyderabad + Times of India (Vijayawada + Visakhapatnam)","price":"950"},"6":{"title":"EI Samay + Education Times","price":"1425"},"7":{"title":"Education Times - Ahmedabad","price":"250"},"8":{"title":"Education Times - Chandigarh","price":"250"},"9":{"title":"Education Times - Chennai","price":"950"},"10":{"title":"Education Times - Delhi","price":"4200"},"11":{"title":"Education Times - Hyderabad","price":"350"},"12":{"title":"Education Times - Kanpur","price":"270"},"13":{"title":"Education Times - Lucknow","price":"270"},"14":{"title":"Education Times - Mumbai","price":"1500"},"15":{"title":"Education Times - Pune","price":"650"},"16":{"title":"Education Times -Baroda","price":"227"},"17":{"title":"Education Times -Jaipur","price":"95"},"18":{"title":"Education Times -Vishakapatnam","price":"50"}}}