{"Matrimonial":{"0":{"title":"EENADU - AP + Telangana","price":"2690"}},"Marriage Bureau":{"0":{"title":"EENADU - AP + Telangana","price":"2690"}},"Change of Name":{"0":{"title":"EENADU - AP + Telangana","price":"2690"}},"Recruitment job":{"0":{"title":"EENADU - AP + Telangana","price":"2690"}},"Education":{"0":{"title":"EENADU - AP + Telangana","price":"2690"}},"property real estate":{"0":{"title":"EENADU - AP + Telangana","price":"2690"}},"Lost and Found":{"0":{"title":"EENADU - AP + Telangana","price":"2690"}},"Business":{"0":{"title":"EENADU - AP + Telangana","price":"2690"}},"Obituary(Death Announcement)":{"0":{"title":"EENADU - AP + Telangana","price":"2690"}},"Remembrance(Unforgettable)":{"0":{"title":"EENADU - AP + Telangana","price":"2690"}},"public tender notices":{"0":{"title":"EENADU - AP + Telangana","price":"2690"}},"Services":{"0":{"title":"EENADU - AP + Telangana","price":"2690"}},"Retail/Shopping":{"0":{"title":"EENADU - AP + Telangana","price":"2690"}},"Personal Announcement":{"0":{"title":"EENADU - AP + Telangana","price":"2690"}},"Computers and Hardware":{"0":{"title":"EENADU - AP + Telangana","price":"2690"}},"Astrology":{"0":{"title":"EENADU - AP + Telangana","price":"2690"}},"Vehicles Automobiles":{"0":{"title":"EENADU - AP + Telangana","price":"2690"}},"Tours and Travel":{"0":{"title":"EENADU - AP + Telangana","price":"2690"}},"Property-Rental":{"0":{"title":"EENADU - AP + Telangana","price":"2690"}},"Entertainment":{"0":{"title":"EENADU - AP + Telangana","price":"2690"}},"Real Estate Selling":{"0":{"title":"EENADU - AP + Telangana","price":"2690"}},"Beauty & Wellness":{"0":{"title":"EENADU - AP + Telangana","price":"2690"}},"Call Centre Employees":{"0":{"title":"EENADU - AP + Telangana","price":"2690"}},"Prajapati":{"0":{"title":"EENADU - AP + Telangana","price":"2690"}},"Bungalow For Sale":{"0":{"title":"EENADU - AP + Telangana","price":"2690"}},"For Rent/Lease/To Let":{"0":{"title":"EENADU - AP + Telangana","price":"2690"}},"Outright Sale":{"0":{"title":"EENADU - AP + Telangana","price":"2150"}},"Property Others":{"0":{"title":"EENADU - AP + Telangana","price":"2150"}},"SMS CAMPAIGN":{"0":{"title":"EENADU - AP + Telangana","price":"2150"}}}