{"Matrimonial":{"0":{"title":"Vivah Package :TOI (Delhi, A.P, Maharashtra, Karnataka, Tamilnadu, N, W.Bngal) + NBT (Delhi, Lucknow, Mumbai) + Ei Samay (Kolkata)","price":"8200"},"1":{"title":"Subho Bibaho Package :\nThe Times of India + EI Samay - Kollata","price":"1250"},"2":{"title":"Sindoor Package :\nThe Times of India - Patna, Kolkata + Ei Samay - Kolkata","price":"1025"},"3":{"title":"Eastern Selection Package :\nThe Times of India - Orissa, Bihar, W.Bengal + Ei Samay - Kolkata","price":"1250"}},"Marriage Bureau":{"0":{"title":"Vivah Package :TOI (Delhi, A.P, Maharashtra, Karnataka, Tamilnadu, N, W.Bngal) + NBT (Delhi, Lucknow, Mumbai) + Ei Samay (Kolkata)","price":"8200"},"1":{"title":"Subho Bibaho Package :\nThe Times of India + EI Samay - Kollata","price":"1250"},"2":{"title":"Sindoor Package :\nThe Times of India - Patna, Kolkata + Ei Samay - Kolkata","price":"1025"},"3":{"title":"Eastern Selection Package :\nThe Times of India - Orissa, Bihar, W.Bengal + Ei Samay - Kolkata","price":"1250"}},"Change of Name":{"0":{"title":"Vivah Package :TOI (Delhi, A.P, Maharashtra, Karnataka, Tamilnadu, N, W.Bngal) + NBT (Delhi, Lucknow, Mumbai) + Ei Samay (Kolkata)","price":"8200"},"1":{"title":"Subho Bibaho Package :\nThe Times of India + EI Samay - Kollata","price":"1250"},"2":{"title":"Sindoor Package :\nThe Times of India - Patna, Kolkata + Ei Samay - Kolkata","price":"1025"},"3":{"title":"Eastern Selection Package :\nThe Times of India - Orissa, Bihar, W.Bengal + Ei Samay - Kolkata","price":"1250"}},"Recruitment job":{"0":{"title":"Vivah Package :TOI (Delhi, A.P, Maharashtra, Karnataka, Tamilnadu, N, W.Bngal) + NBT (Delhi, Lucknow, Mumbai) + Ei Samay (Kolkata)","price":"8200"},"1":{"title":"Subho Bibaho Package :\nThe Times of India + EI Samay - Kollata","price":"1250"},"2":{"title":"Sindoor Package :\nThe Times of India - Patna, Kolkata + Ei Samay - Kolkata","price":"1025"},"3":{"title":"Eastern Selection Package :\nThe Times of India - Orissa, Bihar, W.Bengal + Ei Samay - Kolkata","price":"1250"}},"Education":{"0":{"title":"Vivah Package :TOI (Delhi, A.P, Maharashtra, Karnataka, Tamilnadu, N, W.Bngal) + NBT (Delhi, Lucknow, Mumbai) + Ei Samay (Kolkata)","price":"8200"},"1":{"title":"Subho Bibaho Package :\nThe Times of India + EI Samay - Kollata","price":"1250"},"2":{"title":"Sindoor Package :\nThe Times of India - Patna, Kolkata + Ei Samay - Kolkata","price":"1025"},"3":{"title":"Eastern Selection Package :\nThe Times of India - Orissa, Bihar, W.Bengal + Ei Samay - Kolkata","price":"1250"}},"property real estate":{"0":{"title":"Vivah Package :TOI (Delhi, A.P, Maharashtra, Karnataka, Tamilnadu, N, W.Bngal) + NBT (Delhi, Lucknow, Mumbai) + Ei Samay (Kolkata)","price":"8200"},"1":{"title":"Subho Bibaho Package :\nThe Times of India + EI Samay - Kollata","price":"1250"},"2":{"title":"Sindoor Package :\nThe Times of India - Patna, Kolkata + Ei Samay - Kolkata","price":"1025"},"3":{"title":"Eastern Selection Package :\nThe Times of India - Orissa, Bihar, W.Bengal + Ei Samay - Kolkata","price":"1250"}},"Lost and Found":{"0":{"title":"Vivah Package :TOI (Delhi, A.P, Maharashtra, Karnataka, Tamilnadu, N, W.Bngal) + NBT (Delhi, Lucknow, Mumbai) + Ei Samay (Kolkata)","price":"8200"},"1":{"title":"Subho Bibaho Package :\nThe Times of India + EI Samay - Kollata","price":"1250"},"2":{"title":"Sindoor Package :\nThe Times of India - Patna, Kolkata + Ei Samay - Kolkata","price":"1025"},"3":{"title":"Eastern Selection Package :\nThe Times of India - Orissa, Bihar, W.Bengal + Ei Samay - Kolkata","price":"1250"}},"Business":{"0":{"title":"Vivah Package :TOI (Delhi, A.P, Maharashtra, Karnataka, Tamilnadu, N, W.Bngal) + NBT (Delhi, Lucknow, Mumbai) + Ei Samay (Kolkata)","price":"8200"},"1":{"title":"Subho Bibaho Package :\nThe Times of India + EI Samay - Kollata","price":"1250"},"2":{"title":"Sindoor Package : The Times of India - Patna, Kolkata + Ei Samay - Kolkata\n","price":"1025"},"3":{"title":"Eastern Selection Package :\nThe Times of India - Orissa, Bihar, W.Bengal + Ei Samay - Kolkata","price":"1250"}},"Obituary(Death Announcement)":{"0":{"title":"Vivah Package :TOI (Delhi, A.P, Maharashtra, Karnataka, Tamilnadu, N, W.Bngal) + NBT (Delhi, Lucknow, Mumbai) + Ei Samay (Kolkata)","price":"8200"},"1":{"title":"Subho Bibaho Package :\nThe Times of India + EI Samay - Kollata","price":"1250"},"2":{"title":"Sindoor Package :\nThe Times of India - Patna, Kolkata + Ei Samay - Kolkata","price":"1025"},"3":{"title":"Eastern Selection Package :\nThe Times of India - Orissa, Bihar, W.Bengal + Ei Samay - Kolkata","price":"1250"}},"Remembrance(Unforgettable)":{"0":{"title":"The Economic Times + EI Samay - Kolkata","price":"650"},"1":{"title":"Times of india + EI Samay -Kolkata","price":"1250"},"2":{"title":"Ei Samay - Kolkata","price":"385"}},"public tender notices":{"0":{"title":"The Economic Times + EI Samay - Kolkata","price":"650"},"1":{"title":"Times of india + EI Samay -Kolkata","price":"1250"},"2":{"title":"Ei Samay - Kolkata","price":"385"}},"Services":{"0":{"title":"The Economic Times + EI Samay - Kolkata","price":"650"},"1":{"title":"Times of india + EI Samay -Kolkata","price":"1250"},"2":{"title":"Ei Samay - Kolkata","price":"385"}},"Retail/Shopping":{"0":{"title":"The Economic Times + EI Samay - Kolkata","price":"650"},"1":{"title":"Times of india + EI Samay -Kolkata","price":"1250"},"2":{"title":"Ei Samay - Kolkata","price":"385"}},"Personal Announcement":{"0":{"title":"The Economic Times + EI Samay - Kolkata","price":"650"},"1":{"title":"Times of india + EI Samay -Kolkata","price":"1250"},"2":{"title":"Ei Samay - Kolkata","price":"385"}},"Computers and Hardware":{"0":{"title":"The Economic Times + EI Samay - Kolkata","price":"2250"},"1":{"title":"The Economic Times + EI Samay - Kolkata","price":"1040"},"2":{"title":"Ei Samay - Kolkata","price":"800"}},"Astrology":{"0":{"title":"The Times of India (Wkdy + Sun)+ The Economics Times + Ei Samay + Bardhaman- Kolkata","price":"2250"},"1":{"title":"The Economic Times + EI Samay - Kolkata","price":"1040"},"2":{"title":"Ei Samay - Kolkata","price":"800"}},"Vehicles Automobiles":{"0":{"title":"The Times of India (Wkdy + Sun)+ The Economics Times + Ei Samay + Bardhaman- Kolkata","price":"2250"},"1":{"title":"The Economic Times + EI Samay - Kolkata","price":"1040"},"2":{"title":"Ei Samay - Kolkata","price":"800"}},"Tours and Travel":{"0":{"title":"The Times of India (Wkdy + Sun)+ The Economics Times + Ei Samay + Bardhaman- Kolkata","price":"2250"},"1":{"title":"The Economic Times + EI Samay - Kolkata","price":"1040"},"2":{"title":"Ei Samay - Kolkata","price":"800"}},"Property-Rental":{"0":{"title":"The Times of India (Wkdy + Sun)+ The Economics Times + Ei Samay + Bardhaman- Kolkata","price":"2250"},"1":{"title":"The Economic Times + EI Samay - Kolkata","price":"1040"},"2":{"title":"Ei Samay - Kolkata","price":"800"}},"Entertainment":{"0":{"title":"The Times of India (Wkdy + Sun)+ The Economics Times + Ei Samay + Bardhaman- Kolkata","price":"2250"},"1":{"title":"The Economic Times + EI Samay - Kolkata","price":"1040"},"2":{"title":"Ei Samay - Kolkata","price":"800"}},"Real Estate Selling":{"0":{"title":"The Times of India (Wkdy + Sun)+ The Economics Times + Ei Samay + Bardhaman- Kolkata","price":"2250"},"1":{"title":"The Economic Times + EI Samay - Kolkata","price":"990"},"2":{"title":"EI Samay + Education Times","price":"1425"},"3":{"title":"Ei Samay - Kolkata","price":"775"}},"Beauty & Wellness":{"0":{"title":"The Times of India (Wkdy + Sun)+ The Economics Times + Ei Samay + Bardhaman- Kolkata","price":"2250"},"1":{"title":"The Economic Times + EI Samay - Kolkata","price":"1535"},"2":{"title":"Ei Samay - Kolkata","price":"770"}},"Call Centre Employees":{"0":{"title":"The Times of India (Wkdy + Sun)+ The Economics Times + Ei Samay + Bardhaman- Kolkata","price":"1250"},"1":{"title":"Ei Samay - Kolkata","price":"385"},"2":{"title":"Ei Samay - Kolkata","price":"800"}},"Prajapati":{"0":{"title":"The Times of India (Wkdy + Sun)+ The Economics Times + Ei Samay + Bardhaman- Kolkata","price":"2250"},"1":{"title":"The Economic Times + EI Samay - Kolkata","price":"1075"},"2":{"title":"Ei Samay - Kolkata","price":"800"}},"Bungalow For Sale":{"0":{"title":"The Times of India (Wkdy + Sun)+ The Economics Times + Ei Samay + Bardhaman- Kolkata","price":"2250"},"1":{"title":"Ei Samay - Kolkata","price":"900"},"2":{"title":"Ei Samay - Kolkata","price":"900"}},"For Rent/Lease/To Let":{"0":{"title":"The Times of India (Wkdy + Sun)+ The Economics Times + Ei Samay + Bardhaman- Kolkata","price":"2250"},"1":{"title":"The Economic Times + EI Samay - Kolkata","price":"1010"},"2":{"title":"Ei Samay - Kolkata","price":"900"}},"Outright Sale":{"0":{"title":"Ei Samay - Kolkata","price":"385"}},"Property Others":{"0":{"title":"Ei Samay - Kolkata","price":"385"}},"SMS CAMPAIGN":{"0":{"title":"Ei Samay - Kolkata","price":"385"}}}