{"Education":{"0":{"title":"Greater Kashmir - Jammu","price":"2600"},"1":{"title":"Greater Kashmir - Srinagar","price":"3200"}},"property real estate":{"0":{"title":"Greater Kashmir - Jammu","price":"2600"},"1":{"title":"Greater Kashmir - Srinagar","price":"3200"}},"Lost and Found":{"0":{"title":"Greater Kashmir - Jammu","price":"2600"},"1":{"title":"Greater Kashmir - Srinagar","price":"3200"}},"Business":{"0":{"title":"Greater Kashmir - Jammu","price":"2600"},"1":{"title":"Greater Kashmir - Srinagar","price":"3200"}},"Obituary(Death Announcement)":{"0":{"title":"Greater Kashmir - Jammu","price":"2600"},"1":{"title":"Greater Kashmir - Srinagar","price":"3200"}},"Remembrance(Unforgettable)":{"0":{"title":"Greater Kashmir - Jammu","price":"2600"},"1":{"title":"Greater Kashmir - Srinagar","price":"3200"}},"public tender notices":{"0":{"title":"Greater Kashmir - Jammu","price":"2600"},"1":{"title":"Greater Kashmir - Srinagar","price":"3200"}},"Services":{"0":{"title":"Greater Kashmir - Jammu","price":"2600"},"1":{"title":"Greater Kashmir - Srinagar","price":"3200"}},"Retail/Shopping":{"0":{"title":"Greater Kashmir - Jammu","price":"2600"},"1":{"title":"Greater Kashmir - Srinagar","price":"3200"}},"Personal Announcement":{"0":{"title":"Greater Kashmir - Jammu","price":"2600"},"1":{"title":"Greater Kashmir - Srinagar","price":"3200"}},"Computers and Hardware":{"0":{"title":"Greater Kashmir - Jammu","price":"2600"},"1":{"title":"Greater Kashmir - Srinagar","price":"3200"}},"Astrology":{"0":{"title":"Greater Kashmir - Jammu","price":"2600"},"1":{"title":"Greater Kashmir - Srinagar","price":"3200"}},"Vehicles Automobiles":{"0":{"title":"Greater Kashmir - Jammu","price":"2600"},"1":{"title":"Greater Kashmir - Srinagar","price":"3200"}},"Tours and Travel":{"0":{"title":"Greater Kashmir - Jammu","price":"2600"},"1":{"title":"Greater Kashmir - Srinagar","price":"3200"}},"Property-Rental":{"0":{"title":"Greater Kashmir - Jammu","price":"2600"},"1":{"title":"Greater Kashmir - Srinagar","price":"3200"}},"Entertainment":{"0":{"title":"Greater Kashmir - Jammu","price":"2600"},"1":{"title":"Greater Kashmir - Srinagar","price":"3200"}},"Real Estate Selling":{"0":{"title":"Greater Kashmir - Jammu","price":"2600"},"1":{"title":"Greater Kashmir - Srinagar","price":"3200"}},"Beauty & Wellness":{"0":{"title":"Greater Kashmir - Jammu","price":"2600"},"1":{"title":"Greater Kashmir - Srinagar","price":"3200"}},"Call Centre Employees":{"0":{"title":"Greater Kashmir - Jammu","price":"2600"},"1":{"title":"Greater Kashmir - Srinagar","price":"3200"}},"Prajapati":{"0":{"title":"Greater Kashmir - Jammu","price":"2600"},"1":{"title":"Greater Kashmir - Srinagar","price":"3200"}},"Bungalow For Sale":{"0":{"title":"Greater Kashmir - Jammu","price":"2600"},"1":{"title":"Greater Kashmir - Srinagar","price":"3200"}},"For Rent/Lease/To Let":{"0":{"title":"Greater Kashmir - Jammu","price":"2600"},"1":{"title":"Greater Kashmir - Srinagar","price":"3200"}},"Outright Sale":{"0":{"title":"Greater Kashmir - Jammu","price":"2600"},"1":{"title":"Greater Kashmir - Srinagar","price":"3200"}}}