{"Matrimonial":{"0":{"title":"Mid-day + Gujarati Mid-day - Mumbai","price":"1800"},"1":{"title":"Mid-day + Gujarati Mid-day + Inquilab - Mumbai","price":"2088"},"2":{"title":"Gujarati mid - Day + Inquilab - Mumbai","price":"990"},"3":{"title":"Gujarati Mid-day - Mumbai","price":"513"}},"Marriage Bureau":{"0":{"title":"Mid-day + Gujarati Mid-day - Mumbai","price":"1800"},"1":{"title":"Mid-day + Gujarati Mid-day + Inquilab - Mumbai","price":"2088"},"2":{"title":"Gujarati mid - Day + Inquilab - Mumbai","price":"990"},"3":{"title":"Gujarati Mid-day - Mumbai","price":"513"}},"Change of Name":{"0":{"title":"Mid-day + Gujarati Mid-day - Mumbai","price":"1800"},"1":{"title":"Mid-day + Gujarati Mid-day + Inquilab - Mumbai","price":"2088"},"2":{"title":"Gujarati mid - Day + Inquilab - Mumbai","price":"990"},"3":{"title":"Gujarati Mid-day - Mumbai","price":"513"}},"Recruitment job":{"0":{"title":"Mid-day + Gujarati Mid-day - Mumbai","price":"1800"},"1":{"title":"Mid-day + Gujarati Mid-day + Inquilab - Mumbai","price":"2088"},"2":{"title":"Gujarati mid - Day + Inquilab - Mumbai","price":"990"},"3":{"title":"Gujarati Mid-day - Mumbai","price":"513"}},"Education":{"0":{"title":"Mid-day + Gujarati Mid-day - Mumbai","price":"1800"},"1":{"title":"Mid-day + Gujarati Mid-day + Inquilab - Mumbai","price":"2088"},"2":{"title":"Gujarati mid - Day + Inquilab - Mumbai","price":"990"},"3":{"title":"Gujarati Mid-day - Mumbai","price":"558"}},"property real estate":{"0":{"title":"Mid-day + Gujarati Mid-day - Mumbai","price":"1800"},"1":{"title":"Mid-day + Gujarati Mid-day + Inquilab - Mumbai","price":"2088"},"2":{"title":"Gujarati mid - Day + Inquilab - Mumbai","price":"990"},"3":{"title":"Gujarati Mid-day - Mumbai","price":"558"}},"Lost and Found":{"0":{"title":"Mid-day + Gujarati Mid-day - Mumbai","price":"1800"},"1":{"title":"Mid-day + Gujarati Mid-day + Inquilab - Mumbai","price":"2088"},"2":{"title":"Gujarati mid - Day + Inquilab - Mumbai","price":"990"},"3":{"title":"Gujarati Mid-day - Mumbai","price":"558"}},"Business":{"0":{"title":"Mid-day + Gujarati Mid-day - Mumbai","price":"1800"},"1":{"title":"Mid-day + Gujarati Mid-day + Inquilab - Mumbai","price":"2088"},"2":{"title":"Gujarati mid - Day + Inquilab - Mumbai","price":"990"},"3":{"title":"Gujarati Mid-day - Mumbai","price":"558"}},"Obituary(Death Announcement)":{"0":{"title":"Mid-day + Gujarati Mid-day - Mumbai","price":"1800"},"1":{"title":"Mid-day + Gujarati Mid-day + Inquilab - Mumbai","price":"2088"},"2":{"title":"Gujarati mid - Day + Inquilab - Mumbai","price":"990"},"3":{"title":"Gujarati Mid-day - Mumbai","price":"558"}},"Remembrance(Unforgettable)":{"0":{"title":"Mid-day + Gujarati Mid-day - Mumbai","price":"1800"},"1":{"title":"Mid-day + Gujarati Mid-day + Inquilab - Mumbai","price":"2088"},"2":{"title":"Gujarati mid - Day + Inquilab - Mumbai","price":"990"},"3":{"title":"Gujarati Mid-day - Mumbai","price":"558"}},"public tender notices":{"0":{"title":"Mid-day + Gujarati Mid-day - Mumbai","price":"1800"},"1":{"title":"Mid-day + Gujarati Mid-day + Inquilab - Mumbai","price":"2088"},"2":{"title":"Gujarati mid - Day + Inquilab - Mumbai","price":"990"},"3":{"title":"Gujarati Mid-day - Mumbai","price":"558"}},"Services":{"0":{"title":"Mid-day + Gujarati Mid-day - Mumbai","price":"1800"},"1":{"title":"Mid-day + Gujarati Mid-day + Inquilab - Mumbai","price":"2088"},"2":{"title":"Gujarati mid - Day + Inquilab - Mumbai","price":"990"},"3":{"title":"Gujarati Mid-day - Mumbai","price":"558"}},"Retail/Shopping":{"0":{"title":"Mid-day + Gujarati Mid-day - Mumbai","price":"1800"},"1":{"title":"Mid-day + Gujarati Mid-day + Inquilab - Mumbai","price":"2088"},"2":{"title":"Gujarati mid - Day + Inquilab - Mumbai","price":"990"},"3":{"title":"Gujarati Mid-day - Mumbai","price":"558"}},"Personal Announcement":{"0":{"title":"Mid-day + Gujarati Mid-day - Mumbai","price":"1800"},"1":{"title":"Mid-day + Gujarati Mid-day + Inquilab - Mumbai","price":"2088"},"2":{"title":"Gujarati mid - Day + Inquilab - Mumbai","price":"990"},"3":{"title":"Gujarati Mid-day - Mumbai","price":"558"}},"Computers and Hardware":{"0":{"title":"Mid-day + Gujarati Mid-day - Mumbai","price":"1800"},"1":{"title":"Mid-day + Gujarati Mid-day + Inquilab - Mumbai","price":"2088"},"2":{"title":"Gujarati mid - Day + Inquilab - Mumbai","price":"990"},"3":{"title":"Gujarati Mid-day - Mumbai","price":"558"}},"Astrology":{"0":{"title":"Mid-day + Gujarati Mid-day - Mumbai","price":"1710"},"1":{"title":"Gujarati Mid-day - Mumbai","price":"513"}},"Vehicles Automobiles":{"0":{"title":"Mid-day + Gujarati Mid-day - Mumbai","price":"1710"},"1":{"title":"Gujarati Mid-day - Mumbai","price":"513"}},"Tours and Travel":{"0":{"title":"Mid-day + Gujarati Mid-day - Mumbai","price":"1710"},"1":{"title":"Gujarati Mid-day - Mumbai","price":"513"}},"Property-Rental":{"0":{"title":"Mid-day + Gujarati Mid-day - Mumbai","price":"1710"},"1":{"title":"Gujarati Mid-day - Mumbai","price":"513"}},"Entertainment":{"0":{"title":"Mid-day + Gujarati Mid-day - Mumbai","price":"1710"},"1":{"title":"Gujarati Mid-day - Mumbai","price":"513"}},"Real Estate Selling":{"0":{"title":"Mid-day + Gujarati Mid-day - Mumbai","price":"1710"},"1":{"title":"Gujarati Mid-day - Mumbai","price":"513"}},"Beauty & Wellness":{"0":{"title":"Mid-day + Gujarati Mid-day - Mumbai","price":"1710"},"1":{"title":"Gujarati Mid-day - Mumbai","price":"513"}},"Call Centre Employees":{"0":{"title":"Mid-day + Gujarati Mid-day - Mumbai","price":"1710"},"1":{"title":"Gujarati Mid-day - Mumbai","price":"513"}},"Prajapati":{"0":{"title":"Gujarati Mid-day - Mumbai","price":"513"}},"Bungalow For Sale":{"0":{"title":"Gujarati Mid-day - Mumbai","price":"513"}},"For Rent/Lease/To Let":{"0":{"title":"Gujarati Mid-day - Mumbai","price":"513"}},"Outright Sale":{"0":{"title":"Gujarati Mid-day - Mumbai","price":"513"}},"Property Others":{"0":{"title":"Gujarati Mid-day - Mumbai","price":"513"}},"SMS CAMPAIGN":{"0":{"title":"Gujarati Mid-day - Mumbai","price":"513"}}}