{"Marriage Bureau":{"0":{"title":"Gujarat Samachar - Ahmedabad","price":"400"},"1":{"title":"Gujarat Samachar - Baroda","price":"200"},"2":{"title":"Gujarat Samachar - Bhavnagar","price":"100"}},"Change of Name":{"0":{"title":"Gujarat Samachar - Ahmedabad","price":"400"},"1":{"title":"Gujarat Samachar - Baroda","price":"200"},"2":{"title":"Gujarat Samachar - Bhavnagar","price":"100"},"3":{"title":"Gujarat Samachar - Bhuj","price":"100"},"4":{"title":"Gujarat Samachar - Mumbai","price":"380"},"5":{"title":"Gujarat Samachar - Rajkot","price":"200"},"6":{"title":"Gujarat Samachar - Surat","price":"250"}},"Recruitment job":{"0":{"title":"Gujarat Samachar - Ahmedabad","price":"400"},"1":{"title":"Gujarat Samachar - Baroda","price":"200"},"2":{"title":"Gujarat Samachar - Bhavnagar","price":"100"},"3":{"title":"Gujarat Samachar - Bhuj","price":"100"},"4":{"title":"Gujarat Samachar - Mumbai","price":"380"},"5":{"title":"Gujarat Samachar - Rajkot","price":"200"},"6":{"title":"Gujarat Samachar - Surat","price":"250"}},"Education":{"0":{"title":"Gujarat Samachar - Ahmedabad","price":"400"},"1":{"title":"Gujarat Samachar - Baroda","price":"200"},"2":{"title":"Gujarat Samachar - Bhavnagar","price":"100"},"3":{"title":"Gujarat Samachar - Bhuj","price":"100"},"4":{"title":"Gujarat Samachar - Mumbai","price":"380"},"5":{"title":"Gujarat Samachar - Rajkot","price":"200"},"6":{"title":"Gujarat Samachar - Surat","price":"250"}},"property real estate":{"0":{"title":"Gujarat Samachar - Ahmedabad","price":"400"},"1":{"title":"Gujarat Samachar - Baroda","price":"200"},"2":{"title":"Gujarat Samachar - Bhavnagar","price":"100"},"3":{"title":"Gujarat Samachar - Bhuj","price":"100"},"4":{"title":"Gujarat Samachar - Mumbai","price":"380"},"5":{"title":"Gujarat Samachar - Rajkot","price":"200"},"6":{"title":"Gujarat Samachar - Surat","price":"250"}}}