{"Education":{"0":{"title":"Hindustan Times (Tue, Sun)\n+ Hindustan Hindi (Tue, Sun)\n+ HTD Special - Delhi Ncr (Thur)","price":"5200"},"1":{"title":"Hindustan Times (Tue + Sun) + Hindustan Hindi(Any Day) + HT Education (Wed) + HTD Special(Thu)","price":"5400"}},"property real estate":{"0":{"title":"Hindustan Times (Tue, Sun)\n+ Hindustan Hindi (Tue, Sun)\n+ HTD Special - Delhi Ncr (Thur)","price":"5200"},"1":{"title":"Hindustan Times (Tue + Sun) + Hindustan Hindi(Any Day) + HT Education (Wed) + HTD Special(Thu)","price":"5400"}},"Lost and Found":{"0":{"title":"Hindustan Times (Tue, Sun)\n+ Hindustan Hindi (Tue, Sun)\n+ HTD Special - Delhi Ncr (Thur)","price":"5200"},"1":{"title":"Hindustan Times (Tue + Sun) + Hindustan Hindi(Any Day) + HT Education (Wed) + HTD Special(Thu)","price":"5400"}},"Business":{"0":{"title":"Hindustan Times (Tue, Sun)\n+ Hindustan Hindi (Tue, Sun)\n+ HTD Special - Delhi Ncr (Thur)","price":"5200"},"1":{"title":"Hindustan Times (Tue + Sun) + Hindustan Hindi(Any Day) + HT Education (Wed) + HTD Special(Thu)","price":"5400"}},"Obituary(Death Announcement)":{"0":{"title":"Hindustan Times (Tue, Sun)\n+ Hindustan Hindi (Tue, Sun)\n+ HTD Special - Delhi Ncr (Thur)","price":"5200"},"1":{"title":"Hindustan Times (Tue + Sun) + Hindustan Hindi(Any Day) + HT Education (Wed) + HTD Special(Thu)","price":"5400"}},"Remembrance(Unforgettable)":{"0":{"title":"Hindustan Times (Tue, Sun)\n+ Hindustan Hindi (Tue, Sun)\n+ HTD Special - Delhi Ncr (Thur)","price":"5200"},"1":{"title":"Hindustan Times (Tue + Sun) + Hindustan Hindi(Any Day) + HT Education (Wed) + HTD Special(Thu)","price":"5400"}},"public tender notices":{"0":{"title":"Hindustan Times (Tue, Sun)\n+ Hindustan Hindi (Tue, Sun)\n+ HTD Special - Delhi Ncr (Thur)","price":"5200"},"1":{"title":"Hindustan Times (Tue + Sun) + Hindustan Hindi(Any Day) + HT Education (Wed) + HTD Special(Thu)","price":"5400"}},"Services":{"0":{"title":"Hindustan Times (Tue, Sun)\n+ Hindustan Hindi (Tue, Sun)\n+ HTD Special - Delhi Ncr (Thur)","price":"5200"},"1":{"title":"Hindustan Times (Tue + Sun) + Hindustan Hindi(Any Day) + HT Education (Wed) + HTD Special(Thu)","price":"5400"}},"Retail/Shopping":{"0":{"title":"Hindustan Times (Tue, Sun)\n+ Hindustan Hindi (Tue, Sun)\n+ HTD Special - Delhi Ncr (Thur)","price":"5200"},"1":{"title":"Hindustan Times (Tue + Sun) + Hindustan Hindi(Any Day) + HT Education (Wed) + HTD Special(Thu)","price":"5400"}},"Personal Announcement":{"0":{"title":"Hindustan Times (Tue, Sun)\n+ Hindustan Hindi (Tue, Sun)\n+ HTD Special - Delhi Ncr (Thur)","price":"5200"},"1":{"title":"Hindustan Times (Tue + Sun) + Hindustan Hindi(Any Day) + HT Education (Wed) + HTD Special(Thu)","price":"5400"}},"Computers and Hardware":{"0":{"title":"Hindustan Times (Tue, Sun)\n+ Hindustan Hindi (Tue, Sun)\n+ HTD Special - Delhi Ncr (Thur)","price":"5200"},"1":{"title":"Hindustan Times (Tue + Sun) + Hindustan Hindi(Any Day) + HT Education (Wed) + HTD Special(Thu)","price":"5400"}},"Astrology":{"0":{"title":"Hindustan Times (Tue, Sun)\n+ Hindustan Hindi (Tue, Sun)\n+ HTD Special - Delhi Ncr (Thur)","price":"5200"},"1":{"title":"Hindustan Times (Tue + Sun) + Hindustan Hindi(Any Day) + HT Education (Wed) + HTD Special(Thu)","price":"5400"}},"Vehicles Automobiles":{"0":{"title":"Hindustan Times(Wed + Sun) + Hindustan Hindi(Any Day) + HT Education + HTD Special - Delhi & Ncr","price":"4043"},"1":{"title":"Hindustan Times(Wed + Sun) + Hindustan Hindi(Any Day) + HT Education + HT City (Any Day) + HTD Special - Delhi & Ncr","price":"4606"}}}