{"Marriage Bureau":{"0":{"title":"Saath Saath Package\nHindustan Times + Hindustan Hindi","price":"3800"},"1":{"title":"Sanjog Metro Package\nHindustan Times + Hindustan Hindi","price":"4710"},"2":{"title":"Shehnai Package  Hindustan Hindi - Delhi Ncr","price":"300"},"3":{"title":"Hindustan Hindi - Allahabad (Prayagraj)","price":"350"}},"Change of Name":{"0":{"title":"Hindustan Times + Hindustan Hindi - Delhi Ncr","price":"2300"},"1":{"title":"Hindustan Hindi - Agra","price":"350"},"2":{"title":"Hindustan Hindi - Aligarh","price":"300"},"3":{"title":"Hindustan Hindi - Allahabad (Prayagraj)","price":"350"},"4":{"title":"Hindustan Hindi - Bareilly","price":"360"},"5":{"title":"Hindustan Hindi - Bhagalpur","price":"450"},"6":{"title":"Hindustan Hindi - Delhi Ncr","price":"800"},"7":{"title":"Hindustan Hindi - Dhanbad","price":"300"},"8":{"title":"Hindustan Hindi - Gorakhpur","price":"300"},"9":{"title":"Hindustan Hindi - Jamshedpur","price":"190"},"10":{"title":"Hindustan Hindi - Kanpur","price":"425"},"11":{"title":"Hindustan Hindi - Lucknow","price":"750"},"12":{"title":"Hindustan Hindi - Meerut","price":"440"},"13":{"title":"Hindustan Hindi - Moradabad","price":"300"},"14":{"title":"Hindustan Hindi - Muzaffarpur","price":"650"},"15":{"title":"Hindustan Hindi - Patna","price":"1200"},"16":{"title":"Hindustan Hindi - Ranchi","price":"500"},"17":{"title":"Hindustan Hindi - Varanasi","price":"500"}},"Recruitment job":{"0":{"title":"Hindustan Times + Hindustan Hindi - Delhi Ncr","price":"2300"},"1":{"title":"Hindustan Hindi - Agra","price":"350"},"2":{"title":"Hindustan Hindi - Aligarh","price":"300"},"3":{"title":"Hindustan Hindi - Allahabad (Prayagraj)","price":"350"},"4":{"title":"Hindustan Hindi - Bareilly","price":"360"},"5":{"title":"Hindustan Hindi - Bhagalpur","price":"450"},"6":{"title":"Hindustan Hindi - Delhi Ncr","price":"800"},"7":{"title":"Hindustan Hindi - Dhanbad","price":"300"},"8":{"title":"Hindustan Hindi - Gorakhpur","price":"300"},"9":{"title":"Hindustan Hindi - Jamshedpur","price":"190"},"10":{"title":"Hindustan Hindi - Kanpur","price":"425"},"11":{"title":"Hindustan Hindi - Lucknow","price":"750"},"12":{"title":"Hindustan Hindi - Meerut","price":"440"},"13":{"title":"Hindustan Hindi - Moradabad","price":"300"},"14":{"title":"Hindustan Hindi - Muzaffarpur","price":"650"},"15":{"title":"Hindustan Hindi - Patna","price":"1200"},"16":{"title":"Hindustan Hindi - Ranchi","price":"500"},"17":{"title":"Hindustan Hindi - Varanasi","price":"500"}},"Education":{"0":{"title":"Hindustan Times + Hindustan Hindi - Delhi Ncr","price":"2300"},"1":{"title":"Hindustan Hindi - Agra","price":"350"},"2":{"title":"Hindustan Hindi - Aligarh","price":"300"},"3":{"title":"Hindustan Hindi - Allahabad (Prayagraj)","price":"350"},"4":{"title":"Hindustan Hindi - Bareilly","price":"360"},"5":{"title":"Hindustan Hindi - Bhagalpur","price":"450"},"6":{"title":"Hindustan Hindi - Delhi Ncr","price":"800"},"7":{"title":"Hindustan Hindi - Dhanbad","price":"300"},"8":{"title":"Hindustan Hindi - Gorakhpur","price":"300"},"9":{"title":"Hindustan Hindi - Jamshedpur","price":"190"},"10":{"title":"Hindustan Hindi - Kanpur","price":"425"},"11":{"title":"Hindustan Hindi - Lucknow","price":"750"},"12":{"title":"Hindustan Hindi - Meerut","price":"440"},"13":{"title":"Hindustan Hindi - Moradabad","price":"300"},"14":{"title":"Hindustan Hindi - Muzaffarpur","price":"650"},"15":{"title":"Hindustan Hindi - Patna","price":"1200"},"16":{"title":"Hindustan Hindi - Meerut","price":"850"},"17":{"title":"Hindustan Hindi - Moradabad","price":"500"}},"property real estate":{"0":{"title":"Hindustan Hindi - East UP","price":"2000"},"1":{"title":"Hindustan Hindi - Uttarakhand","price":"750"},"2":{"title":"Hindustan Times + Hindustan Hindi - Delhi Ncr","price":"750"},"3":{"title":"Hindustan Hindi - Agra","price":"300"},"4":{"title":"Hindustan Hindi - Aligarh","price":"350"},"5":{"title":"Hindustan Hindi - Allahabad (Prayagraj)","price":"630"},"6":{"title":"Hindustan Hindi - Bareilly","price":"500"},"7":{"title":"Hindustan Hindi - Bhagalpur","price":"600"},"8":{"title":"Hindustan Hindi - Dehradun","price":"510"},"9":{"title":"Hindustan Hindi - Delhi Ncr","price":"200"},"10":{"title":"Hindustan Hindi - Dhanbad","price":"500"},"11":{"title":"Hindustan Hindi - Gorakhpur","price":"650"},"12":{"title":"Hindustan Hindi - Haldwani","price":"600"},"13":{"title":"Hindustan Hindi - Jamshedpur","price":"225"},"14":{"title":"Hindustan Hindi - Kanpur","price":"750"},"15":{"title":"Hindustan Hindi - Lucknow","price":"935"},"16":{"title":"Hindustan Hindi - Meerut","price":"850"},"17":{"title":"Hindustan Hindi - Moradabad","price":"500"},"18":{"title":"Hindustan Hindi - Muzaffarpur","price":"750"},"19":{"title":"Hindustan Hindi - Patna","price":"1500"},"20":{"title":"Hindustan Hindi - Ranchi","price":"575"},"21":{"title":"Hindustan Hindi - Varanasi","price":"800"}},"Lost and Found":{"0":{"title":"Hindustan Hindi - East UP","price":"2000"},"1":{"title":"Hindustan Hindi - Uttarakhand","price":"750"},"2":{"title":"Hindustan Times + Hindustan Hindi - Delhi Ncr","price":"750"},"3":{"title":"Hindustan Hindi - Agra","price":"300"},"4":{"title":"Hindustan Hindi - Aligarh","price":"350"},"5":{"title":"Hindustan Hindi - Allahabad (Prayagraj)","price":"630"},"6":{"title":"Hindustan Hindi - Bareilly","price":"500"},"7":{"title":"Hindustan Hindi - Bhagalpur","price":"600"},"8":{"title":"Hindustan Hindi - Dehradun","price":"510"},"9":{"title":"Hindustan Hindi - Delhi Ncr","price":"200"},"10":{"title":"Hindustan Hindi - Dhanbad","price":"500"},"11":{"title":"Hindustan Hindi - Gorakhpur","price":"650"},"12":{"title":"Hindustan Hindi - Haldwani","price":"600"},"13":{"title":"Hindustan Times(Wed + Sun) + Hindustan Hindi(Any Day) + HT Education + HT City (Any Day) + HTD Special - Delhi & Ncr","price":"4606"},"14":{"title":"Hindustan Hindi - Agra","price":"300"},"15":{"title":"Hindustan Hindi - Aligarh","price":"350"},"16":{"title":"Hindustan Hindi - Allahabad (Prayagraj)","price":"630"},"17":{"title":"Hindustan Hindi - Bareilly","price":"500"},"18":{"title":"Hindustan Hindi - Bhagalpur","price":"600"},"19":{"title":"Hindustan Hindi - Dehradun","price":"510"},"20":{"title":"Hindustan Hindi - Delhi Ncr","price":"1500"},"21":{"title":"Hindustan Hindi - Dhanbad","price":"500"}},"Business":{"0":{"title":"Hindustan Times (Wed, Sun) + HT Education + Hindustan Hindi (Any day) - Delhi Ncr","price":"3742"},"1":{"title":"Hindustan Hindi - All Edition\n(Uttar Pradesh, Uttrakhand, Bihar, Jharkhand, Delhi Ncr)","price":"6500"},"2":{"title":"Hindustan Hindi - UP + Uttarakhand","price":"4600"},"3":{"title":"Hindustan Times + Hindustan Hindi\nAll Editions","price":"10000"},"4":{"title":"Hindustan Hindi - East UP","price":"2000"},"5":{"title":"Hindustan Hindi: Western UP","price":"2500"},"6":{"title":"Hindustan Hindi - Uttarakhand","price":"750"},"7":{"title":"Hindustan Hindi : (Bihar + Jharkhand)","price":"3000"},"8":{"title":"Hindustan Hindi - Bihar","price":"2500"},"9":{"title":"Hindustan Hindi - Jharkhand","price":"990"},"10":{"title":"Hindustan Hindi - All UP","price":"4000"},"11":{"title":"Hindustan Times(Wednesday) + HT Education + Hindustan Hindi (Any Day)","price":"3485"},"12":{"title":"Hindustan Times(Wed + Sun) + Hindustan Hindi(Any Day) + HT Education + HTD Special - Delhi & Ncr","price":"4043"},"13":{"title":"Hindustan Times(Wed + Sun) + Hindustan Hindi(Any Day) + HT Education + HT City (Any Day) + HTD Special - Delhi & Ncr","price":"4606"},"14":{"title":"Hindustan Hindi - Agra","price":"300"},"15":{"title":"Hindustan Hindi - Aligarh","price":"350"},"16":{"title":"Hindustan Hindi - Allahabad (Prayagraj)","price":"630"},"17":{"title":"Hindustan Hindi - Bareilly","price":"500"},"18":{"title":"Hindustan Hindi - Bhagalpur","price":"600"},"19":{"title":"Hindustan Hindi - Dehradun","price":"510"},"20":{"title":"Hindustan Hindi - Delhi Ncr","price":"1500"},"21":{"title":"Hindustan Hindi - Dhanbad","price":"500"},"22":{"title":"Hindustan Hindi - Gorakhpur","price":"650"},"23":{"title":"Hindustan Hindi - Haldwani","price":"600"},"24":{"title":"Hindustan Hindi - Jamshedpur","price":"225"},"25":{"title":"Hindustan Hindi - Kanpur","price":"750"},"26":{"title":"Hindustan Hindi - Lucknow","price":"935"},"27":{"title":"Hindustan Hindi - Meerut","price":"850"},"28":{"title":"Hindustan Hindi - Moradabad","price":"500"},"29":{"title":"Hindustan Hindi - Muzaffarpur","price":"750"},"30":{"title":"Hindustan Hindi - Patna","price":"1500"},"31":{"title":"Hindustan Hindi - Ranchi","price":"575"},"32":{"title":"Hindustan Hindi - Varanasi","price":"800"}},"public tender notices":{"0":{"title":"Hindustan Times + Hindustan Hindi - Delhi Ncr (Full Run)","price":"9500"},"1":{"title":"Hindustan Times + Hindustan Hindi - Delhi city Only (Metro Run)","price":"7500"}},"Services":{"0":{"title":"Hindustan Times + Hindustan Hindi - Delhi Ncr (Full Run)","price":"9500"},"1":{"title":"Hindustan Times + Hindustan Hindi - Delhi city Only (Metro Run)","price":"7500"}},"Retail/Shopping":{"0":{"title":"Hindustan Times + Hindustan Hindi - Delhi Ncr (Full Run)","price":"9500"},"1":{"title":"Hindustan Times + Hindustan Hindi - Delhi city Only (Metro Run)","price":"7500"}},"Personal Announcement":{"0":{"title":"Hindustan Times + Hindustan Hindi - Delhi Ncr (Full Run)","price":"9500"},"1":{"title":"Hindustan Times + Hindustan Hindi - Delhi city Only (Metro Run)","price":"7500"}},"Computers and Hardware":{"0":{"title":"Hindustan Times + Hindustan Hindi - Delhi Ncr (Full Run)","price":"9500"},"1":{"title":"Hindustan Times + Hindustan Hindi - Delhi city Only (Metro Run)","price":"7500"}},"Astrology":{"0":{"title":"Hindustan Times + Hindustan Hindi - Delhi Ncr (Full Run)","price":"9500"},"1":{"title":"Hindustan Times + Hindustan Hindi - Delhi city Only (Metro Run)","price":"7500"}},"Vehicles Automobiles":{"0":{"title":"Hindustan Times + Hindustan Hindi - Delhi Ncr (Full Run)","price":"9500"},"1":{"title":"Hindustan Times + Hindustan Hindi - Delhi city Only (Metro Run)","price":"7500"}},"Tours and Travel":{"0":{"title":"Hindustan Times + Hindustan Hindi - Delhi Ncr (Full Run)","price":"9500"},"1":{"title":"Hindustan Times + Hindustan Hindi - Delhi city Only (Metro Run)","price":"7500"}},"Property-Rental":{"0":{"title":"Hindustan Times + Hindustan Hindi - Delhi Ncr (Full Run)","price":"9500"},"1":{"title":"Hindustan Times + Hindustan Hindi - Delhi city Only (Metro Run)","price":"7500"}},"Entertainment":{"0":{"title":"Hindustan Times + Hindustan Hindi - Delhi Ncr (Full Run)","price":"9500"},"1":{"title":"Hindustan Times + Hindustan Hindi - Delhi city Only (Metro Run)","price":"7500"}},"Real Estate Selling":{"0":{"title":"Hindustan Times + Hindustan Hindi - Delhi Ncr (Full Run)","price":"9500"},"1":{"title":"Hindustan Times + Hindustan Hindi - Delhi city Only (Metro Run)","price":"7500"}},"Beauty & Wellness":{"0":{"title":"Hindustan Times + Hindustan Hindi - Delhi Ncr (Full Run)","price":"9500"},"1":{"title":"Hindustan Times + Hindustan Hindi - Delhi city Only (Metro Run)","price":"7500"}},"Call Centre Employees":{"0":{"title":"Hindustan Times + Hindustan Hindi - Delhi Ncr (Full Run)","price":"9500"},"1":{"title":"Hindustan Times + Hindustan Hindi - Delhi city Only (Metro Run)","price":"7500"}},"Prajapati":{"0":{"title":"Hindustan Times + Hindustan Hindi - Delhi Ncr (Full Run)","price":"6500"},"1":{"title":"Hindustan Hindi - UP + Uttarakhand","price":"4600"}},"Bungalow For Sale":{"0":{"title":"Hindustan Hindi - All Edition\n(Uttar Pradesh, Uttrakhand, Bihar, Jharkhand, Delhi Ncr)","price":"6500"},"1":{"title":"Hindustan Hindi - UP + Uttarakhand","price":"4600"},"2":{"title":"Hindustan Times + Hindustan Hindi\nAll Editions","price":"10000"},"3":{"title":"Hindustan Hindi - East UP","price":"2000"},"4":{"title":"Hindustan Hindi: Western UP","price":"2500"},"5":{"title":"Hindustan Hindi - Uttarakhand","price":"750"},"6":{"title":"Hindustan Hindi : (Bihar + Jharkhand)","price":"3000"},"7":{"title":"Hindustan Hindi - Bihar","price":"2500"},"8":{"title":"Hindustan Hindi - Jharkhand","price":"990"},"9":{"title":"Hindustan Hindi - All UP","price":"4000"},"10":{"title":"Hindustan Hindi - Agra","price":"300"},"11":{"title":"Hindustan Hindi - Aligarh","price":"350"},"12":{"title":"Hindustan Hindi - Allahabad (Prayagraj)","price":"630"},"13":{"title":"Hindustan Hindi - Bareilly","price":"500"},"14":{"title":"Hindustan Hindi - Bhagalpur","price":"600"},"15":{"title":"Hindustan Hindi - Dehradun","price":"510"},"16":{"title":"Hindustan Hindi - Delhi Ncr","price":"1500"},"17":{"title":"Hindustan Hindi - Dhanbad","price":"500"},"18":{"title":"Hindustan Hindi - Gorakhpur","price":"650"},"19":{"title":"Hindustan Hindi - Haldwani","price":"600"},"20":{"title":"Hindustan Hindi - Jamshedpur","price":"225"},"21":{"title":"Hindustan Hindi - Kanpur","price":"750"},"22":{"title":"Hindustan Hindi - Lucknow","price":"935"},"23":{"title":"Hindustan Hindi - Meerut","price":"850"},"24":{"title":"Hindustan Hindi - Moradabad","price":"500"},"25":{"title":"Hindustan Hindi - Muzaffarpur","price":"750"},"26":{"title":"Hindustan Hindi - Patna","price":"1500"},"27":{"title":"Hindustan Hindi - Ranchi","price":"575"},"28":{"title":"Hindustan Hindi - Varanasi","price":"800"}}}