{"Matrimonial":{"0":{"title":"Hind Samachar All Editions Chandigarh , Jalandhar and Jammu","price":"150"},"1":{"title":"Punjab Keshri + Hind Samachar - All Editions","price":"555"},"2":{"title":"Punjab Keshri + Jagbani + Hind Samachar + Navodaya Times - All Edition","price":"1050"}},"Marriage Bureau":{"0":{"title":"Hind Samachar All Editions Chandigarh , Jalandhar and Jammu","price":"150"},"1":{"title":"Punjab Keshri + Hind Samachar - All Editions","price":"555"},"2":{"title":"Punjab Keshri + Jagbani + Hind Samachar + Navodaya Times - All Edition","price":"1050"}},"Change of Name":{"0":{"title":"Hind Samachar All Editions Chandigarh , Jalandhar and Jammu","price":"150"},"1":{"title":"Punjab Keshri + Hind Samachar - All Editions","price":"555"},"2":{"title":"Punjab Keshri + Jagbani + Hind Samachar + Navodaya Times - All Edition","price":"1050"}},"Recruitment job":{"0":{"title":"Hind Samachar All Editions Chandigarh , Jalandhar and Jammu","price":"150"},"1":{"title":"Punjab Keshri + Hind Samachar - All Editions","price":"555"},"2":{"title":"Punjab Keshri + Jagbani + Hind Samachar + Navodaya Times - All Edition","price":"1050"}},"Education":{"0":{"title":"Hind Samachar All Editions Chandigarh , Jalandhar and Jammu","price":"150"},"1":{"title":"Punjab Keshri + Hind Samachar - All Editions","price":"555"},"2":{"title":"Punjab Keshri + Jagbani + Hind Samachar + Navodaya Times - All Edition","price":"1050"}},"property real estate":{"0":{"title":"Hind Samachar All Editions Chandigarh , Jalandhar and Jammu","price":"150"},"1":{"title":"Punjab Keshri + Hind Samachar - All Editions","price":"555"},"2":{"title":"Punjab Keshri + Jagbani + Hind Samachar + Navodaya Times - All Edition","price":"1050"}},"Lost and Found":{"0":{"title":"Hind Samachar All Editions Chandigarh , Jalandhar and Jammu","price":"150"},"1":{"title":"Punjab Keshri + Hind Samachar - All Editions","price":"555"},"2":{"title":"Punjab Keshri + Jagbani + Hind Samachar + Navodaya Times - All Edition","price":"1050"}},"Business":{"0":{"title":"Hind Samachar All Editions Chandigarh , Jalandhar and Jammu","price":"150"},"1":{"title":"Punjab Keshri + Hind Samachar - All Editions","price":"555"},"2":{"title":"Punjab Keshri + Jagbani + Hind Samachar + Navodaya Times - All Edition","price":"1050"}},"Obituary(Death Announcement)":{"0":{"title":"Hind Samachar All Editions Chandigarh , Jalandhar and Jammu","price":"150"},"1":{"title":"Punjab Keshri + Hind Samachar - All Editions","price":"555"},"2":{"title":"Punjab Keshri + Jagbani + Hind Samachar + Navodaya Times - All Edition","price":"1050"}},"Remembrance(Unforgettable)":{"0":{"title":"Hind Samachar All Editions Chandigarh , Jalandhar and Jammu","price":"150"},"1":{"title":"Punjab Keshri + Hind Samachar - All Editions","price":"555"},"2":{"title":"Punjab Keshri + Jagbani + Hind Samachar + Navodaya Times - All Edition","price":"1050"}},"public tender notices":{"0":{"title":"Hind Samachar All Editions Chandigarh , Jalandhar and Jammu","price":"150"},"1":{"title":"Punjab Keshri + Hind Samachar - All Editions","price":"555"},"2":{"title":"Punjab Keshri + Jagbani + Hind Samachar + Navodaya Times - All Edition","price":"1050"}},"Services":{"0":{"title":"Hind Samachar All Editions Chandigarh , Jalandhar and Jammu","price":"150"},"1":{"title":"Punjab Keshri + Hind Samachar - All Editions","price":"555"},"2":{"title":"Punjab Keshri + Jagbani + Hind Samachar + Navodaya Times - All Edition","price":"1050"}},"Retail/Shopping":{"0":{"title":"Hind Samachar All Editions Chandigarh , Jalandhar and Jammu","price":"150"},"1":{"title":"Punjab Keshri + Hind Samachar - All Editions","price":"555"},"2":{"title":"Punjab Keshri + Jagbani + Hind Samachar + Navodaya Times - All Edition","price":"1050"}},"Personal Announcement":{"0":{"title":"Hind Samachar All Editions Chandigarh , Jalandhar and Jammu","price":"150"},"1":{"title":"Punjab Keshri + Hind Samachar - All Editions","price":"555"},"2":{"title":"Punjab Keshri + Jagbani + Hind Samachar + Navodaya Times - All Edition","price":"1050"}},"Computers and Hardware":{"0":{"title":"Hind Samachar All Editions Chandigarh , Jalandhar and Jammu","price":"150"},"1":{"title":"Punjab Keshri + Hind Samachar - All Editions","price":"555"},"2":{"title":"Punjab Keshri + Jagbani + Hind Samachar + Navodaya Times - All Edition","price":"1050"}},"Astrology":{"0":{"title":"Hind Samachar All Editions Chandigarh , Jalandhar and Jammu","price":"150"},"1":{"title":"Punjab Keshri + Hind Samachar - All Editions","price":"555"},"2":{"title":"Punjab Keshri + Jagbani + Hind Samachar + Navodaya Times - All Edition","price":"1050"}},"Vehicles Automobiles":{"0":{"title":"Hind Samachar All Editions Chandigarh , Jalandhar and Jammu","price":"150"},"1":{"title":"Punjab Keshri + Hind Samachar - All Editions","price":"555"},"2":{"title":"Punjab Keshri + Jagbani + Hind Samachar + Navodaya Times - All Edition","price":"1050"}},"Tours and Travel":{"0":{"title":"Hind Samachar All Editions Chandigarh , Jalandhar and Jammu","price":"150"},"1":{"title":"Punjab Keshri + Hind Samachar - All Editions","price":"555"},"2":{"title":"Punjab Keshri + Jagbani + Hind Samachar + Navodaya Times - All Edition","price":"1050"}},"Property-Rental":{"0":{"title":"Hind Samachar All Editions Chandigarh , Jalandhar and Jammu","price":"150"},"1":{"title":"Punjab Keshri + Hind Samachar - All Editions","price":"555"},"2":{"title":"Punjab Keshri + Jagbani + Hind Samachar + Navodaya Times - All Edition","price":"1050"}},"Entertainment":{"0":{"title":"Hind Samachar All Editions Chandigarh , Jalandhar and Jammu","price":"150"},"1":{"title":"Punjab Keshri + Hind Samachar - All Editions","price":"555"},"2":{"title":"Punjab Keshri + Jagbani + Hind Samachar + Navodaya Times - All Edition","price":"1050"}},"Real Estate Selling":{"0":{"title":"Hind Samachar All Editions Chandigarh , Jalandhar and Jammu","price":"150"},"1":{"title":"Punjab Keshri + Hind Samachar - All Editions","price":"555"},"2":{"title":"Punjab Keshri + Jagbani + Hind Samachar + Navodaya Times - All Edition","price":"1050"}},"Beauty & Wellness":{"0":{"title":"Hind Samachar All Editions Chandigarh , Jalandhar and Jammu","price":"150"},"1":{"title":"Punjab Keshri + Hind Samachar - All Editions","price":"555"},"2":{"title":"Punjab Keshri + Jagbani + Hind Samachar + Navodaya Times - All Edition","price":"1050"}},"Call Centre Employees":{"0":{"title":"Hind Samachar All Editions Chandigarh , Jalandhar and Jammu","price":"150"},"1":{"title":"Punjab Keshri + Hind Samachar - All Editions","price":"555"},"2":{"title":"Punjab Keshri + Jagbani + Hind Samachar + Navodaya Times - All Edition","price":"1050"}},"Prajapati":{"0":{"title":"Hind Samachar All Editions Chandigarh , Jalandhar and Jammu","price":"150"},"1":{"title":"Punjab Keshri + Hind Samachar - All Editions","price":"555"},"2":{"title":"Punjab Keshri + Jagbani + Hind Samachar + Navodaya Times - All Edition","price":"1050"}},"Bungalow For Sale":{"0":{"title":"Hind Samachar All Editions Chandigarh , Jalandhar and Jammu","price":"150"},"1":{"title":"Punjab Keshri + Hind Samachar - All Editions","price":"555"},"2":{"title":"Punjab Keshri + Jagbani + Hind Samachar + Navodaya Times - All Edition","price":"1050"}},"For Rent/Lease/To Let":{"0":{"title":"Hind Samachar All Editions Chandigarh , Jalandhar and Jammu","price":"150"},"1":{"title":"Punjab Keshri + Hind Samachar - All Editions","price":"555"},"2":{"title":"Punjab Keshri + Jagbani + Hind Samachar + Navodaya Times - All Edition","price":"1050"}},"Outright Sale":{"0":{"title":"Hind Samachar All Editions Chandigarh , Jalandhar and Jammu","price":"150"},"1":{"title":"Punjab Keshri + Hind Samachar - All Editions","price":"555"},"2":{"title":"Punjab Keshri + Jagbani + Hind Samachar + Navodaya Times - All Edition","price":"1050"}},"Property Others":{"0":{"title":"Hind Samachar All Editions Chandigarh , Jalandhar and Jammu","price":"150"},"1":{"title":"Punjab Keshri + Hind Samachar - All Editions","price":"555"},"2":{"title":"Punjab Keshri + Jagbani + Hind Samachar + Navodaya Times - All Edition","price":"1050"}},"SMS CAMPAIGN":{"0":{"title":"Hind Samachar All Editions Chandigarh , Jalandhar and Jammu","price":"150"},"1":{"title":"Punjab Keshri + Hind Samachar - All Editions","price":"555"},"2":{"title":"Punjab Keshri + Jagbani + Hind Samachar + Navodaya Times - All Edition","price":"1050"}}}