{
    "Matrimonial": {
        "0": {
            "title": "Saath Saath Package\nHindustan Times + Hindustan Hindi",
            "price": "3800"
        },
        "1": {
            "title": "Sanjog Metro Package\nHindustan Times + Hindustan Hindi",
            "price": "4710"
        },
        "2": {
            "title": "Better Half Package\nHindustan Times - All Edition + Hindustan Hindi - Delhi NCR , Lucknow",
            "price": "5670"
        },
        "3": {
            "title": "\nSaath Saath Package with Jaipur\nHindustan Times + Hindustan Hindi",
            "price": "4050"
        },
        "4": {
            "title": "Mumbai Lagan Package\nHindustan Times - Delhi Ncr + Mumbai",
            "price": "4280"
        },
        "5": {
            "title": "Gatbandhan Package\nHindustan Times - Delhi Ncr, Lucknow + Hindustan Hindi - UP + Uttarakhand",
            "price": "4500"
        }
    },
    "Marriage Bureau": {
        "0": {
            "title": "Saath Saath Package\nHindustan Times + Hindustan Hindi",
            "price": "3800"
        },
        "1": {
            "title": "Sanjog Metro Package\nHindustan Times + Hindustan Hindi",
            "price": "4710"
        },
        "2": {
            "title": "Better Half Package\nHindustan Times - All Edition + Hindustan Hindi - Delhi NCR , Lucknow",
            "price": "5670"
        },
        "3": {
            "title": "\nSaath Saath Package with Jaipur\nHindustan Times + Hindustan Hindi",
            "price": "4050"
        },
        "4": {
            "title": "Mumbai Lagan Package\nHindustan Times - Delhi Ncr + Mumbai",
            "price": "4280"
        },
        "5": {
            "title": "Gatbandhan Package\nHindustan Times - Delhi Ncr, Lucknow + Hindustan Hindi - UP + Uttarakhand",
            "price": "4500"
        }
    },
    "Change of Name": {
        "0": {
            "title": "Saath Saath Package\nHindustan Times + Hindustan Hindi",
            "price": "3800"
        },
        "1": {
            "title": "Sanjog Metro Package\nHindustan Times + Hindustan Hindi",
            "price": "4710"
        },
        "2": {
            "title": "Better Half Package\nHindustan Times - All Edition + Hindustan Hindi - Delhi NCR , Lucknow",
            "price": "5670"
        },
        "3": {
            "title": "\nSaath Saath Package with Jaipur\nHindustan Times + Hindustan Hindi",
            "price": "4050"
        },
        "4": {
            "title": "Mumbai Lagan Package\nHindustan Times - Delhi Ncr + Mumbai",
            "price": "4280"
        },
        "5": {
            "title": "Gatbandhan Package\nHindustan Times - Delhi Ncr, Lucknow + Hindustan Hindi - UP + Uttarakhand",
            "price": "4500"
        }
    },
    "Recruitment job": {
        "0": {
            "title": "Saath Saath Package\nHindustan Times + Hindustan Hindi",
            "price": "3800"
        },
        "1": {
            "title": "Sanjog Metro Package\nHindustan Times + Hindustan Hindi",
            "price": "4710"
        },
        "2": {
            "title": "Better Half Package\nHindustan Times - All Edition + Hindustan Hindi - Delhi NCR , Lucknow",
            "price": "5670"
        },
        "3": {
            "title": "Saath Saath Package with Jaipur  Hindustan Times + Hindustan Hindi",
            "price": "4050"
        },
        "4": {
            "title": "Mumbai Lagan Package\nHindustan Times - Delhi Ncr + Mumbai",
            "price": "4280"
        },
        "5": {
            "title": "Gatbandhan Package\nHindustan Times - Delhi Ncr, Lucknow + Hindustan Hindi - UP + Uttarakhand",
            "price": "4500"
        }
    },
    "Education": {
        "0": {
            "title": "Hindustan Times + Hindustan Hindi - Delhi Ncr",
            "price": "2300"
        },
        "1": {
            "title": "Hindustan Times - Chandigarh",
            "price": "550"
        },
        "2": {
            "title": "Hindustan Times - Delhi Ncr",
            "price": "1700"
        },
        "3": {
            "title": "Hindustan Times - Lucknow",
            "price": "500"
        },
        "4": {
            "title": "Hindustan Times - Mumbai",
            "price": "900"
        },
        "5": {
            "title": "Hindustan Times - Patna",
            "price": "400"
        },
        "6": {
            "title": "Hindustan Times - Lucknow",
            "price": "500"
        }
    },
    "property real estate": {
        "0": {
            "title": "Hindustan Times (Tue) + Hindustan Hindi (Any day) Delhi Ncr",
            "price": "4500"
        },
        "1": {
            "title": "Hindustan Times + Hindustan Hindi\nAll Editions",
            "price": "10000"
        },
        "2": {
            "title": "Hindustan Times\nAll Editions",
            "price": "5450"
        },
        "3": {
            "title": "Hindustan Times(Wednesday) + HT Education + Hindustan Hindi (Any Day)",
            "price": "3485"
        },
        "4": {
            "title": "Hindustan Times(Wed + Sun) + Hindustan Hindi(Any Day) + HT Education + HTD Special - Delhi & Ncr",
            "price": "4043"
        },
        "5": {
            "title": "Hindustan Times(Wed + Sun) + Hindustan Hindi(Any Day) + HT Education + HT City (Any Day) + HTD Special - Delhi & Ncr",
            "price": "4606"
        },
        "6": {
            "title": "Hindustan Times - Chandigarh",
            "price": "550"
        },
        "7": {
            "title": "Hindustan Times - Lucknow",
            "price": "500"
        },
        "8": {
            "title": "Hindustan Times - Mumbai",
            "price": "900"
        },
        "9": {
            "title": "Hindustan Times - Patna",
            "price": "400"
        }
    },
    "Lost and Found": {
        "0": {
            "title": "Hindustan Times (Wed, Sun) + HT Education + Hindustan Hindi (Any day) - Delhi Ncr",
            "price": "3742"
        },
        "1": {
            "title": "Hindustan Times + Hindustan Hindi\nAll Editions",
            "price": "10000"
        },
        "2": {
            "title": "Hindustan Times\nAll Editions",
            "price": "5450"
        },
        "3": {
            "title": "Hindustan Times(Wednesday) + HT Education + Hindustan Hindi (Any Day)",
            "price": "3485"
        },
        "4": {
            "title": "Hindustan Times(Wed + Sun) + Hindustan Hindi(Any Day) + HT Education + HTD Special - Delhi & Ncr",
            "price": "4043"
        },
        "5": {
            "title": "Hindustan Times(Wed + Sun) + Hindustan Hindi(Any Day) + HT Education + HT City (Any Day) + HTD Special - Delhi & Ncr",
            "price": "4606"
        },
        "6": {
            "title": "Hindustan Times - Chandigarh",
            "price": "550"
        },
        "7": {
            "title": "Hindustan Times - Lucknow",
            "price": "500"
        },
        "8": {
            "title": "Hindustan Times - Mumbai",
            "price": "900"
        },
        "9": {
            "title": "Hindustan Times - Patna",
            "price": "400"
        },
        "10": {
            "title": "Hindustan Times - Ranchi",
            "price": "300"
        }
    },
    "Business": {
        "0": {
            "title": "Hindustan Times (Wed, Sun) + HT Education + Hindustan Hindi (Any day) - Delhi Ncr",
            "price": "3742"
        },
        "1": {
            "title": "Hindustan Times + Hindustan Hindi\nAll Editions",
            "price": "10000"
        },
        "2": {
            "title": "Hindustan Times\nAll Editions",
            "price": "5450"
        },
        "3": {
            "title": "Hindustan Times(Wednesday) + HT Education + Hindustan Hindi (Any Day)",
            "price": "3485"
        },
        "4": {
            "title": "Hindustan Times(Wed + Sun) + Hindustan Hindi(Any Day) + HT Education + HTD Special - Delhi & Ncr",
            "price": "550"
        },
        "5": {
            "title": "Hindustan Times - Lucknow",
            "price": "500"
        },
        "6": {
            "title": "Hindustan Times - Mumbai",
            "price": "900"
        },
        "7": {
            "title": "Hindustan Times - Patna",
            "price": "400"
        },
        "8": {
            "title": "Hindustan Times - Lucknow",
            "price": "500"
        },
        "9": {
            "title": "Hindustan Times - Mumbai",
            "price": "900"
        },
        "10": {
            "title": "Hindustan Times - Patna",
            "price": "400"
        }
    },
    "Obituary(Death Announcement)": {
        "0": {
            "title": "Hindustan Times (Wkdy) + Hindustan Hindi (Any day) - Delhi Ncr",
            "price": "3960"
        },
        "1": {
            "title": "Hindustan Times (Wkdy, Sun) + Hindustan Hindi (Any day) - Delhi Ncr",
            "price": "4700"
        },
        "2": {
            "title": "Hindustan Times + Hindustan Hindi\nAll Editions",
            "price": "10000"
        },
        "3": {
            "title": "Hindustan Times (Wkdy, Sun) + Hindustan Hindi (Any day) + HTD Special (Thur) - Delhi Ncr",
            "price": "4900"
        },
        "4": {
            "title": "Hindustan Times (wkdy) - Delhi Ncr",
            "price": "3000"
        },
        "5": {
            "title": "Hindustan Times (Wkdy, Sun) + Hindustan Hindi (Any day) + HT- City + HTD Clsfd Special (Thu) - Delhi Ncr",
            "price": "5500"
        },
        "6": {
            "title": "Hindustan Times\nAll Editions",
            "price": "5450"
        },
        "7": {
            "title": "Hindustan Times - Chandigarh",
            "price": "550"
        },
        "8": {
            "title": "Hindustan Times - Lucknow",
            "price": "500"
        },
        "9": {
            "title": "Hindustan Times - Mumbai",
            "price": "900"
        },
        "10": {
            "title": "Hindustan Times - Patna",
            "price": "400"
        },
        "11": {
            "title": "Hindustan Times - Ranchi",
            "price": "300"
        }
    },
    "public tender notices": {
        "0": {
            "title": "Hindustan Times - Metro Run (Delhi Only)",
            "price": "6000"
        },
        "1": {
            "title": "Hindustan Times - Delhi Ncr\n(Full Run)",
            "price": "7500"
        },
        "2": {
            "title": "Hindustan Times + Hindustan Hindi - Delhi Ncr (Full Run)",
            "price": "9500"
        },
        "3": {
            "title": "Hindustan Times + Hindustan Hindi - Delhi city Only (Metro Run)",
            "price": "7500"
        }
    },
    "Services": {
        "0": {
            "title": "Hindustan Times - Metro Run (Delhi Only)",
            "price": "6000"
        },
        "1": {
            "title": "Hindustan Times - Delhi Ncr\n(Full Run)",
            "price": "7500"
        },
        "2": {
            "title": "Hindustan Times + Hindustan Hindi - Delhi Ncr (Full Run)",
            "price": "9500"
        },
        "3": {
            "title": "Hindustan Times + Hindustan Hindi - Delhi city Only (Metro Run)",
            "price": "7500"
        }
    },
    "Retail/Shopping": {
        "0": {
            "title": "Hindustan Times - Metro Run (Delhi Only)",
            "price": "6000"
        },
        "1": {
            "title": "Hindustan Times - Delhi Ncr\n(Full Run)",
            "price": "7500"
        },
        "2": {
            "title": "Hindustan Times + Hindustan Hindi - Delhi Ncr (Full Run)",
            "price": "9500"
        },
        "3": {
            "title": "Hindustan Times + Hindustan Hindi - Delhi city Only (Metro Run)",
            "price": "7500"
        }
    },
    "Personal Announcement": {
        "0": {
            "title": "Hindustan Times - Metro Run (Delhi Only)",
            "price": "6000"
        },
        "1": {
            "title": "Hindustan Times - Delhi Ncr\n(Full Run)",
            "price": "7500"
        },
        "2": {
            "title": "Hindustan Times + Hindustan Hindi - Delhi Ncr (Full Run)",
            "price": "9500"
        },
        "3": {
            "title": "Hindustan Times + Hindustan Hindi - Delhi city Only (Metro Run)",
            "price": "7500"
        }
    },
    "Computers and Hardware": {
        "0": {
            "title": "Hindustan Times - Metro Run (Delhi Only)",
            "price": "6000"
        },
        "1": {
            "title": "Hindustan Times - Delhi Ncr\n(Full Run)",
            "price": "7500"
        },
        "2": {
            "title": "Hindustan Times + Hindustan Hindi - Delhi Ncr (Full Run)",
            "price": "9500"
        },
        "3": {
            "title": "Hindustan Times + Hindustan Hindi - Delhi city Only (Metro Run)",
            "price": "7500"
        }
    },
    "Astrology": {
        "0": {
            "title": "Hindustan Times - Metro Run (Delhi Only)",
            "price": "6000"
        },
        "1": {
            "title": "Hindustan Times - Delhi Ncr\n(Full Run)",
            "price": "7500"
        },
        "2": {
            "title": "Hindustan Times + Hindustan Hindi - Delhi Ncr (Full Run)",
            "price": "9500"
        },
        "3": {
            "title": "Hindustan Times + Hindustan Hindi - Delhi city Only (Metro Run)",
            "price": "7500"
        }
    },
    "Vehicles Automobiles": {
        "0": {
            "title": "Hindustan Times - Metro Run (Delhi Only)",
            "price": "6000"
        },
        "1": {
            "title": "Hindustan Times - Delhi Ncr\n(Full Run)",
            "price": "7500"
        },
        "2": {
            "title": "Hindustan Times + Hindustan Hindi - Delhi Ncr (Full Run)",
            "price": "9500"
        },
        "3": {
            "title": "Hindustan Times + Hindustan Hindi - Delhi city Only (Metro Run)",
            "price": "7500"
        }
    },
    "Tours and Travel": {
        "0": {
            "title": "Hindustan Times - Metro Run (Delhi Only)",
            "price": "6000"
        },
        "1": {
            "title": "Hindustan Times - Delhi Ncr\n(Full Run)",
            "price": "7500"
        },
        "2": {
            "title": "Hindustan Times + Hindustan Hindi - Delhi Ncr (Full Run)",
            "price": "9500"
        },
        "3": {
            "title": "Hindustan Times + Hindustan Hindi - Delhi city Only (Metro Run)",
            "price": "7500"
        }
    },
    "Property-Rental": {
        "0": {
            "title": "Hindustan Times - Metro Run (Delhi Only)",
            "price": "6000"
        },
        "1": {
            "title": "Hindustan Times - Delhi Ncr\n(Full Run)",
            "price": "7500"
        },
        "2": {
            "title": "Hindustan Times + Hindustan Hindi - Delhi Ncr (Full Run)",
            "price": "9500"
        },
        "3": {
            "title": "Hindustan Times + Hindustan Hindi - Delhi city Only (Metro Run)",
            "price": "7500"
        }
    },
    "Entertainment": {
        "0": {
            "title": "Hindustan Times - Metro Run (Delhi Only)",
            "price": "6000"
        },
        "1": {
            "title": "Hindustan Times - Delhi Ncr\n(Full Run)",
            "price": "7500"
        },
        "2": {
            "title": "Hindustan Times + Hindustan Hindi - Delhi Ncr (Full Run)",
            "price": "9500"
        },
        "3": {
            "title": "Hindustan Times + Hindustan Hindi - Delhi city Only (Metro Run)",
            "price": "7500"
        }
    },
    "Real Estate Selling": {
        "0": {
            "title": "Hindustan Times - Metro Run (Delhi Only)",
            "price": "6000"
        },
        "1": {
            "title": "Hindustan Times - Delhi Ncr\n(Full Run)",
            "price": "7500"
        },
        "2": {
            "title": "Hindustan Times + Hindustan Hindi - Delhi Ncr (Full Run)",
            "price": "9500"
        },
        "3": {
            "title": "Hindustan Times + Hindustan Hindi - Delhi city Only (Metro Run)",
            "price": "7500"
        }
    },
    "Beauty & Wellness": {
        "0": {
            "title": "Hindustan Times - Metro Run (Delhi Only)",
            "price": "6000"
        },
        "1": {
            "title": "Hindustan Times - Delhi Ncr\n(Full Run)",
            "price": "7500"
        },
        "2": {
            "title": "Hindustan Times + Hindustan Hindi - Delhi Ncr (Full Run)",
            "price": "9500"
        },
        "3": {
            "title": "Hindustan Times + Hindustan Hindi - Delhi city Only (Metro Run)",
            "price": "7500"
        }
    },
    "Call Centre Employees": {
        "0": {
            "title": "Hindustan Times - Metro Run (Delhi Only)",
            "price": "6000"
        },
        "1": {
            "title": "Hindustan Times - Delhi Ncr\n(Full Run)",
            "price": "7500"
        },
        "2": {
            "title": "Hindustan Times + Hindustan Hindi - Delhi Ncr (Full Run)",
            "price": "9500"
        },
        "3": {
            "title": "Hindustan Times + Hindustan Hindi - Delhi city Only (Metro Run)",
            "price": "4050"
        }
    },
    "Prajapati": {
        "0": {
            "title": "Hindustan Times + Hindustan Hindi\nAll Editions",
            "price": "10000"
        },
        "1": {
            "title": "Hindustan Times (Thursday ) + Hindustan Hindi ( Any day ) - Delhi Ncr",
            "price": "2694"
        },
        "2": {
            "title": "Hindustan Times - (Thu, Sun) + Hindustan Hindi (Any day) Delhi Ncr",
            "price": "4020"
        },
        "3": {
            "title": "Hindustan Times - (Thu) + HT City + Hindustan Hindi ( Any day ) - Delhi NCR",
            "price": "4050"
        },
        "4": {
            "title": "Hindustan Times - (Thur, Sun) + Hindustan Hindi (Any day) + HT City - Delhi Ncr",
            "price": "4356"
        },
        "5": {
            "title": "Hindustan Times\nAll Editions",
            "price": "5450"
        },
        "6": {
            "title": "Hindustan Times - Chandigarh",
            "price": "550"
        },
        "7": {
            "title": "Hindustan Times - Lucknow",
            "price": "500"
        },
        "8": {
            "title": "Hindustan Times - Mumbai",
            "price": "900"
        },
        "9": {
            "title": "Hindustan Times - Patna",
            "price": "400"
        },
        "10": {
            "title": "Hindustan Times - Ranchi",
            "price": "300"
        }
    },
    "Bungalow For Sale": {
        "0": {
            "title": "Hindustan Times + Hindustan Hindi\nAll Editions",
            "price": "10000"
        },
        "1": {
            "title": "Hindustan Times\nAll Editions",
            "price": "5450"
        },
        "2": {
            "title": "Hindustan Times - Chandigarh",
            "price": "550"
        },
        "3": {
            "title": "Hindustan Times - Lucknow",
            "price": "500"
        },
        "4": {
            "title": "Hindustan Times - Mumbai",
            "price": "900"
        },
        "5": {
            "title": "Hindustan Times - Patna",
            "price": "400"
        },
        "6": {
            "title": "Hindustan Times - Ranchi",
            "price": "300"
        }
    },
    "For Rent/Lease/To Let": {
        "0": {
            "title": "Hindustan Times + Hindustan Hindi\nAll Editions",
            "price": "10000"
        },
        "1": {
            "title": "Hindustan Times\nAll Editions",
            "price": "5450"
        },
        "2": {
            "title": "Hindustan Times - Chandigarh",
            "price": "550"
        },
        "3": {
            "title": "Hindustan Times - Delhi Ncr",
            "price": "700"
        },
        "4": {
            "title": "Hindustan Times - Lucknow",
            "price": "500"
        },
        "5": {
            "title": "Hindustan Times - Mumbai",
            "price": "900"
        },
        "6": {
            "title": "Hindustan Times - Patna",
            "price": "400"
        }
    }
}