{"property real estate":{"0":{"title":"Hindustan Times (Sat) + Hindustan Hindi (Fri + Sun) - Delhi NCR + Mint (Wdnsdy)","price":"5250"},"1":{"title":"Hindustan Times (Sat, Sun) + Hindustan Hindi (Fri, Sun) - Delhi NCR + Mint (Wednesday)","price":"6090"},"2":{"title":"Hindustan Times (Sat, Sun) + Hindustan Hindi (Fri, Sun) + HT Clsfd Spcl (Thur) - Delhi NCR + Mint (Wednesday)","price":"5700"}},"Lost and Found":{"0":{"title":"Hindustan Times (Sat) + Hindustan Hindi (Fri + Sun) - Delhi NCR + Mint (Wdnsdy)","price":"5250"},"1":{"title":"Hindustan Times (Sat, Sun) + Hindustan Hindi (Fri, Sun) - Delhi NCR + Mint (Wednesday)","price":"6090"},"2":{"title":"Hindustan Times (Sat, Sun) + Hindustan Hindi (Fri, Sun) + HT Clsfd Spcl (Thur) - Delhi NCR + Mint (Wednesday)","price":"5700"},"3":{"title":"Hindustan Times (Sat,Sun) + Hindustan Hindi (Fri,Sun) + HTD clsfd Spcl (Thu) + Mint(Wed)\n(FOR RENT & TO LET ONLY)","price":"3350"}},"Business":{"0":{"title":"Hindustan Times (Sat) + Hindustan Hindi (Fri + Sun) - Delhi NCR + Mint (Wdnsdy)","price":"5250"},"1":{"title":"Hindustan Times (Sat, Sun) + Hindustan Hindi (Fri, Sun) - Delhi NCR + Mint (Wednesday)","price":"6090"},"2":{"title":"Hindustan Times (Sat, Sun) + Hindustan Hindi (Fri, Sun) + HT Clsfd Spcl (Thur) - Delhi NCR + Mint (Wednesday)","price":"5700"},"3":{"title":"Hindustan Times (Sat,Sun) + Hindustan Hindi (Fri,Sun) + HTD clsfd Spcl (Thu) + Mint(Wed)\n(FOR RENT & TO LET ONLY)","price":"3350"}},"Obituary(Death Announcement)":{"0":{"title":"Hindustan Times (Sat) + Hindustan Hindi (Fri + Sun) - Delhi NCR + Mint (Wdnsdy)","price":"5250"},"1":{"title":"Hindustan Times (Sat, Sun) + Hindustan Hindi (Fri, Sun) - Delhi NCR + Mint (Wednesday)","price":"6090"},"2":{"title":"Hindustan Times (Sat, Sun) + Hindustan Hindi (Fri, Sun) + HT Clsfd Spcl (Thur) - Delhi NCR + Mint (Wednesday)","price":"5700"},"3":{"title":"Hindustan Times (Sat,Sun) + Hindustan Hindi (Fri,Sun) + HTD clsfd Spcl (Thu) + Mint(Wed)\n(FOR RENT & TO LET ONLY)","price":"3350"}},"Remembrance(Unforgettable)":{"0":{"title":"Hindustan Times (Sat) + Hindustan Hindi (Fri + Sun) - Delhi NCR + Mint (Wdnsdy)","price":"5250"},"1":{"title":"Hindustan Times (Sat, Sun) + Hindustan Hindi (Fri, Sun) - Delhi NCR + Mint (Wednesday)","price":"6090"},"2":{"title":"Hindustan Times (Sat, Sun) + Hindustan Hindi (Fri, Sun) + HT Clsfd Spcl (Thur) - Delhi NCR + Mint (Wednesday)","price":"5700"},"3":{"title":"Hindustan Times (Sat,Sun) + Hindustan Hindi (Fri,Sun) + HTD clsfd Spcl (Thu) + Mint(Wed)\n(FOR RENT & TO LET ONLY)","price":"3350"}}}