{"property real estate":{"0":{"title":"INEXT - All Edition","price":"1499"}},"Lost and Found":{"0":{"title":"INEXT - All Edition","price":"1499"}},"Business":{"0":{"title":"INEXT - All Edition","price":"1499"}},"Obituary(Death Announcement)":{"0":{"title":"INEXT - All Edition","price":"1499"}},"Remembrance(Unforgettable)":{"0":{"title":"INEXT - All Edition","price":"1499"}},"public tender notices":{"0":{"title":"INEXT - All Edition","price":"1499"}},"Services":{"0":{"title":"INEXT - All Edition","price":"1499"}},"Retail/Shopping":{"0":{"title":"INEXT - All Edition","price":"1499"}},"Personal Announcement":{"0":{"title":"INEXT - All Edition","price":"1499"}},"Computers and Hardware":{"0":{"title":"INEXT - All Edition","price":"1499"}},"Astrology":{"0":{"title":"INEXT - All Edition","price":"1499"}},"Vehicles Automobiles":{"0":{"title":"INEXT - All Edition","price":"1499"}},"Tours and Travel":{"0":{"title":"INEXT - All Edition","price":"1499"}},"Property-Rental":{"0":{"title":"INEXT - All Edition","price":"1499"}}}