{"Matrimonial":{"0":{"title":"Mid-day + Inquilab - Mumbai","price":"1800"},"1":{"title":"Mid-day + Gujarati Mid-day + Inquilab - Mumbai","price":"2088"},"2":{"title":"Gujarati mid - Day + Inquilab - Mumbai","price":"990"},"3":{"title":"Inquilab - Mumbai","price":"513"}},"Marriage Bureau":{"0":{"title":"Mid-day + Inquilab - Mumbai","price":"1800"},"1":{"title":"Mid-day + Gujarati Mid-day + Inquilab - Mumbai","price":"2088"},"2":{"title":"Gujarati mid - Day + Inquilab - Mumbai","price":"990"},"3":{"title":"Inquilab - Mumbai","price":"513"}},"Change of Name":{"0":{"title":"Mid-day + Inquilab - Mumbai","price":"1800"},"1":{"title":"Mid-day + Gujarati Mid-day + Inquilab - Mumbai","price":"2088"},"2":{"title":"Gujarati mid - Day + Inquilab - Mumbai","price":"990"},"3":{"title":"Inquilab - Mumbai","price":"513"}},"Recruitment job":{"0":{"title":"Mid-day + Inquilab - Mumbai","price":"1800"},"1":{"title":"Mid-day + Gujarati Mid-day + Inquilab - Mumbai","price":"2088"},"2":{"title":"Gujarati mid - Day + Inquilab - Mumbai","price":"990"},"3":{"title":"Inquilab - Mumbai","price":"513"}},"Education":{"0":{"title":"Mid-day + Inquilab - Mumbai","price":"1800"},"1":{"title":"Mid-day + Gujarati Mid-day + Inquilab - Mumbai","price":"2088"},"2":{"title":"Gujarati mid - Day + Inquilab - Mumbai","price":"990"},"3":{"title":"Inquilab - Mumbai","price":"513"}},"property real estate":{"0":{"title":"Mid-day + Inquilab - Mumbai","price":"1800"},"1":{"title":"Mid-day + Gujarati Mid-day + Inquilab - Mumbai","price":"2088"},"2":{"title":"Gujarati mid - Day + Inquilab - Mumbai","price":"990"},"3":{"title":"Inquilab - Mumbai","price":"513"}},"Lost and Found":{"0":{"title":"Mid-day + Inquilab - Mumbai","price":"1800"},"1":{"title":"Mid-day + Gujarati Mid-day + Inquilab - Mumbai","price":"2088"},"2":{"title":"Gujarati mid - Day + Inquilab - Mumbai","price":"990"},"3":{"title":"Inquilab - Mumbai","price":"513"}},"Business":{"0":{"title":"Mid-day + Inquilab - Mumbai","price":"693"},"1":{"title":"Inquilab - Mumbai","price":"513"}},"Obituary(Death Announcement)":{"0":{"title":"Mid-day + Inquilab - Mumbai","price":"693"},"1":{"title":"Inquilab - Mumbai","price":"513"}},"Remembrance(Unforgettable)":{"0":{"title":"Mid-day + Inquilab - Mumbai","price":"693"},"1":{"title":"Inquilab - Mumbai","price":"513"}},"public tender notices":{"0":{"title":"Mid-day + Inquilab - Mumbai","price":"693"},"1":{"title":"Inquilab - Mumbai","price":"513"}},"Services":{"0":{"title":"Mid-day + Inquilab - Mumbai","price":"693"},"1":{"title":"Inquilab - Mumbai","price":"513"}},"Retail/Shopping":{"0":{"title":"Mid-day + Inquilab - Mumbai","price":"693"},"1":{"title":"Inquilab - Mumbai","price":"513"}},"Personal Announcement":{"0":{"title":"Mid-day + Inquilab - Mumbai","price":"693"},"1":{"title":"Inquilab - Mumbai","price":"513"}},"Computers and Hardware":{"0":{"title":"Mid-day + Inquilab - Mumbai","price":"693"},"1":{"title":"Inquilab - Mumbai","price":"513"}},"Astrology":{"0":{"title":"Mid-day + Inquilab - Mumbai ","price":"1800"},"1":{"title":"Mid-day + Gujarati Mid-day + Inquilab - Mumbai","price":"2088"}},"Vehicles Automobiles":{"0":{"title":"Mid-day + Inquilab - Mumbai ","price":"1800"},"1":{"title":"Mid-day + Gujarati Mid-day + Inquilab - Mumbai","price":"2088"},"2":{"title":"Gujarati mid - Day + Inquilab - Mumbai","price":"990"},"3":{"title":"Inquilab - Mumbai","price":"558"}},"Tours and Travel":{"0":{"title":"Mid-day + Inquilab - Mumbai","price":"1800"},"1":{"title":"Mid-day + Gujarati Mid-day + Inquilab - Mumbai","price":"2088"},"2":{"title":"Gujarati mid - Day + Inquilab - Mumbai","price":"990"},"3":{"title":"Inquilab - Mumbai","price":"558"}},"Property-Rental":{"0":{"title":"Mid-day + Inquilab - Mumbai","price":"1800"},"1":{"title":"Mid-day + Gujarati Mid-day + Inquilab - Mumbai","price":"2088"},"2":{"title":"Gujarati mid - Day + Inquilab - Mumbai","price":"990"},"3":{"title":"Inquilab - Mumbai","price":"558"}},"Entertainment":{"0":{"title":"Mid-day + Inquilab - Mumbai","price":"1800"},"1":{"title":"Mid-day + Gujarati Mid-day + Inquilab - Mumbai","price":"2088"},"2":{"title":"Gujarati mid - Day + Inquilab - Mumbai","price":"990"},"3":{"title":"Inquilab - Mumbai","price":"558"}},"Real Estate Selling":{"0":{"title":"Mid-day + Inquilab - Mumbai","price":"1800"},"1":{"title":"Mid-day + Gujarati Mid-day + Inquilab - Mumbai","price":"2088"},"2":{"title":"Gujarati mid - Day + Inquilab - Mumbai","price":"990"},"3":{"title":"Inquilab - Mumbai","price":"558"}},"Beauty & Wellness":{"0":{"title":"Mid-day + Inquilab - Mumbai","price":"1800"},"1":{"title":"Mid-day + Gujarati Mid-day + Inquilab - Mumbai","price":"2088"},"2":{"title":"Gujarati mid - Day + Inquilab - Mumbai","price":"990"},"3":{"title":"Inquilab - Mumbai","price":"558"}},"Call Centre Employees":{"0":{"title":"Mid-day + Inquilab - Mumbai","price":"1800"},"1":{"title":"Mid-day + Gujarati Mid-day + Inquilab - Mumbai","price":"2088"},"2":{"title":"Gujarati mid - Day + Inquilab - Mumbai","price":"990"},"3":{"title":"Inquilab - Mumbai","price":"558"}},"Prajapati":{"0":{"title":"Mid-day + Inquilab - Mumbai ","price":"1800"},"1":{"title":"Inquilab - Mumbai","price":"513"},"2":{"title":"Gujarati mid - Day + Inquilab - Mumbai","price":"990"},"3":{"title":"Inquilab - Mumbai","price":"558"}},"Bungalow For Sale":{"0":{"title":"Mid-day + Inquilab - Mumbai","price":"1800"},"1":{"title":"Mid-day + Gujarati Mid-day + Inquilab - Mumbai","price":"2088"},"2":{"title":"Gujarati mid - Day + Inquilab - Mumbai","price":"990"},"3":{"title":"Inquilab - Mumbai","price":"558"}},"For Rent/Lease/To Let":{"0":{"title":"Mid-day + Inquilab - Mumbai","price":"1800"},"1":{"title":"Mid-day + Gujarati Mid-day + Inquilab - Mumbai","price":"2088"},"2":{"title":"Gujarati mid - Day + Inquilab - Mumbai","price":"990"},"3":{"title":"Inquilab - Mumbai","price":"558"}},"Outright Sale":{"0":{"title":"Mid-day + Inquilab - Mumbai","price":"1800"},"1":{"title":"Mid-day + Gujarati Mid-day + Inquilab - Mumbai","price":"2088"},"2":{"title":"Gujarati mid - Day + Inquilab - Mumbai","price":"990"},"3":{"title":"Inquilab - Mumbai","price":"558"}},"Property Others":{"0":{"title":"Mid-day + Inquilab - Mumbai","price":"1800"},"1":{"title":"Mid-day + Gujarati Mid-day + Inquilab - Mumbai","price":"2088"},"2":{"title":"Gujarati mid - Day + Inquilab - Mumbai","price":"990"},"3":{"title":"Inquilab - Mumbai","price":"558"}},"SMS CAMPAIGN":{"0":{"title":"Mid-day + Inquilab - Mumbai ","price":"1800"},"1":{"title":"Mid-day + Gujarati Mid-day + Inquilab - Mumbai","price":"2088"},"2":{"title":"Gujarati mid - Day + Inquilab - Mumbai","price":"990"},"3":{"title":"Inquilab - Mumbai","price":"558"}}}