{"Matrimonial":{"0":{"title":"Jagbani - Punjab Editions","price":"525"},"1":{"title":"Punjab Keshri + Jagbani - All Editions","price":"900"},"2":{"title":"Punjab Keshri + Jagbani + Hind Samachar + Navodaya Times - All Edition","price":"1050"},"3":{"title":"Punjab Keshri + Jagbani + Navodaya Times - All Editions","price":"975"}},"Marriage Bureau":{"0":{"title":"Jagbani - Punjab Editions","price":"525"},"1":{"title":"Punjab Keshri + Jagbani - All Editions","price":"900"},"2":{"title":"Punjab Keshri + Jagbani + Hind Samachar + Navodaya Times - All Edition","price":"1050"},"3":{"title":"Punjab Keshri + Jagbani + Navodaya Times - All Editions","price":"975"}},"Change of Name":{"0":{"title":"Jagbani - Punjab Editions","price":"525"},"1":{"title":"Punjab Keshri + Jagbani - All Editions","price":"900"},"2":{"title":"Punjab Keshri + Jagbani + Hind Samachar + Navodaya Times - All Edition","price":"1050"},"3":{"title":"Punjab Keshri + Jagbani + Navodaya Times - All Editions","price":"975"}},"Recruitment job":{"0":{"title":"Jagbani - Punjab Editions","price":"525"},"1":{"title":"Punjab Keshri + Jagbani - All Editions","price":"900"},"2":{"title":"Punjab Keshri + Jagbani + Hind Samachar + Navodaya Times - All Edition","price":"1050"},"3":{"title":"Punjab Keshri + Jagbani + Navodaya Times - All Editions","price":"975"}},"Education":{"0":{"title":"Jagbani - Punjab Editions","price":"525"},"1":{"title":"Punjab Keshri + Jagbani - All Editions","price":"900"},"2":{"title":"Punjab Keshri + Jagbani + Hind Samachar + Navodaya Times - All Edition","price":"1050"},"3":{"title":"Punjab Keshri + Jagbani + Navodaya Times - All Editions","price":"975"}},"property real estate":{"0":{"title":"Jagbani - Punjab Editions","price":"525"},"1":{"title":"Punjab Keshri + Jagbani - All Editions","price":"900"},"2":{"title":"Punjab Keshri + Jagbani + Hind Samachar + Navodaya Times - All Edition","price":"1050"},"3":{"title":"Punjab Keshri + Jagbani + Navodaya Times - All Editions","price":"975"}},"Lost and Found":{"0":{"title":"Jagbani - Punjab Editions","price":"525"},"1":{"title":"Punjab Keshri + Jagbani - All Editions","price":"900"},"2":{"title":"Punjab Keshri + Jagbani + Hind Samachar + Navodaya Times - All Edition","price":"1050"},"3":{"title":"Punjab Keshri + Jagbani + Navodaya Times - All Editions","price":"975"}},"Business":{"0":{"title":"Jagbani - Punjab Editions","price":"525"},"1":{"title":"Punjab Keshri + Jagbani - All Editions","price":"900"},"2":{"title":"Punjab Keshri + Jagbani + Hind Samachar + Navodaya Times - All Edition","price":"1050"},"3":{"title":"Punjab Keshri + Jagbani + Navodaya Times - All Editions","price":"975"}},"Obituary(Death Announcement)":{"0":{"title":"Jagbani - Punjab Editions","price":"525"},"1":{"title":"Punjab Keshri + Jagbani - All Editions","price":"900"},"2":{"title":"Punjab Keshri + Jagbani + Hind Samachar + Navodaya Times - All Edition","price":"1050"},"3":{"title":"Punjab Keshri + Jagbani + Navodaya Times - All Editions","price":"975"}},"Remembrance(Unforgettable)":{"0":{"title":"Jagbani - Punjab Editions","price":"525"},"1":{"title":"Punjab Keshri + Jagbani - All Editions","price":"900"},"2":{"title":"Punjab Keshri + Jagbani + Hind Samachar + Navodaya Times - All Edition","price":"1050"},"3":{"title":"Punjab Keshri + Jagbani + Navodaya Times - All Editions","price":"975"}},"public tender notices":{"0":{"title":"Jagbani - Punjab Editions","price":"525"},"1":{"title":"Punjab Keshri + Jagbani - All Editions","price":"900"},"2":{"title":"Punjab Keshri + Jagbani + Hind Samachar + Navodaya Times - All Edition","price":"1050"},"3":{"title":"Punjab Keshri + Jagbani + Navodaya Times - All Editions","price":"975"}},"Services":{"0":{"title":"Jagbani - Punjab Editions","price":"525"},"1":{"title":"Punjab Keshri + Jagbani - All Editions","price":"900"},"2":{"title":"Punjab Keshri + Jagbani + Hind Samachar + Navodaya Times - All Edition","price":"1050"},"3":{"title":"Punjab Keshri + Jagbani + Navodaya Times - All Editions","price":"975"}},"Retail/Shopping":{"0":{"title":"Jagbani - Punjab Editions","price":"525"},"1":{"title":"Punjab Keshri + Jagbani - All Editions","price":"900"},"2":{"title":"Punjab Keshri + Jagbani + Hind Samachar + Navodaya Times - All Edition","price":"1050"},"3":{"title":"Punjab Keshri + Jagbani + Navodaya Times - All Editions","price":"975"}},"Personal Announcement":{"0":{"title":"Jagbani - Punjab Editions","price":"525"},"1":{"title":"Punjab Keshri + Jagbani - All Editions","price":"900"},"2":{"title":"Punjab Keshri + Jagbani + Hind Samachar + Navodaya Times - All Edition","price":"1050"},"3":{"title":"Punjab Keshri + Jagbani + Navodaya Times - All Editions","price":"975"}},"Computers and Hardware":{"0":{"title":"Jagbani - Punjab Editions","price":"525"},"1":{"title":"Punjab Keshri + Jagbani - All Editions","price":"900"},"2":{"title":"Punjab Keshri + Jagbani + Hind Samachar + Navodaya Times - All Edition","price":"1050"},"3":{"title":"Punjab Keshri + Jagbani + Navodaya Times - All Editions","price":"975"}},"Astrology":{"0":{"title":"Jagbani - Punjab Editions","price":"525"},"1":{"title":"Punjab Keshri + Jagbani - All Editions","price":"900"},"2":{"title":"Punjab Keshri + Jagbani + Hind Samachar + Navodaya Times - All Edition","price":"1050"},"3":{"title":"Punjab Keshri + Jagbani + Navodaya Times - All Editions","price":"975"}},"Vehicles Automobiles":{"0":{"title":"Jagbani - Punjab Editions","price":"525"},"1":{"title":"Punjab Keshri + Jagbani - All Editions","price":"900"},"2":{"title":"Punjab Keshri + Jagbani + Hind Samachar + Navodaya Times - All Edition","price":"1050"},"3":{"title":"Punjab Keshri + Jagbani + Navodaya Times - All Editions","price":"975"}},"Tours and Travel":{"0":{"title":"Jagbani - Punjab Editions","price":"525"},"1":{"title":"Punjab Keshri + Jagbani - All Editions","price":"900"},"2":{"title":"Punjab Keshri + Jagbani + Hind Samachar + Navodaya Times - All Edition","price":"1050"},"3":{"title":"Punjab Keshri + Jagbani + Navodaya Times - All Editions","price":"975"}},"Property-Rental":{"0":{"title":"Jagbani - Punjab Editions","price":"525"},"1":{"title":"Punjab Keshri + Jagbani - All Editions","price":"900"},"2":{"title":"Punjab Keshri + Jagbani + Hind Samachar + Navodaya Times - All Edition","price":"1050"},"3":{"title":"Punjab Keshri + Jagbani + Navodaya Times - All Editions","price":"975"}},"Entertainment":{"0":{"title":"Jagbani - Punjab Editions","price":"525"},"1":{"title":"Punjab Keshri + Jagbani - All Editions","price":"900"},"2":{"title":"Punjab Keshri + Jagbani + Hind Samachar + Navodaya Times - All Edition","price":"1050"},"3":{"title":"Punjab Keshri + Jagbani + Navodaya Times - All Editions","price":"975"}},"Real Estate Selling":{"0":{"title":"Jagbani - Punjab Editions","price":"525"},"1":{"title":"Punjab Keshri + Jagbani - All Editions","price":"900"},"2":{"title":"Punjab Keshri + Jagbani + Hind Samachar + Navodaya Times - All Edition","price":"1050"},"3":{"title":"Punjab Keshri + Jagbani + Navodaya Times - All Editions","price":"975"}},"Beauty & Wellness":{"0":{"title":"Jagbani - Punjab Editions","price":"525"},"1":{"title":"Punjab Keshri + Jagbani - All Editions","price":"900"},"2":{"title":"Punjab Keshri + Jagbani + Hind Samachar + Navodaya Times - All Edition","price":"1050"},"3":{"title":"Punjab Keshri + Jagbani + Navodaya Times - All Editions","price":"975"}},"Call Centre Employees":{"0":{"title":"Jagbani - Punjab Editions","price":"525"},"1":{"title":"Punjab Keshri + Jagbani - All Editions","price":"900"},"2":{"title":"Punjab Keshri + Jagbani + Hind Samachar + Navodaya Times - All Edition","price":"1050"},"3":{"title":"Punjab Keshri + Jagbani + Navodaya Times - All Editions","price":"975"}},"Prajapati":{"0":{"title":"Jagbani - Punjab Editions","price":"525"},"1":{"title":"Punjab Keshri + Jagbani - All Editions","price":"900"},"2":{"title":"Punjab Keshri + Jagbani + Hind Samachar + Navodaya Times - All Edition","price":"1050"},"3":{"title":"Punjab Keshri + Jagbani + Navodaya Times - All Editions","price":"975"}},"Bungalow For Sale":{"0":{"title":"Jagbani - Punjab Editions","price":"525"},"1":{"title":"Punjab Keshri + Jagbani - All Editions","price":"900"},"2":{"title":"Punjab Keshri + Jagbani + Hind Samachar + Navodaya Times - All Edition","price":"1050"},"3":{"title":"Punjab Keshri + Jagbani + Navodaya Times - All Editions","price":"975"}},"For Rent/Lease/To Let":{"0":{"title":"Jagbani - Punjab Editions","price":"525"},"1":{"title":"Punjab Keshri + Jagbani - All Editions","price":"900"},"2":{"title":"Punjab Keshri + Jagbani + Hind Samachar + Navodaya Times - All Edition","price":"1050"},"3":{"title":"Punjab Keshri + Jagbani + Navodaya Times - All Editions","price":"975"}},"Outright Sale":{"0":{"title":"Jagbani - Punjab Editions","price":"525"},"1":{"title":"Punjab Keshri + Jagbani - All Editions","price":"900"},"2":{"title":"Punjab Keshri + Jagbani + Hind Samachar + Navodaya Times - All Edition","price":"1050"},"3":{"title":"Punjab Keshri + Jagbani + Navodaya Times - All Editions","price":"975"}},"Property Others":{"0":{"title":"Jagbani - Punjab Editions","price":"525"},"1":{"title":"Punjab Keshri + Jagbani - All Editions","price":"900"},"2":{"title":"Punjab Keshri + Jagbani + Hind Samachar + Navodaya Times - All Edition","price":"1050"},"3":{"title":"Punjab Keshri + Jagbani + Navodaya Times - All Editions","price":"975"}},"SMS CAMPAIGN":{"0":{"title":"Jagbani - Punjab Editions","price":"525"},"1":{"title":"Punjab Keshri + Jagbani - All Editions","price":"900"},"2":{"title":"Punjab Keshri + Jagbani + Hind Samachar + Navodaya Times - All Edition","price":"1050"},"3":{"title":"Punjab Keshri + Jagbani + Navodaya Times - All Editions","price":"975"}}}