{"Change of Name":{"0":{"title":"The Indian Express + Jansatta - Delhi","price":"340"},"1":{"title":"The Indian Express + Jansatta - Chandigarh","price":"465"},"2":{"title":"Jansatta - Chandigarh","price":"180"}},"Recruitment job":{"0":{"title":"The Indian Express + Jansatta - Delhi","price":"340"},"1":{"title":"The Indian Express + Jansatta - Chandigarh","price":"465"},"2":{"title":"Jansatta - Chandigarh","price":"180"},"3":{"title":"Jansatta - Delhi","price":"130"},"4":{"title":"Jansatta - Lucknow","price":"45"}},"Education":{"0":{"title":"The Indian Express + Jansatta - Delhi","price":"340"},"1":{"title":"The Indian Express + Jansatta - Chandigarh","price":"465"},"2":{"title":"Jansatta - Chandigarh","price":"180"},"3":{"title":"Jansatta - Delhi","price":"130"},"4":{"title":"Jansatta - Lucknow","price":"45"}},"property real estate":{"0":{"title":"The Indian Express + Jansatta - Delhi","price":"340"},"1":{"title":"The Indian Express + Jansatta - Chandigarh","price":"465"},"2":{"title":"Jansatta - Chandigarh","price":"180"},"3":{"title":"Jansatta - Delhi","price":"130"},"4":{"title":"Jansatta - Lucknow","price":"45"}},"Lost and Found":{"0":{"title":"The Indian Express + Jansatta - Delhi","price":"340"},"1":{"title":"The Indian Express + Jansatta - Chandigarh","price":"465"},"2":{"title":"Jansatta - Chandigarh","price":"180"},"3":{"title":"Jansatta - Delhi","price":"130"},"4":{"title":"Jansatta - Lucknow","price":"45"}},"Business":{"0":{"title":"The Indian Express + Jansatta - Delhi","price":"340"},"1":{"title":"The Indian Express + Jansatta - Chandigarh","price":"465"},"2":{"title":"Jansatta - Chandigarh","price":"180"},"3":{"title":"Jansatta - Delhi","price":"130"},"4":{"title":"Jansatta - Lucknow","price":"45"}},"Obituary(Death Announcement)":{"0":{"title":"The Indian Express + Jansatta - Delhi","price":"340"},"1":{"title":"The Indian Express + Jansatta - Chandigarh","price":"465"},"2":{"title":"Jansatta - Chandigarh","price":"180"},"3":{"title":"Jansatta - Delhi","price":"130"},"4":{"title":"Jansatta - Lucknow","price":"45"}},"Remembrance(Unforgettable)":{"0":{"title":"The Indian Express + Jansatta - Delhi","price":"340"},"1":{"title":"The Indian Express + Jansatta - Chandigarh","price":"465"},"2":{"title":"Jansatta - Chandigarh","price":"180"},"3":{"title":"Jansatta - Delhi","price":"130"},"4":{"title":"Jansatta - Lucknow","price":"45"}},"public tender notices":{"0":{"title":"The Indian Express + Jansatta - Delhi","price":"340"},"1":{"title":"The Indian Express + Jansatta - Chandigarh","price":"465"},"2":{"title":"Jansatta - Chandigarh","price":"180"},"3":{"title":"Jansatta - Delhi","price":"130"},"4":{"title":"Jansatta - Lucknow","price":"45"}},"Services":{"0":{"title":"The Indian Express + Jansatta - Delhi","price":"340"},"1":{"title":"The Indian Express + Jansatta - Chandigarh","price":"465"},"2":{"title":"Jansatta - Chandigarh","price":"180"},"3":{"title":"Jansatta - Delhi","price":"130"},"4":{"title":"Jansatta - Lucknow","price":"45"}},"Retail/Shopping":{"0":{"title":"The Indian Express + Jansatta - Delhi","price":"340"},"1":{"title":"The Indian Express + Jansatta - Chandigarh","price":"465"},"2":{"title":"Jansatta - Chandigarh","price":"180"},"3":{"title":"Jansatta - Delhi","price":"130"},"4":{"title":"Jansatta - kolkata","price":"45"},"5":{"title":"Jansatta - Lucknow","price":"45"}},"Personal Announcement":{"0":{"title":"The Indian Express + Jansatta - Delhi","price":"340"},"1":{"title":"The Indian Express + Jansatta - Chandigarh","price":"465"},"2":{"title":"Jansatta - Chandigarh","price":"180"}},"Computers and Hardware":{"0":{"title":"The Indian Express + Jansatta - Delhi","price":"340"},"1":{"title":"The Indian Express + Jansatta - Chandigarh","price":"465"},"2":{"title":"Jansatta - Chandigarh","price":"180"},"3":{"title":"Jansatta - Delhi","price":"130"},"4":{"title":"Jansatta - kolkata","price":"45"},"5":{"title":"Jansatta - Lucknow","price":"45"}},"Astrology":{"0":{"title":"The Indian Express + Jansatta - Delhi","price":"340"},"1":{"title":"The Indian Express + Jansatta - Chandigarh","price":"465"},"2":{"title":"Jansatta - Chandigarh","price":"180"},"3":{"title":"Jansatta - Delhi","price":"130"},"4":{"title":"Jansatta - kolkata","price":"45"},"5":{"title":"Jansatta - Lucknow","price":"45"}},"Vehicles Automobiles":{"0":{"title":"The Indian Express + Jansatta - Delhi","price":"340"},"1":{"title":"The Indian Express + Jansatta - Chandigarh","price":"465"},"2":{"title":"Jansatta - Chandigarh","price":"180"},"3":{"title":"Jansatta - Delhi","price":"130"},"4":{"title":"Jansatta - kolkata","price":"45"},"5":{"title":"Jansatta - Lucknow","price":"45"}},"Tours and Travel":{"0":{"title":"The Indian Express + Jansatta - Delhi","price":"340"},"1":{"title":"The Indian Express + Jansatta - Chandigarh","price":"465"},"2":{"title":"Jansatta - Chandigarh","price":"180"},"3":{"title":"Jansatta - Delhi","price":"130"},"4":{"title":"Jansatta - kolkata","price":"45"},"5":{"title":"Jansatta - Lucknow","price":"45"}},"Property-Rental":{"0":{"title":"The Indian Express + Jansatta - Chandigarh","price":"340"},"1":{"title":"Jansatta - Delhi","price":"130"}},"Entertainment":{"0":{"title":"The Indian Express + Jansatta - Chandigarh","price":"340"},"1":{"title":"Jansatta - Delhi","price":"130"}},"Real Estate Selling":{"0":{"title":"The Indian Express + Jansatta - Chandigarh","price":"340"},"1":{"title":"Jansatta - Delhi","price":"130"}},"Beauty & Wellness":{"0":{"title":"The Indian Express + Jansatta - Chandigarh","price":"340"},"1":{"title":"Jansatta - Delhi","price":"130"}},"Call Centre Employees":{"0":{"title":"The Indian Express + Jansatta - Chandigarh","price":"340"},"1":{"title":"Jansatta - Delhi","price":"130"}},"Prajapati":{"0":{"title":"The Indian Express + Jansatta - Chandigarh","price":"340"},"1":{"title":"Jansatta - Delhi","price":"130"}},"Bungalow For Sale":{"0":{"title":"The Indian Express + Jansatta - Chandigarh","price":"340"},"1":{"title":"Jansatta - Delhi","price":"130"}},"For Rent/Lease/To Let":{"0":{"title":"The Indian Express + Jansatta - Delhi","price":"340"},"1":{"title":"The Indian Express + Jansatta - Chandigarh","price":"465"},"2":{"title":"Jansatta - Chandigarh","price":"180"},"3":{"title":"Jansatta - Delhi","price":"130"},"4":{"title":"Jansatta - kolkata","price":"45"},"5":{"title":"Jansatta - Lucknow","price":"45"}},"Outright Sale":{"0":{"title":"The Indian Express + Jansatta - Delhi","price":"340"},"1":{"title":"The Indian Express + Jansatta - Chandigarh","price":"465"},"2":{"title":"Jansatta - Chandigarh","price":"180"},"3":{"title":"Jansatta - Delhi","price":"130"},"4":{"title":"Jansatta - kolkata","price":"45"},"5":{"title":"Jansatta - Lucknow","price":"45"}},"Property Others":{"0":{"title":"The Indian Express + Jansatta - Delhi","price":"340"},"1":{"title":"The Indian Express + Jansatta - Chandigarh","price":"465"},"2":{"title":"Jansatta - Chandigarh","price":"180"},"3":{"title":"Jansatta - Delhi","price":"130"},"4":{"title":"Jansatta - kolkata","price":"45"},"5":{"title":"Jansatta - Lucknow","price":"45"}},"SMS CAMPAIGN":{"0":{"title":"The Indian Express + Jansatta - Delhi","price":"340"},"1":{"title":"The Indian Express + Jansatta - Chandigarh","price":"465"},"2":{"title":"Jansatta - Chandigarh","price":"180"},"3":{"title":"Jansatta - Delhi","price":"125"},"4":{"title":"Jansatta - kolkata","price":"45"},"5":{"title":"Jansatta - Lucknow","price":"45"}}}