{"Education":{"0":{"title":"Kannada Prabha - All Edition","price":"600"}},"property real estate":{"0":{"title":"Kannada Prabha - All Edition","price":"600"}},"Lost and Found":{"0":{"title":"Kannada Prabha - All Edition","price":"600"}},"Business":{"0":{"title":"Kannada Prabha - All Edition","price":"600"}},"Obituary(Death Announcement)":{"0":{"title":"Kannada Prabha - All Edition","price":"600"}},"Remembrance(Unforgettable)":{"0":{"title":"Kannada Prabha - All Edition","price":"600"}},"public tender notices":{"0":{"title":"Kannada Prabha - All Edition","price":"600"}},"Services":{"0":{"title":"Kannada Prabha - All Edition","price":"600"}},"Retail/Shopping":{"0":{"title":"Kannada Prabha - All Edition","price":"600"}},"Personal Announcement":{"0":{"title":"Kannada Prabha - All Edition","price":"600"}},"Computers and Hardware":{"0":{"title":"Kannada Prabha - All Edition","price":"600"}},"Astrology":{"0":{"title":"Kannada Prabha - All Edition","price":"600"}},"Vehicles Automobiles":{"0":{"title":"Kannada Prabha - All Edition","price":"600"}},"Tours and Travel":{"0":{"title":"Kannada Prabha - All Edition","price":"600"}},"Property-Rental":{"0":{"title":"Kannada Prabha - All Edition","price":"600"}},"Entertainment":{"0":{"title":"Kannada Prabha - All Edition","price":"600"}},"Real Estate Selling":{"0":{"title":"Kannada Prabha - All Edition","price":"600"}},"Beauty & Wellness":{"0":{"title":"Kannada Prabha - All Edition","price":"600"}},"Call Centre Employees":{"0":{"title":"Kannada Prabha - All Edition","price":"600"}},"Prajapati":{"0":{"title":"Kannada Prabha - All Edition","price":"600"}},"Bungalow For Sale":{"0":{"title":"Kannada Prabha - All Edition","price":"600"}},"For Rent/Lease/To Let":{"0":{"title":"Kannada Prabha - All Edition","price":"600"}},"Outright Sale":{"0":{"title":"Kannada Prabha - All Edition","price":"600"}},"Property Others":{"0":{"title":"Kannada Prabha - All Edition","price":"600"}},"SMS CAMPAIGN":{"0":{"title":"Kannada Prabha - All Edition","price":"600"}}}