{"Matrimonial":{"0":{"title":"Lokmat - All Editions","price":"6485"}},"Marriage Bureau":{"0":{"title":"Lokmat - All Editions","price":"6485"}},"Change of Name":{"0":{"title":"Lokmat - All Editions","price":"6485"}},"Recruitment job":{"0":{"title":"Lokmat - All Editions","price":"6485"}},"Education":{"0":{"title":"Lokmat - All Editions","price":"6485"}},"property real estate":{"0":{"title":"Lokmat - All Editions","price":"6485"}},"Lost and Found":{"0":{"title":"Lokmat - All Editions","price":"6485"}},"Business":{"0":{"title":"Lokmat - All Editions","price":"6485"}},"Obituary(Death Announcement)":{"0":{"title":"Lokmat - All Editions","price":"6485"}},"Remembrance(Unforgettable)":{"0":{"title":"Lokmat - All Editions","price":"6485"}},"public tender notices":{"0":{"title":"Lokmat - All Editions","price":"6485"}},"Services":{"0":{"title":"Lokmat - All Editions","price":"6485"}},"Retail/Shopping":{"0":{"title":"Lokmat - All Editions","price":"6485"}},"Personal Announcement":{"0":{"title":"Lokmat - All Editions","price":"6330"},"1":{"title":"Lokmat - Ahmadnagar","price":"200"},"2":{"title":"Lokmat - Akola","price":"300"},"3":{"title":"Lokmat - Aurangabad","price":"800"},"4":{"title":"Lokmat - Goa","price":"170"},"5":{"title":"Lokmat - Jalgaon","price":"680"},"6":{"title":"Lokmat - Kokan","price":"140"},"7":{"title":"Lokmat - Kolhapur","price":"280"},"8":{"title":"Lokmat - Mumbai","price":"1150"},"9":{"title":"Lokmat - Nagpur","price":"750"},"10":{"title":"Lokmat - Nashik","price":"800"},"11":{"title":"Lokmat - Pune","price":"880"},"12":{"title":"Lokmat - Solapur","price":"275"}},"Computers and Hardware":{"0":{"title":"Lokmat - All Editions","price":"6330"},"1":{"title":"Lokmat - Ahmadnagar","price":"200"},"2":{"title":"Lokmat - Akola","price":"300"},"3":{"title":"Lokmat - Aurangabad","price":"800"},"4":{"title":"Lokmat - Goa","price":"170"},"5":{"title":"Lokmat - Jalgaon","price":"680"},"6":{"title":"Lokmat - Kokan","price":"140"},"7":{"title":"Lokmat - Kolhapur","price":"280"},"8":{"title":"Lokmat - Mumbai","price":"1150"},"9":{"title":"Lokmat - Nagpur","price":"750"},"10":{"title":"Lokmat - Nashik","price":"800"},"11":{"title":"Lokmat - Pune","price":"880"},"12":{"title":"Lokmat - Solapur","price":"275"}},"Astrology":{"0":{"title":"Lokmat - All Editions","price":"6330"},"1":{"title":"Lokmat - Ahmadnagar","price":"7415"},"2":{"title":"Lokmat - Ahmadnagar","price":"200"},"3":{"title":"Lokmat - Akola","price":"300"},"4":{"title":"Lokmat - Aurangabad","price":"800"},"5":{"title":"Lokmat - Goa","price":"170"},"6":{"title":"Lokmat - Jalgaon","price":"680"},"7":{"title":"Lokmat - Kokan","price":"140"},"8":{"title":"Lokmat - Kolhapur","price":"280"},"9":{"title":"Lokmat - Mumbai","price":"1150"},"10":{"title":"Lokmat - Nagpur","price":"750"},"11":{"title":"Lokmat - Nashik","price":"800"},"12":{"title":"Lokmat - Pune","price":"880"}},"Vehicles Automobiles":{"0":{"title":"Lokmat - All Editions","price":"6485"},"1":{"title":"Lokmat (Sunday only) - All Editions","price":"7415"},"2":{"title":"Lokmat - Ahmadnagar","price":"200"},"3":{"title":"Lokmat - Akola","price":"300"},"4":{"title":"Lokmat - Aurangabad","price":"800"},"5":{"title":"Lokmat - Goa","price":"170"},"6":{"title":"Lokmat - Jalgaon","price":"680"},"7":{"title":"Lokmat - Kokan","price":"140"},"8":{"title":"Lokmat - Kolhapur","price":"280"},"9":{"title":"Lokmat - Mumbai","price":"1150"},"10":{"title":"Lokmat - Nagpur","price":"750"},"11":{"title":"Lokmat - Nashik","price":"800"},"12":{"title":"Lokmat - Pune","price":"880"},"13":{"title":"Lokmat - Solapur","price":"275"}},"Tours and Travel":{"0":{"title":"Lokmat - All Editions","price":"6485"},"1":{"title":"Lokmat (Sunday only) - All Editions","price":"7415"},"2":{"title":"Lokmat - Ahmadnagar","price":"200"},"3":{"title":"Lokmat - Akola","price":"300"},"4":{"title":"Lokmat - Aurangabad","price":"800"},"5":{"title":"Lokmat - Goa","price":"170"},"6":{"title":"Lokmat - Jalgaon","price":"680"},"7":{"title":"Lokmat - Kokan","price":"140"},"8":{"title":"Lokmat - Kolhapur","price":"280"},"9":{"title":"Lokmat - Mumbai","price":"1150"},"10":{"title":"Lokmat - Nagpur","price":"750"},"11":{"title":"Lokmat - Nashik","price":"800"},"12":{"title":"Lokmat - Pune","price":"880"},"13":{"title":"Lokmat - Solapur","price":"275"}},"Property-Rental":{"0":{"title":"Lokmat - All Editions","price":"6485"},"1":{"title":"Lokmat (Sunday only) - All Editions","price":"7415"},"2":{"title":"Lokmat - Ahmadnagar","price":"200"},"3":{"title":"Lokmat - Akola","price":"300"},"4":{"title":"Lokmat - Aurangabad","price":"800"},"5":{"title":"Lokmat - Goa","price":"170"},"6":{"title":"Lokmat - Jalgaon","price":"680"},"7":{"title":"Lokmat - Kokan","price":"140"},"8":{"title":"Lokmat - Kolhapur","price":"280"},"9":{"title":"Lokmat - Mumbai","price":"1150"},"10":{"title":"Lokmat - Nagpur","price":"750"},"11":{"title":"Lokmat - Nashik","price":"800"},"12":{"title":"Lokmat - Pune","price":"880"},"13":{"title":"Lokmat - Solapur","price":"275"}},"Entertainment":{"0":{"title":"Lokmat - All Editions","price":"6485"},"1":{"title":"Lokmat (Sunday only) - All Editions","price":"7415"},"2":{"title":"Lokmat - Ahmadnagar","price":"200"},"3":{"title":"Lokmat - Akola","price":"300"},"4":{"title":"Lokmat - Aurangabad","price":"800"},"5":{"title":"Lokmat - Goa","price":"170"},"6":{"title":"Lokmat - Jalgaon","price":"680"},"7":{"title":"Lokmat - Kokan","price":"140"},"8":{"title":"Lokmat - Kolhapur","price":"280"},"9":{"title":"Lokmat - Mumbai","price":"1150"},"10":{"title":"Lokmat - Nagpur","price":"750"},"11":{"title":"Lokmat - Nashik","price":"800"},"12":{"title":"Lokmat - Pune","price":"880"},"13":{"title":"Lokmat - Solapur","price":"275"}},"Real Estate Selling":{"0":{"title":"Lokmat - All Editions","price":"6485"},"1":{"title":"Lokmat (Sunday only) - All Editions","price":"7415"},"2":{"title":"Lokmat - Ahmadnagar","price":"200"},"3":{"title":"Lokmat - Akola","price":"300"},"4":{"title":"Lokmat - Aurangabad","price":"800"},"5":{"title":"Lokmat - Goa","price":"170"},"6":{"title":"Lokmat - Jalgaon","price":"680"},"7":{"title":"Lokmat - Kokan","price":"140"},"8":{"title":"Lokmat - Kolhapur","price":"280"},"9":{"title":"Lokmat - Mumbai","price":"1150"},"10":{"title":"Lokmat - Nagpur","price":"750"},"11":{"title":"Lokmat - Nashik","price":"800"},"12":{"title":"Lokmat - Pune","price":"880"},"13":{"title":"Lokmat - Solapur","price":"275"}},"Beauty & Wellness":{"0":{"title":"Lokmat - All Editions","price":"6485"},"1":{"title":"Lokmat (Sunday only) - All Editions","price":"7415"},"2":{"title":"Lokmat - Ahmadnagar","price":"200"},"3":{"title":"Lokmat - Akola","price":"300"},"4":{"title":"Lokmat - Aurangabad","price":"800"},"5":{"title":"Lokmat - Goa","price":"170"},"6":{"title":"Lokmat - Jalgaon","price":"680"},"7":{"title":"Lokmat - Kokan","price":"140"},"8":{"title":"Lokmat - Kolhapur","price":"280"},"9":{"title":"Lokmat - Mumbai","price":"1150"},"10":{"title":"Lokmat - Nagpur","price":"750"},"11":{"title":"Lokmat - Nashik","price":"800"},"12":{"title":"Lokmat - Pune","price":"880"},"13":{"title":"Lokmat - Solapur","price":"275"}},"Call Centre Employees":{"0":{"title":"Lokmat - All Editions","price":"6485"},"1":{"title":"Lokmat (Sunday only) - All Editions","price":"7415"},"2":{"title":"Lokmat - Ahmadnagar","price":"200"},"3":{"title":"Lokmat - Akola","price":"300"},"4":{"title":"Lokmat - Aurangabad","price":"800"},"5":{"title":"Lokmat - Goa","price":"170"},"6":{"title":"Lokmat - Jalgaon","price":"680"},"7":{"title":"Lokmat - Kokan","price":"140"},"8":{"title":"Lokmat - Kolhapur","price":"280"},"9":{"title":"Lokmat - Mumbai","price":"1150"},"10":{"title":"Lokmat - Nagpur","price":"750"},"11":{"title":"Lokmat - Nashik","price":"800"},"12":{"title":"Lokmat - Pune","price":"880"},"13":{"title":"Lokmat - Solapur","price":"275"}},"Prajapati":{"0":{"title":"Lokmat - All Editions","price":"6485"},"1":{"title":"Lokmat (Sunday only) - All Editions","price":"7415"},"2":{"title":"Lokmat - Ahmadnagar","price":"200"},"3":{"title":"Lokmat - Akola","price":"300"},"4":{"title":"Lokmat - Aurangabad","price":"800"},"5":{"title":"Lokmat - Goa","price":"170"},"6":{"title":"Lokmat - Jalgaon","price":"680"},"7":{"title":"Lokmat - Kokan","price":"140"},"8":{"title":"Lokmat - Kolhapur","price":"280"},"9":{"title":"Lokmat - Mumbai","price":"1150"},"10":{"title":"Lokmat - Nagpur","price":"750"},"11":{"title":"Lokmat - Nashik","price":"800"},"12":{"title":"Lokmat - Pune","price":"880"},"13":{"title":"Lokmat - Solapur","price":"275"}},"Bungalow For Sale":{"0":{"title":"Lokmat - All Editions","price":"6485"},"1":{"title":"Lokmat (Sunday only) - All Editions","price":"7415"},"2":{"title":"Lokmat - Ahmadnagar","price":"200"},"3":{"title":"Lokmat - Akola","price":"300"},"4":{"title":"Lokmat - Aurangabad","price":"800"},"5":{"title":"Lokmat - Goa","price":"170"},"6":{"title":"Lokmat - Jalgaon","price":"680"},"7":{"title":"Lokmat - Kokan","price":"140"},"8":{"title":"Lokmat - Kolhapur","price":"280"},"9":{"title":"Lokmat - Mumbai","price":"1150"},"10":{"title":"Lokmat - Nagpur","price":"750"},"11":{"title":"Lokmat - Nashik","price":"800"},"12":{"title":"Lokmat - Pune","price":"880"},"13":{"title":"Lokmat - Solapur","price":"275"}},"For Rent/Lease/To Let":{"0":{"title":"Lokmat - All Editions","price":"6485"},"1":{"title":"Lokmat (Sunday only) - All Editions","price":"7415"},"2":{"title":"Lokmat - Ahmadnagar","price":"200"},"3":{"title":"Lokmat - Akola","price":"300"},"4":{"title":"Lokmat - Aurangabad","price":"800"},"5":{"title":"Lokmat - Goa","price":"170"},"6":{"title":"Lokmat - Jalgaon","price":"680"},"7":{"title":"Lokmat - Kokan","price":"140"},"8":{"title":"Lokmat - Kolhapur","price":"280"},"9":{"title":"Lokmat - Mumbai","price":"1150"},"10":{"title":"Lokmat - Nagpur","price":"750"},"11":{"title":"Lokmat - Nashik","price":"800"},"12":{"title":"Lokmat - Pune","price":"880"},"13":{"title":"Lokmat - Solapur","price":"275"}},"Outright Sale":{"0":{"title":"Lokmat - All Editions","price":"6485"},"1":{"title":"Lokmat (Sunday only) - All Editions","price":"7415"},"2":{"title":"Lokmat - Ahmadnagar","price":"200"},"3":{"title":"Lokmat - Akola","price":"300"},"4":{"title":"Lokmat - Aurangabad","price":"800"},"5":{"title":"Lokmat - Goa","price":"170"},"6":{"title":"Lokmat - Jalgaon","price":"680"},"7":{"title":"Lokmat - Kokan","price":"140"},"8":{"title":"Lokmat - Kolhapur","price":"280"},"9":{"title":"Lokmat - Mumbai","price":"1150"},"10":{"title":"Lokmat - Nagpur","price":"750"},"11":{"title":"Lokmat - Nashik","price":"800"},"12":{"title":"Lokmat - Pune","price":"880"},"13":{"title":"Lokmat - Solapur","price":"275"}},"Property Others":{"0":{"title":"Lokmat - All Editions","price":"6485"},"1":{"title":"Lokmat (Sunday only) - All Editions","price":"7415"},"2":{"title":"Lokmat - Ahmadnagar","price":"200"},"3":{"title":"Lokmat - Akola","price":"300"},"4":{"title":"Lokmat - Aurangabad","price":"800"},"5":{"title":"Lokmat - Goa","price":"170"},"6":{"title":"Lokmat - Jalgaon","price":"680"},"7":{"title":"Lokmat - Kokan","price":"140"},"8":{"title":"Lokmat - Kolhapur","price":"280"},"9":{"title":"Lokmat - Mumbai","price":"1150"},"10":{"title":"Lokmat - Nagpur","price":"750"},"11":{"title":"Lokmat - Nashik","price":"800"},"12":{"title":"Lokmat - Pune","price":"880"},"13":{"title":"Lokmat - Solapur","price":"275"}}}