{"Matrimonial":{"0":{"title":"Loksatta - All Editions","price":"1150"}},"Marriage Bureau":{"0":{"title":"Loksatta - All Editions","price":"1150"}},"Change of Name":{"0":{"title":"Loksatta - All Editions","price":"1150"}},"Recruitment job":{"0":{"title":"Loksatta - All Editions","price":"1150"}},"Education":{"0":{"title":"Loksatta - All Editions","price":"1150"}},"property real estate":{"0":{"title":"Loksatta - All Editions","price":"1150"}},"Lost and Found":{"0":{"title":"Loksatta - All Editions","price":"1150"}},"Business":{"0":{"title":"Loksatta - All Editions","price":"1150"}},"Obituary(Death Announcement)":{"0":{"title":"Loksatta - All Editions","price":"1150"}},"Remembrance(Unforgettable)":{"0":{"title":"Loksatta - All Editions","price":"1150"}},"public tender notices":{"0":{"title":"Loksatta - All Editions","price":"1150"}},"Services":{"0":{"title":"Loksatta - All Editions","price":"1150"}},"Retail/Shopping":{"0":{"title":"Loksatta - All Editions","price":"1150"}},"Personal Announcement":{"0":{"title":"Loksatta - All Editions","price":"1150"}},"Computers and Hardware":{"0":{"title":"Loksatta - All Editions","price":"1150"}},"Astrology":{"0":{"title":"Loksatta - All Editions","price":"1150"}},"Vehicles Automobiles":{"0":{"title":"Loksatta - All Editions","price":"400"}},"Tours and Travel":{"0":{"title":"The Indian Express + Loksatta - Pune","price":"400"},"1":{"title":"The Indian Express + Loksatta - Nagpur","price":"140"},"2":{"title":"Loksatta - Ahmednagar","price":"100"},"3":{"title":"Loksatta - Aurangabad","price":"100"},"4":{"title":"Loksatta + The Indian Express - Mumbai","price":"1800"},"5":{"title":"Loksatta - Ahmednagar","price":"100"},"6":{"title":"Loksatta - Aurangabad","price":"100"}},"Property-Rental":{"0":{"title":"Loksatta - All Editions","price":"1350"},"1":{"title":"Loksatta - (Mumbai + Pune) Editions","price":"1250"},"2":{"title":"The Indian Express + Loksatta - Pune","price":"400"},"3":{"title":"The Indian Express + Loksatta - Nagpur","price":"140"},"4":{"title":"Loksatta + The Indian Express - Mumbai","price":"1800"},"5":{"title":"Loksatta - Ahmednagar","price":"100"},"6":{"title":"Loksatta - Aurangabad","price":"100"},"7":{"title":"Loksatta - Mumbai","price":"1200"},"8":{"title":"Loksatta - Nagpur","price":"120"},"9":{"title":"Loksatta - Pune","price":"150"}},"Entertainment":{"0":{"title":"Loksatta - All Editions","price":"1350"},"1":{"title":"Loksatta - (Mumbai + Pune) Editions","price":"1250"},"2":{"title":"The Indian Express + Loksatta - Pune","price":"400"},"3":{"title":"The Indian Express + Loksatta - Nagpur","price":"140"},"4":{"title":"Loksatta + The Indian Express - Mumbai","price":"1800"},"5":{"title":"Loksatta - Ahmednagar","price":"100"},"6":{"title":"Loksatta - Aurangabad","price":"100"},"7":{"title":"Loksatta - Mumbai","price":"1200"},"8":{"title":"Loksatta - Nagpur","price":"120"},"9":{"title":"Loksatta - Pune","price":"150"}},"Real Estate Selling":{"0":{"title":"Loksatta - All Editions","price":"1350"},"1":{"title":"Loksatta - (Mumbai + Pune) Editions","price":"1250"},"2":{"title":"The Indian Express + Loksatta - Pune","price":"400"},"3":{"title":"The Indian Express + Loksatta - Nagpur","price":"140"},"4":{"title":"Loksatta + The Indian Express - Mumbai","price":"1800"},"5":{"title":"Loksatta - Ahmednagar","price":"100"},"6":{"title":"Loksatta - Aurangabad","price":"100"},"7":{"title":"Loksatta - Mumbai","price":"1200"},"8":{"title":"Loksatta - Nagpur","price":"120"},"9":{"title":"Loksatta - Pune","price":"150"}},"Beauty & Wellness":{"0":{"title":"Loksatta - All Editions","price":"1350"},"1":{"title":"Loksatta - (Mumbai + Pune) Editions","price":"1250"},"2":{"title":"The Indian Express + Loksatta - Pune","price":"400"},"3":{"title":"The Indian Express + Loksatta - Nagpur","price":"140"},"4":{"title":"Loksatta + The Indian Express - Mumbai","price":"1800"},"5":{"title":"Loksatta - Ahmednagar","price":"100"},"6":{"title":"Loksatta - Aurangabad","price":"100"},"7":{"title":"Loksatta - Mumbai","price":"1200"},"8":{"title":"Loksatta - Nagpur","price":"120"},"9":{"title":"Loksatta - Pune","price":"150"}},"Call Centre Employees":{"0":{"title":"Loksatta - All Editions","price":"400"},"1":{"title":"The Indian Express + Loksatta - Nagpur","price":"140"},"2":{"title":"Loksatta - Ahmednagar","price":"100"}},"Prajapati":{"0":{"title":"The Indian Express + Loksatta - Pune","price":"400"},"1":{"title":"The Indian Express + Loksatta - Nagpur","price":"140"},"2":{"title":"Loksatta - Ahmednagar","price":"100"},"3":{"title":"Loksatta - Aurangabad","price":"100"},"4":{"title":"Loksatta - Mumbai","price":"1200"},"5":{"title":"Loksatta - Nagpur","price":"120"},"6":{"title":"Loksatta - Pune","price":"150"}},"Bungalow For Sale":{"0":{"title":"The Indian Express + Loksatta - Pune","price":"400"},"1":{"title":"The Indian Express + Loksatta - Nagpur","price":"140"},"2":{"title":"Loksatta - Ahmednagar","price":"100"},"3":{"title":"Loksatta - Aurangabad","price":"100"},"4":{"title":"Loksatta - Mumbai","price":"1200"},"5":{"title":"Loksatta - Nagpur","price":"120"},"6":{"title":"Loksatta - Pune","price":"150"}},"For Rent/Lease/To Let":{"0":{"title":"The Indian Express + Loksatta - Pune","price":"400"},"1":{"title":"The Indian Express + Loksatta - Nagpur","price":"140"},"2":{"title":"Loksatta - Ahmednagar","price":"100"},"3":{"title":"Loksatta - Aurangabad","price":"100"},"4":{"title":"Loksatta - Mumbai","price":"1200"},"5":{"title":"Loksatta - Nagpur","price":"120"},"6":{"title":"Loksatta - Pune","price":"150"}},"Outright Sale":{"0":{"title":"Loksatta - All Editions","price":"1350"},"1":{"title":"Loksatta - (Mumbai + Pune) Editions","price":"1250"},"2":{"title":"The Indian Express + Loksatta - Pune","price":"400"},"3":{"title":"The Indian Express + Loksatta - Nagpur","price":"140"},"4":{"title":"Loksatta + The Indian Express - Mumbai","price":"1800"},"5":{"title":"Loksatta - Ahmednagar","price":"100"},"6":{"title":"Loksatta - Aurangabad","price":"100"},"7":{"title":"Loksatta - Mumbai","price":"1200"},"8":{"title":"Loksatta - Nagpur","price":"120"},"9":{"title":"Loksatta - Pune","price":"150"}},"Property Others":{"0":{"title":"Loksatta - All Editions","price":"1350"},"1":{"title":"Loksatta - (Mumbai + Pune) Editions","price":"1250"},"2":{"title":"The Indian Express + Loksatta - Pune","price":"400"},"3":{"title":"The Indian Express + Loksatta - Nagpur","price":"140"},"4":{"title":"Loksatta + The Indian Express - Mumbai","price":"1800"},"5":{"title":"Loksatta - Mumbai","price":"1200"},"6":{"title":"Loksatta - Nagpur","price":"85"},"7":{"title":"Loksatta - Pune","price":"110"},"8":{"title":"Loksatta - Nagpur","price":"120"},"9":{"title":"Loksatta - Pune","price":"150"}},"SMS CAMPAIGN":{"0":{"title":"Loksatta - All Editions","price":"1350"},"1":{"title":"Loksatta - (Mumbai + Pune) Editions","price":"1250"},"2":{"title":"The Indian Express + Loksatta - Pune","price":"400"},"3":{"title":"The Indian Express + Loksatta - Nagpur","price":"140"},"4":{"title":"Loksatta + The Indian Express - Mumbai","price":"1800"},"5":{"title":"Loksatta - Ahmednagar","price":"100"},"6":{"title":"Loksatta - Aurangabad","price":"100"},"7":{"title":"Loksatta - Mumbai","price":"1200"},"8":{"title":"Loksatta - Nagpur","price":"120"},"9":{"title":"Loksatta - Pune","price":"150"}}}