{"Matrimonial":{"0":{"title":"Sahayadri package :\nMaharashtra Times - All Maharashtra","price":"1100"},"1":{"title":"Milap package :\nThe Times of India - Maharashtra Times (Pune, Mumbai)","price":"2700"},"2":{"title":"Sanjog package :\nThe Times of India - Pune, Mumbai + Maharashtra Times - Maharashtra","price":"3150"},"3":{"title":"Jodi Package:\nTOI + NBT (Mumbai, Delhi NCR) + Maharashtra Times - Mumbai","price":"4790"}},"Marriage Bureau":{"0":{"title":"Sahayadri package :\nMaharashtra Times - All Maharashtra","price":"1100"},"1":{"title":"Milap package :\nThe Times of India - Maharashtra Times (Pune, Mumbai)","price":"2700"},"2":{"title":"Sanjog package :\nThe Times of India - Pune, Mumbai + Maharashtra Times - Maharashtra","price":"3150"},"3":{"title":"Jodi Package:\nTOI + NBT (Mumbai, Delhi NCR) + Maharashtra Times - Mumbai","price":"4790"}},"Change of Name":{"0":{"title":"Sahayadri package :\nMaharashtra Times - All Maharashtra","price":"1100"},"1":{"title":"Milap package :\nThe Times of India - Maharashtra Times (Pune, Mumbai)","price":"2700"},"2":{"title":"Sanjog package :\nThe Times of India - Pune, Mumbai + Maharashtra Times - Maharashtra","price":"3150"},"3":{"title":"Jodi Package:\nTOI + NBT (Mumbai, Delhi NCR) + Maharashtra Times - Mumbai","price":"4790"}},"Recruitment job":{"0":{"title":"Sahayadri package :\nMaharashtra Times - All Maharashtra","price":"1100"},"1":{"title":"Milap package :\nThe Times of India - Maharashtra Times (Pune, Mumbai)","price":"2700"},"2":{"title":"Sanjog package :\nThe Times of India - Pune, Mumbai + Maharashtra Times - Maharashtra","price":"3150"},"3":{"title":"Jodi Package:\nTOI + NBT (Mumbai, Delhi NCR) + Maharashtra Times - Mumbai","price":"4790"}},"Education":{"0":{"title":"Sahayadri package :\nMaharashtra Times - All Maharashtra","price":"1100"},"1":{"title":"Milap package :\nThe Times of India - Maharashtra Times (Pune, Mumbai)","price":"2700"},"2":{"title":"Sanjog package :\nThe Times of India - Pune, Mumbai + Maharashtra Times - Maharashtra","price":"3150"},"3":{"title":"Jodi Package:\nTOI + NBT (Mumbai, Delhi NCR) + Maharashtra Times - Mumbai","price":"4790"}},"property real estate":{"0":{"title":"Sahayadri package :\nMaharashtra Times - All Maharashtra","price":"1100"},"1":{"title":"Milap package :\nThe Times of India - Maharashtra Times (Pune, Mumbai)","price":"2700"},"2":{"title":"Sanjog package :\nThe Times of India - Pune, Mumbai + Maharashtra Times - Maharashtra","price":"3150"},"3":{"title":"Jodi Package:\nTOI + NBT (Mumbai, Delhi NCR) + Maharashtra Times - Mumbai","price":"4790"}},"Lost and Found":{"0":{"title":"Sahayadri package :\nMaharashtra Times - All Maharashtra","price":"1100"},"1":{"title":"Milap package :\nThe Times of India - Maharashtra Times (Pune, Mumbai)","price":"2700"},"2":{"title":"Sanjog package :\nThe Times of India - Pune, Mumbai + Maharashtra Times - Maharashtra","price":"3150"},"3":{"title":"Jodi Package:\nTOI + NBT (Mumbai, Delhi NCR) + Maharashtra Times - Mumbai","price":"4790"}},"Business":{"0":{"title":"Sahayadri package :\nMaharashtra Times - All Maharashtra","price":"1100"},"1":{"title":"Milap package :\nThe Times of India - Maharashtra Times (Pune, Mumbai)","price":"2700"},"2":{"title":"Sanjog package : The Times of India - Pune, Mumbai + Maharashtra Times - Maharashtra ","price":"3150"},"3":{"title":"Jodi Package:\nTOI + NBT (Mumbai, Delhi NCR) + Maharashtra Times - Mumbai","price":"4790"}},"Obituary(Death Announcement)":{"0":{"title":"Sahayadri package :\nMaharashtra Times - All Maharashtra","price":"1100"},"1":{"title":"Milap package :\nThe Times of India - Maharashtra Times (Pune, Mumbai)","price":"2700"},"2":{"title":"Sanjog package :\nThe Times of India - Pune, Mumbai + Maharashtra Times - Maharashtra","price":"3150"},"3":{"title":"Jodi Package:\nTOI + NBT (Mumbai, Delhi NCR) + Maharashtra Times - Mumbai","price":"4790"}},"Remembrance(Unforgettable)":{"0":{"title":"Maharashtra Times - All Maharashtra Edition","price":"1481"}},"public tender notices":{"0":{"title":"Maharashtra Times - All Maharashtra Edition","price":"1481"}},"Services":{"0":{"title":"Maharashtra Times - All Maharashtra Edition","price":"1481"}},"Retail/Shopping":{"0":{"title":"Maharashtra Times - All Maharashtra Edition","price":"210"}},"Personal Announcement":{"0":{"title":"The Times of India + Maharashtra Times - Kolhapur ","price":"210"},"1":{"title":"The Times of India (Sun & Weekday) + The Economics Times + Mirror + Navbharat Times + Maharashtra Times - Mumbai","price":"5500"},"2":{"title":"The Times of India - Nagpur + Maharashtra Times - Nagpur","price":"300"},"3":{"title":"Times Of India Nashik Split - Pune Upcountry + Maharashtra Times - Nashik","price":"200"},"4":{"title":"The Times of India + Maharashtra Times - Aurangabad","price":"150"},"5":{"title":"Mirror + Maharashtra Times + Navbharat Times - Mumbai","price":"2000"},"6":{"title":"Times of India(Sunday + weekday) + Maharashtra Times + The Economic Times - Pune","price":"1100"},"7":{"title":"Times of India + Maharashtra Times + The Economic Times - Pune","price":"1100"},"8":{"title":"Maharashtra Times - Ahmednagar","price":"4000"},"9":{"title":"Maharashtra Times - Ahmednagar","price":"50"},"10":{"title":"Maharashtra Times - Aurangabad","price":"100"},"11":{"title":"Maharashtra Times - Mumbai","price":"154"},"12":{"title":"Maharashtra Times - Mumbai","price":"800"},"13":{"title":"Maharashtra Times - Nagpur","price":"130"},"14":{"title":"Maharashtra Times - Nashik","price":"140"}},"Astrology":{"0":{"title":"The Times of India + Maharashtra Times - Kolhapur","price":"210"},"1":{"title":"The Times of India (Sun & Weekday) + The Economics Times + Mirror + Navbharat Times + Maharashtra Times - Mumbai","price":"5000"},"2":{"title":"Times Of India Nashik Split - Pune Upcountry + Maharashtra Times - Nashik","price":"200"},"3":{"title":"The Times of India + Maharashtra Times - Aurangabad","price":"150"},"4":{"title":"Mirror + Maharashtra Times + Navbharat Times - Mumbai","price":"2000"},"5":{"title":"Times of India(Sunday + weekday) + Maharashtra Times + The Economic Times - Pune","price":"1100"},"6":{"title":"Times of India + Maharashtra Times + The Economic Times - Pune","price":"1000"},"7":{"title":"Maharashtra Times - Ahmednagar","price":"50"},"8":{"title":"Maharashtra Times - Aurangabad","price":"100"},"9":{"title":"Maharashtra Times - Jalgaon","price":"50"},"10":{"title":"Maharashtra Times - Kolhapur","price":"154"},"11":{"title":"Maharashtra Times - Mumbai","price":"800"},"12":{"title":"Maharashtra Times - Nagpur","price":"130"},"13":{"title":"Maharashtra Times - Nashik","price":"180"},"14":{"title":"Maharashtra Times - Pune","price":"400"}},"Vehicles Automobiles":{"0":{"title":"The Times of India + Maharashtra Times - Kolhapur","price":"210"},"1":{"title":"The Times of India (Sun & Weekday) + The Economics Times + Mirror + Navbharat Times + Maharashtra Times - Mumbai","price":"5000"},"2":{"title":"Times Of India Nashik Split - Pune Upcountry + Maharashtra Times - Nashik","price":"200"},"3":{"title":"The Times of India + Maharashtra Times - Aurangabad","price":"150"},"4":{"title":"Mirror + Maharashtra Times + Navbharat Times - Mumbai","price":"2000"},"5":{"title":"Times of India(Sunday + weekday) + Maharashtra Times + The Economic Times - Pune","price":"1100"},"6":{"title":"Times of India + Maharashtra Times + The Economic Times - Pune","price":"1000"},"7":{"title":"Maharashtra Times - Ahmednagar","price":"50"},"8":{"title":"Maharashtra Times - Aurangabad","price":"100"},"9":{"title":"Maharashtra Times - Jalgaon","price":"50"},"10":{"title":"Maharashtra Times - Kolhapur","price":"154"},"11":{"title":"Maharashtra Times - Mumbai","price":"800"},"12":{"title":"Maharashtra Times - Nagpur","price":"130"},"13":{"title":"Maharashtra Times - Nashik","price":"180"},"14":{"title":"Maharashtra Times - Pune","price":"400"}},"Tours and Travel":{"0":{"title":"The Times of India + Maharashtra Times - Kolhapur","price":"210"},"1":{"title":"The Times of India (Sun & Weekday) + The Economics Times + Mirror + Navbharat Times + Maharashtra Times - Mumbai","price":"5000"},"2":{"title":"Times Of India Nashik Split - Pune Upcountry + Maharashtra Times - Nashik","price":"200"},"3":{"title":"The Times of India + Maharashtra Times - Aurangabad","price":"150"},"4":{"title":"Mirror + Maharashtra Times + Navbharat Times - Mumbai","price":"2000"},"5":{"title":"Times of India(Sunday + weekday) + Maharashtra Times + The Economic Times - Pune","price":"1100"},"6":{"title":"Times of India + Maharashtra Times + The Economic Times - Pune","price":"1000"},"7":{"title":"Maharashtra Times - Ahmednagar","price":"50"},"8":{"title":"Maharashtra Times - Aurangabad","price":"100"},"9":{"title":"Maharashtra Times - Jalgaon","price":"50"},"10":{"title":"Maharashtra Times - Kolhapur","price":"154"},"11":{"title":"Maharashtra Times - Mumbai","price":"800"},"12":{"title":"Maharashtra Times - Nagpur","price":"130"},"13":{"title":"Maharashtra Times - Nashik","price":"180"},"14":{"title":"Maharashtra Times - Pune","price":"400"}},"Property-Rental":{"0":{"title":"The Times of India + Maharashtra Times - Kolhapur","price":"210"},"1":{"title":"The Times of India (Sun & Weekday) + The Economics Times + Mirror + Navbharat Times + Maharashtra Times - Mumbai","price":"5000"},"2":{"title":"Times Of India Nashik Split - Pune Upcountry + Maharashtra Times - Nashik","price":"200"},"3":{"title":"The Times of India + Maharashtra Times - Aurangabad","price":"150"},"4":{"title":"Mirror + Maharashtra Times + Navbharat Times - Mumbai","price":"2000"},"5":{"title":"Times of India(Sunday + weekday) + Maharashtra Times + The Economic Times - Pune","price":"1100"},"6":{"title":"Times of India + Maharashtra Times + The Economic Times - Pune ","price":"1000"},"7":{"title":"Times of India + Maharashtra Times + The Economic Times - Pune","price":"1000"},"8":{"title":"Maharashtra Times - Ahmednagar","price":"50"},"9":{"title":"Maharashtra Times - Aurangabad","price":"100"},"10":{"title":"Maharashtra Times - Jalgaon","price":"50"},"11":{"title":"Maharashtra Times - Kolhapur","price":"154"},"12":{"title":"Maharashtra Times - Mumbai","price":"785"},"13":{"title":"Maharashtra Times - Nagpur","price":"100"},"14":{"title":"Maharashtra Times - Nashik","price":"140"}}}