{"Matrimonial":{"0":{"title":"Malayala Manorama - All India\n(Kerala, Delhi, Karnataka, Tamilnadu & Mumbai)","price":"2330"},"1":{"title":"Malayala Manorama - All Kerala","price":"2180"},"2":{"title":"Malayala Manorama - All Editions(India + Overseas)","price":"2460"},"3":{"title":"Malayala Manorama- All Kerala + Overseas Editions","price":"2420"}},"Marriage Bureau":{"0":{"title":"Malayala Manorama - All India\n(Kerala, Delhi, Karnataka, Tamilnadu & Mumbai)","price":"2330"},"1":{"title":"Malayala Manorama - All Kerala","price":"2180"},"2":{"title":"Malayala Manorama - All Editions(India + Overseas)","price":"2460"},"3":{"title":"Malayala Manorama- All Kerala + Overseas Editions","price":"2420"}},"Change of Name":{"0":{"title":"Malayala Manorama - All India\n(Kerala, Delhi, Karnataka, Tamilnadu & Mumbai)","price":"2330"},"1":{"title":"Malayala Manorama - All Kerala","price":"2180"},"2":{"title":"Malayala Manorama - All Editions(India + Overseas)","price":"2460"},"3":{"title":"Malayala Manorama- All Kerala + Overseas Editions","price":"2420"}},"Recruitment job":{"0":{"title":"Malayala Manorama - All India\n(Kerala, Delhi, Karnataka, Tamilnadu & Mumbai)","price":"2330"},"1":{"title":"Malayala Manorama - All Kerala","price":"2180"},"2":{"title":"Malayala Manorama - All Editions(India + Overseas)","price":"2460"},"3":{"title":"Malayala Manorama- All Kerala + Overseas Editions","price":"2420"}},"Education":{"0":{"title":"Malayala Manorama - All India\n(Kerala, Delhi, Karnataka, Tamilnadu & Mumbai)","price":"2330"},"1":{"title":"Malayala Manorama - All Kerala","price":"2180"},"2":{"title":"Malayala Manorama - All Editions(India + Overseas)","price":"2460"},"3":{"title":"Malayala Manorama- All Kerala + Overseas Editions","price":"2420"}},"property real estate":{"0":{"title":"Malayala Manorama - All India\n(Kerala, Delhi, Karnataka, Tamilnadu & Mumbai)","price":"2330"},"1":{"title":"Malayala Manorama - All Kerala","price":"2180"},"2":{"title":"Malayala Manorama - All Editions(India + Overseas)","price":"2460"},"3":{"title":"Malayala Manorama- All Kerala + Overseas Editions","price":"2420"}},"Lost and Found":{"0":{"title":"Malayala Manorama - All India\n(Kerala, Delhi, Karnataka, Tamilnadu & Mumbai)","price":"2330"},"1":{"title":"Malayala Manorama - All Kerala","price":"2180"},"2":{"title":"Malayala Manorama - All Editions(India + Overseas)","price":"2460"},"3":{"title":"Malayala Manorama- All Kerala + Overseas Editions","price":"2420"}},"Business":{"0":{"title":"Malayala Manorama - All India\n(Kerala, Delhi, Karnataka, Tamilnadu & Mumbai)","price":"2330"},"1":{"title":"Malayala Manorama - All Kerala","price":"2180"},"2":{"title":"Malayala Manorama - All Editions(India + Overseas)","price":"2460"},"3":{"title":"Malayala Manorama- All Kerala + Overseas Editions","price":"2420"}},"Obituary(Death Announcement)":{"0":{"title":"Malayala Manorama - All India\n(Kerala, Delhi, Karnataka, Tamilnadu & Mumbai)","price":"2330"},"1":{"title":"Malayala Manorama - All Kerala","price":"2180"},"2":{"title":"Malayala Manorama - All Editions(India + Overseas)","price":"2460"},"3":{"title":"Malayala Manorama- All Kerala + Overseas Editions","price":"2420"}},"Remembrance(Unforgettable)":{"0":{"title":"Malayala Manorama - All India\n(Kerala, Delhi, Karnataka, Tamilnadu & Mumbai)","price":"2330"},"1":{"title":"Malayala Manorama - All Kerala","price":"2180"},"2":{"title":"Malayala Manorama - All Editions(India + Overseas)","price":"2460"},"3":{"title":"Malayala Manorama- All Kerala + Overseas Editions","price":"2420"}},"public tender notices":{"0":{"title":"Malayala Manorama - All India\n(Kerala, Delhi, Karnataka, Tamilnadu & Mumbai)","price":"2330"},"1":{"title":"Malayala Manorama - All Kerala","price":"2180"},"2":{"title":"Malayala Manorama - All Editions(India + Overseas)","price":"2460"},"3":{"title":"Malayala Manorama- All Kerala + Overseas Editions","price":"2420"}},"Services":{"0":{"title":"Malayala Manorama - All India\n(Kerala, Delhi, Karnataka, Tamilnadu & Mumbai)","price":"2330"},"1":{"title":"Malayala Manorama - All Kerala","price":"2180"},"2":{"title":"Malayala Manorama - All Editions(India + Overseas)","price":"2460"},"3":{"title":"Malayala Manorama- All Kerala + Overseas Editions","price":"2420"}},"Retail/Shopping":{"0":{"title":"Malayala Manorama - All India\n(Kerala, Delhi, Karnataka, Tamilnadu & Mumbai)","price":"2330"},"1":{"title":"Malayala Manorama - All Kerala","price":"2180"},"2":{"title":"Malayala Manorama - All Editions(India + Overseas)","price":"2460"},"3":{"title":"Malayala Manorama- All Kerala + Overseas Editions","price":"2420"}},"Personal Announcement":{"0":{"title":"Malayala Manorama - All India\n(Kerala, Delhi, Karnataka, Tamilnadu & Mumbai)","price":"2330"},"1":{"title":"Malayala Manorama - All Kerala","price":"2180"},"2":{"title":"Malayala Manorama - All Editions(India + Overseas)","price":"2460"},"3":{"title":"Malayala Manorama- All Kerala + Overseas Editions","price":"2420"}},"Computers and Hardware":{"0":{"title":"Malayala Manorama - All India\n(Kerala, Delhi, Karnataka, Tamilnadu & Mumbai)","price":"2330"},"1":{"title":"Malayala Manorama - All Kerala","price":"2180"},"2":{"title":"Malayala Manorama - All Editions(India + Overseas)","price":"2460"},"3":{"title":"Malayala Manorama- All Kerala + Overseas Editions","price":"2420"}},"Astrology":{"0":{"title":"Malayala Manorama - All India\n(Kerala, Delhi, Karnataka, Tamilnadu & Mumbai)","price":"2330"},"1":{"title":"Malayala Manorama - All Kerala","price":"2180"},"2":{"title":"Malayala Manorama - All Editions(India + Overseas)","price":"2460"},"3":{"title":"Malayala Manorama- All Kerala + Overseas Editions","price":"2420"}},"Vehicles Automobiles":{"0":{"title":"Malayala Manorama - All India\n(Kerala, Delhi, Karnataka, Tamilnadu & Mumbai)","price":"2330"},"1":{"title":"Malayala Manorama - All Kerala","price":"2180"},"2":{"title":"Malayala Manorama - Chennai","price":"538"},"3":{"title":"Malayala Manorama - Delhi","price":"538"}},"Tours and Travel":{"0":{"title":"Malayala Manorama - Alappuzha","price":"1000"},"1":{"title":"Malayala Manorama - Bangalore","price":"538"},"2":{"title":"Malayala Manorama - Chennai","price":"538"},"3":{"title":"Malayala Manorama - Delhi","price":"538"},"4":{"title":"Malayala Manorama - Kannur","price":"1010"},"5":{"title":"Malayala Manorama - Kochi","price":"1146"},"6":{"title":"Malayala Manorama - Kollam","price":"1010"},"7":{"title":"Malayala Manorama - Kottayam","price":"1029"},"8":{"title":"Malayala Manorama - Kozhikode","price":"1010"},"9":{"title":"Malayala Manorama - Malappuram","price":"1010"},"10":{"title":"Malayala Manorama - Mumbai","price":"538"},"11":{"title":"Malayala Manorama - Palakkad","price":"1010"},"12":{"title":"Malayala Manorama - Pathanamthitta","price":"1010"},"13":{"title":"Malayala Manorama - Thrissur","price":"1010"},"14":{"title":"Malayala Manorama - Trivandrum","price":"1010"}},"Property-Rental":{"0":{"title":"Malayala Manorama - Alappuzha","price":"1000"},"1":{"title":"Malayala Manorama - Bangalore","price":"538"},"2":{"title":"Malayala Manorama - Chennai","price":"538"},"3":{"title":"Malayala Manorama - Delhi","price":"538"},"4":{"title":"Malayala Manorama - Kannur","price":"1240"},"5":{"title":"Malayala Manorama - Bangalore","price":"660"},"6":{"title":"Malayala Manorama - Chennai","price":"660"},"7":{"title":"Malayala Manorama - Delhi","price":"660"},"8":{"title":"Malayala Manorama - Kannur","price":"1240"},"9":{"title":"Malayala Manorama - Kerala","price":"2050"},"10":{"title":"Malayala Manorama - Kochi","price":"1410"},"11":{"title":"Malayala Manorama - Kollam","price":"1240"},"12":{"title":"Malayala Manorama - Kottayam","price":"1260"},"13":{"title":"Malayala Manorama - Kozhikode","price":"1240"},"14":{"title":"Malayala Manorama - Malappuram","price":"1240"}},"Entertainment":{"0":{"title":"Malayala Manorama - All India (Kerala, Delhi, Karnataka, Tamilnadu & Mumbai)","price":"2330"},"1":{"title":"Malayala Manorama - All Kerala","price":"2180"},"2":{"title":"Malayala Manorama - All Editions(India + Overseas)","price":"2460"},"3":{"title":"Malayala Manorama- All Kerala + Overseas Editions","price":"2420"},"4":{"title":"Malayala Manorama - Kannur","price":"1010"},"5":{"title":"Malayala Manorama - Kochi","price":"1146"},"6":{"title":"Malayala Manorama - Kollam","price":"1010"},"7":{"title":"Malayala Manorama - Kottayam","price":"1029"},"8":{"title":"Malayala Manorama - Kozhikode","price":"1010"},"9":{"title":"Malayala Manorama - Malappuram","price":"1010"},"10":{"title":"Malayala Manorama - Mumbai","price":"538"},"11":{"title":"Malayala Manorama - Palakkad","price":"1010"},"12":{"title":"Malayala Manorama - Pathanamthitta","price":"1010"},"13":{"title":"Malayala Manorama - Thrissur","price":"1010"},"14":{"title":"Malayala Manorama - Trivandrum","price":"1010"},"15":{"title":"Malayala Manorama - Mumbai","price":"660"},"16":{"title":"Malayala Manorama - Palakkad","price":"1240"},"17":{"title":"Malayala Manorama - Pathanamthitta","price":"1240"},"18":{"title":"Malayala Manorama - Thrissur","price":"1240"},"19":{"title":"Malayala Manorama - Trivandrum","price":"1240"}},"Real Estate Selling":{"0":{"title":"Malayala Manorama - All India\n(Kerala, Delhi, Karnataka, Tamilnadu & Mumbai)","price":"2330"},"1":{"title":"Malayala Manorama - All Kerala","price":"2180"},"2":{"title":"Malayala Manorama - All Editions(India + Overseas)","price":"2460"},"3":{"title":"Malayala Manorama- All Kerala + Overseas Editions","price":"2420"},"4":{"title":"Malayala Manorama - Alappuzha","price":"1240"},"5":{"title":"Malayala Manorama - Bangalore","price":"660"},"6":{"title":"Malayala Manorama - Chennai","price":"660"},"7":{"title":"Malayala Manorama - Delhi","price":"660"},"8":{"title":"Malayala Manorama - Kannur","price":"1240"},"9":{"title":"Malayala Manorama - Kerala","price":"2050"},"10":{"title":"Malayala Manorama - Kochi","price":"1410"},"11":{"title":"Malayala Manorama - Kollam","price":"1240"},"12":{"title":"Malayala Manorama - Kottayam","price":"1260"},"13":{"title":"Malayala Manorama - Kozhikode","price":"1240"},"14":{"title":"Malayala Manorama - Malappuram","price":"1240"},"15":{"title":"Malayala Manorama - Mumbai","price":"660"},"16":{"title":"Malayala Manorama - Palakkad","price":"1240"},"17":{"title":"Malayala Manorama - Pathanamthitta","price":"1240"},"18":{"title":"Malayala Manorama - Thrissur","price":"1240"},"19":{"title":"Malayala Manorama - Trivandrum","price":"1240"}},"Beauty & Wellness":{"0":{"title":"Malayala Manorama - All India (Kerala, Delhi, Karnataka, Tamilnadu & Mumbai)","price":"2330"},"1":{"title":"Malayala Manorama - All Kerala","price":"2180"},"2":{"title":"Malayala Manorama - All Editions(India + Overseas)","price":"2460"},"3":{"title":"Malayala Manorama- All Kerala + Overseas Editions","price":"2420"},"4":{"title":"Malayala Manorama - Alappuzha","price":"1240"},"5":{"title":"Malayala Manorama - Bangalore","price":"660"},"6":{"title":"Malayala Manorama - Chennai","price":"660"},"7":{"title":"Malayala Manorama - Delhi","price":"660"},"8":{"title":"Malayala Manorama - Kannur","price":"1240"},"9":{"title":"Malayala Manorama - Kerala","price":"2050"},"10":{"title":"Malayala Manorama - Kochi","price":"1410"},"11":{"title":"Malayala Manorama - Kollam","price":"1240"},"12":{"title":"Malayala Manorama - Kottayam","price":"1260"},"13":{"title":"Malayala Manorama - Kozhikode","price":"1240"},"14":{"title":"Malayala Manorama - Malappuram","price":"1240"},"15":{"title":"Malayala Manorama - Mumbai","price":"660"},"16":{"title":"Malayala Manorama - Palakkad","price":"1240"},"17":{"title":"Malayala Manorama - Pathanamthitta","price":"1240"},"18":{"title":"Malayala Manorama - Thrissur","price":"1240"},"19":{"title":"Malayala Manorama - Trivandrum","price":"1240"}},"Call Centre Employees":{"0":{"title":"Malayala Manorama - All India\n(Kerala, Delhi, Karnataka, Tamilnadu & Mumbai)","price":"2330"},"1":{"title":"Malayala Manorama - All Kerala","price":"2180"},"2":{"title":"Malayala Manorama - All Editions(India + Overseas)","price":"2460"},"3":{"title":"Malayala Manorama- All Kerala + Overseas Editions","price":"2420"},"4":{"title":"Malayala Manorama - Alappuzha","price":"1240"},"5":{"title":"Malayala Manorama - Bangalore","price":"660"},"6":{"title":"Malayala Manorama - Chennai","price":"660"},"7":{"title":"Malayala Manorama - Delhi","price":"660"},"8":{"title":"Malayala Manorama - Kannur","price":"1240"},"9":{"title":"Malayala Manorama - Kochi","price":"1410"},"10":{"title":"Malayala Manorama - Kollam","price":"1240"},"11":{"title":"Malayala Manorama - Kottayam","price":"1260"},"12":{"title":"Malayala Manorama - Kozhikode","price":"1240"},"13":{"title":"Malayala Manorama - Malappuram","price":"1240"},"14":{"title":"Malayala Manorama - Mumbai","price":"660"},"15":{"title":"Malayala Manorama - Palakkad","price":"1240"},"16":{"title":"Malayala Manorama - Pathanamthitta","price":"1240"},"17":{"title":"Malayala Manorama - Thrissur","price":"1240"},"18":{"title":"Malayala Manorama - Trivandrum","price":"1240"},"19":{"title":"Malayala Manorama - Trivandrum","price":"1240"}},"Prajapati":{"0":{"title":"Malayala Manorama - All India\n(Kerala, Delhi, Karnataka, Tamilnadu & Mumbai)","price":"2330"},"1":{"title":"Malayala Manorama - All Kerala","price":"2180"},"2":{"title":"Malayala Manorama - All Editions(India + Overseas)","price":"2460"},"3":{"title":"Malayala Manorama- All Kerala + Overseas Editions","price":"2420"},"4":{"title":"Malayala Manorama - Alappuzha","price":"1240"},"5":{"title":"Malayala Manorama - Bangalore","price":"660"},"6":{"title":"Malayala Manorama - Chennai","price":"660"},"7":{"title":"Malayala Manorama - Delhi","price":"660"},"8":{"title":"Malayala Manorama - Kannur","price":"1240"},"9":{"title":"Malayala Manorama - Kerala","price":"2050"},"10":{"title":"Malayala Manorama - Kochi","price":"1410"},"11":{"title":"Malayala Manorama - Kollam","price":"1240"},"12":{"title":"Malayala Manorama - Kottayam","price":"1260"},"13":{"title":"Malayala Manorama - Kozhikode","price":"1240"},"14":{"title":"Malayala Manorama - Malappuram","price":"1240"},"15":{"title":"Malayala Manorama - Mumbai","price":"660"},"16":{"title":"Malayala Manorama - Palakkad","price":"1240"},"17":{"title":"Malayala Manorama - Pathanamthitta","price":"1240"},"18":{"title":"Malayala Manorama - Thrissur","price":"1240"},"19":{"title":"Malayala Manorama - Trivandrum","price":"1240"}}}