{"Matrimonial":{"0":{"title":"Mathrubhumi - All Kerala Editions","price":"1760"},"1":{"title":"Mathrubhumi - All Editions","price":"2090"},"2":{"title":"Mathrubhumi - ALL KERALA + MUMBAI","price":"2090"},"3":{"title":"Mathrubhumi - ALL KERALA + Bangalore","price":"2090"},"4":{"title":"Mathrubhumi - ALL KERALA + DELHI","price":"2090"}},"Marriage Bureau":{"0":{"title":"Mathrubhumi - All Kerala Editions","price":"1760"},"1":{"title":"Mathrubhumi - All Editions","price":"2090"},"2":{"title":"Mathrubhumi - ALL KERALA + MUMBAI","price":"2090"},"3":{"title":"Mathrubhumi - ALL KERALA + Bangalore","price":"2090"},"4":{"title":"Mathrubhumi - ALL KERALA + DELHI","price":"2090"}},"Change of Name":{"0":{"title":"Mathrubhumi - All Kerala Editions","price":"1760"},"1":{"title":"Mathrubhumi - All Editions","price":"2090"},"2":{"title":"Mathrubhumi - ALL KERALA + MUMBAI\n","price":"2090"},"3":{"title":"Mathrubhumi - ALL KERALA + Bangalore","price":"2090"},"4":{"title":"Mathrubhumi - ALL KERALA + DELHI","price":"2090"}},"Recruitment job":{"0":{"title":"Mathrubhumi - All Kerala Editions","price":"1760"},"1":{"title":"Mathrubhumi - All Editions","price":"2090"},"2":{"title":"Mathrubhumi - ALL KERALA + MUMBAI","price":"2090"},"3":{"title":"Mathrubhumi - ALL KERALA + Bangalore","price":"2090"},"4":{"title":"Mathrubhumi - ALL KERALA + DELHI","price":"2090"}},"Education":{"0":{"title":"Mathrubhumi - All Kerala Editions","price":"1760"},"1":{"title":"Mathrubhumi - All Editions","price":"2090"},"2":{"title":"Mathrubhumi - ALL KERALA + MUMBAI","price":"2090"},"3":{"title":"Mathrubhumi - ALL KERALA + Bangalore","price":"2090"},"4":{"title":"Mathrubhumi - ALL KERALA + DELHI","price":"2090"}},"property real estate":{"0":{"title":"Mathrubhumi - All Kerala Editions","price":"1760"},"1":{"title":"Mathrubhumi - All Editions","price":"2090"},"2":{"title":"Mathrubhumi - ALL KERALA + MUMBAI","price":"2090"},"3":{"title":"Mathrubhumi - ALL KERALA + Bangalore","price":"2090"},"4":{"title":"Mathrubhumi - ALL KERALA + DELHI","price":"2090"}},"Lost and Found":{"0":{"title":"Mathrubhumi - All Kerala Editions","price":"1760"},"1":{"title":"Mathrubhumi - All Editions","price":"2090"},"2":{"title":"Mathrubhumi - ALL KERALA + MUMBAI","price":"2090"},"3":{"title":"Mathrubhumi - ALL KERALA + Bangalore","price":"2090"},"4":{"title":"Mathrubhumi - ALL KERALA + DELHI","price":"2090"}},"Business":{"0":{"title":"Mathrubhumi - All Kerala Editions","price":"1980"},"1":{"title":"Mathrubhumi - All Editions","price":"2090"},"2":{"title":"Mathrubhumi - ALL KERALA + MUMBAI","price":"2090"},"3":{"title":"Mathrubhumi - ALL KERALA + Bangalore","price":"2090"},"4":{"title":"Mathrubhumi - ALL KERALA + DELHI","price":"2090"},"5":{"title":"Mathrubhumi - Thrissur","price":"1100"},"6":{"title":"Mathrubhumi-Alappuzha","price":"990"},"7":{"title":"Mathrubhumi-Bengaluru","price":"770"},"8":{"title":"Mathrubhumi-Chennai","price":"770"},"9":{"title":"Mathrubhumi-Delhi","price":"770"},"10":{"title":"Mathrubhumi-Kannur","price":"990"},"11":{"title":"Mathrubhumi-Kochi","price":"990"},"12":{"title":"Mathrubhumi-Kollam","price":"990"},"13":{"title":"Mathrubhumi-Kottayam","price":"990"},"14":{"title":"Mathrubhumi-Kozhikode","price":"990"},"15":{"title":"Mathrubhumi-Malappuram","price":"990"},"16":{"title":"Mathrubhumi-Mumbai","price":"660"},"17":{"title":"Mathrubhumi-Palakkad","price":"990"},"18":{"title":"Mathrubhumi-Trivandrum","price":"990"}},"Obituary(Death Announcement)":{"0":{"title":"Mathrubhumi - All Kerala Editions","price":"1980"},"1":{"title":"Mathrubhumi - All Editions","price":"2090"},"2":{"title":"Mathrubhumi - ALL KERALA + MUMBAI","price":"2090"},"3":{"title":"Mathrubhumi - ALL KERALA + Bangalore","price":"2090"},"4":{"title":"Mathrubhumi - ALL KERALA + DELHI","price":"2090"},"5":{"title":"Mathrubhumi - Thrissur","price":"1100"},"6":{"title":"Mathrubhumi-Alappuzha","price":"990"},"7":{"title":"Mathrubhumi-Bengaluru","price":"770"},"8":{"title":"Mathrubhumi-Chennai","price":"770"},"9":{"title":"Mathrubhumi-Delhi","price":"770"},"10":{"title":"Mathrubhumi-Kannur","price":"990"},"11":{"title":"Mathrubhumi-Kochi","price":"990"},"12":{"title":"Mathrubhumi-Kollam","price":"990"},"13":{"title":"Mathrubhumi-Kottayam","price":"990"},"14":{"title":"Mathrubhumi-Kozhikode","price":"990"},"15":{"title":"Mathrubhumi-Malappuram","price":"990"},"16":{"title":"Mathrubhumi-Mumbai","price":"660"},"17":{"title":"Mathrubhumi-Palakkad","price":"990"},"18":{"title":"Mathrubhumi-Trivandrum","price":"990"}},"Remembrance(Unforgettable)":{"0":{"title":"Mathrubhumi - All Kerala Editions","price":"1980"},"1":{"title":" Mathrubhumi - All Editions","price":"2090"},"2":{"title":"Mathrubhumi - ALL KERALA + MUMBAI","price":"2090"},"3":{"title":"Mathrubhumi - ALL KERALA + Bangalore","price":"2090"},"4":{"title":"Mathrubhumi - ALL KERALA + DELHI","price":"1815"},"5":{"title":"Mathrubhumi - Thrissur","price":"1100"},"6":{"title":"Mathrubhumi-Alappuzha","price":"1100"},"7":{"title":"Mathrubhumi-Bengaluru","price":"880"},"8":{"title":"Mathrubhumi-Chennai","price":"880"},"9":{"title":"Mathrubhumi-Delhi","price":"880"},"10":{"title":"Mathrubhumi-Kannur","price":"1100"},"11":{"title":"Mathrubhumi-Kochi","price":"1100"},"12":{"title":"Mathrubhumi-Kollam","price":"1100"},"13":{"title":"Mathrubhumi-Kottayam","price":"1100"},"14":{"title":"Mathrubhumi-Kozhikode","price":"1100"},"15":{"title":"Mathrubhumi-Malappuram","price":"1100"},"16":{"title":"Mathrubhumi-Mumbai","price":"770"},"17":{"title":"Mathrubhumi-Palakkad","price":"1100"},"18":{"title":"Mathrubhumi-Trivandrum","price":"1100"}},"public tender notices":{"0":{"title":"Mathrubhumi - All Kerala Editions","price":"1980"},"1":{"title":"Mathrubhumi - All Editions","price":"2090"},"2":{"title":"Mathrubhumi - ALL KERALA + MUMBAI","price":"2090"},"3":{"title":"Mathrubhumi - ALL KERALA + Bangalore","price":"2090"},"4":{"title":"Mathrubhumi - ALL KERALA + DELHI","price":"1815"},"5":{"title":"Mathrubhumi - Thrissur","price":"1100"},"6":{"title":"Mathrubhumi-Alappuzha","price":"1100"},"7":{"title":"Mathrubhumi-Bengaluru","price":"880"},"8":{"title":"Mathrubhumi-Chennai","price":"880"},"9":{"title":"Mathrubhumi-Delhi","price":"880"},"10":{"title":"Mathrubhumi-Kannur","price":"1100"},"11":{"title":"Mathrubhumi-Kochi","price":"1100"},"12":{"title":"Mathrubhumi-Kollam","price":"1100"},"13":{"title":"Mathrubhumi-Kottayam","price":"1100"},"14":{"title":"Mathrubhumi-Kozhikode","price":"1100"},"15":{"title":"Mathrubhumi-Malappuram","price":"1100"},"16":{"title":"Mathrubhumi-Mumbai","price":"770"},"17":{"title":"Mathrubhumi-Palakkad","price":"1100"},"18":{"title":"Mathrubhumi-Trivandrum","price":"1100"}},"Services":{"0":{"title":"Mathrubhumi - All Kerala Editions","price":"1980"},"1":{"title":"Mathrubhumi - All Editions","price":"2090"},"2":{"title":"Mathrubhumi - ALL KERALA + MUMBAI","price":"2090"},"3":{"title":"Mathrubhumi - ALL KERALA + Bangalore","price":"2090"},"4":{"title":"Mathrubhumi - ALL KERALA + DELHI","price":"2090"},"5":{"title":"Mathrubhumi - Thrissur","price":"1100"},"6":{"title":"Mathrubhumi-Alappuzha","price":"1100"},"7":{"title":"Mathrubhumi-Bengaluru","price":"880"},"8":{"title":"Mathrubhumi-Chennai","price":"880"},"9":{"title":"Mathrubhumi-Delhi","price":"880"},"10":{"title":"Mathrubhumi-Kannur","price":"1100"},"11":{"title":"Mathrubhumi-Kochi","price":"1100"},"12":{"title":"Mathrubhumi-Kollam","price":"1210"},"13":{"title":"Mathrubhumi-Kottayam","price":"1210"},"14":{"title":"Mathrubhumi-Kozhikode","price":"1210"},"15":{"title":"Mathrubhumi-Malappuram","price":"1210"},"16":{"title":"Mathrubhumi-Mumbai","price":"990"},"17":{"title":"Mathrubhumi-Palakkad","price":"1210"},"18":{"title":"Mathrubhumi-Trivandrum","price":"1100"}},"Retail/Shopping":{"0":{"title":"Mathrubhumi - All Kerala Editions","price":"1980"},"1":{"title":"Mathrubhumi - All Editions","price":"2090"},"2":{"title":"Mathrubhumi - ALL KERALA + MUMBAI","price":"2090"},"3":{"title":"Mathrubhumi - ALL KERALA + Bangalore","price":"2090"},"4":{"title":"Mathrubhumi - ALL KERALA + DELHI","price":"2090"},"5":{"title":"Mathrubhumi - Thrissur","price":"1100"},"6":{"title":"Mathrubhumi-Alappuzha","price":"1100"},"7":{"title":"Mathrubhumi-Bengaluru","price":"880"},"8":{"title":"Mathrubhumi-Chennai","price":"880"},"9":{"title":"Mathrubhumi-Delhi","price":"880"},"10":{"title":"Mathrubhumi-Kannur","price":"1100"},"11":{"title":"Mathrubhumi-Kochi","price":"1100"},"12":{"title":"Mathrubhumi-Kollam","price":"1100"},"13":{"title":"Mathrubhumi-Kottayam","price":"1100"},"14":{"title":"Mathrubhumi-Kozhikode","price":"1100"},"15":{"title":"Mathrubhumi-Malappuram","price":"1100"},"16":{"title":"Mathrubhumi-Mumbai","price":"770"},"17":{"title":"Mathrubhumi-Palakkad","price":"1100"},"18":{"title":"Mathrubhumi-Trivandrum","price":"1100"}},"Personal Announcement":{"0":{"title":"Mathrubhumi - All Kerala Editions","price":"1980"},"1":{"title":"Mathrubhumi - All Editions","price":"2090"},"2":{"title":"Mathrubhumi - ALL KERALA + MUMBAI","price":"2090"},"3":{"title":"Mathrubhumi - ALL KERALA + Bangalore","price":"2090"},"4":{"title":"Mathrubhumi - ALL KERALA + DELHI","price":"2090"},"5":{"title":"Mathrubhumi - Thrissur","price":"1100"},"6":{"title":"Mathrubhumi-Alappuzha","price":"1100"},"7":{"title":"Mathrubhumi-Bengaluru","price":"880"},"8":{"title":"Mathrubhumi-Chennai","price":"880"},"9":{"title":"Mathrubhumi-Delhi","price":"880"},"10":{"title":"Mathrubhumi-Kannur","price":"1100"},"11":{"title":"Mathrubhumi-Kochi","price":"1100"},"12":{"title":"Mathrubhumi-Kollam","price":"1100"},"13":{"title":"Mathrubhumi-Kottayam","price":"1100"},"14":{"title":"Mathrubhumi-Kozhikode","price":"1100"},"15":{"title":"Mathrubhumi-Malappuram","price":"1100"},"16":{"title":"Mathrubhumi-Mumbai","price":"770"},"17":{"title":"Mathrubhumi-Palakkad","price":"1100"},"18":{"title":"Mathrubhumi-Trivandrum","price":"1100"}},"Computers and Hardware":{"0":{"title":"Mathrubhumi - All Kerala Editions","price":"1980"},"1":{"title":"Mathrubhumi - All Editions","price":"2090"},"2":{"title":"Mathrubhumi - ALL KERALA + MUMBAI","price":"2090"},"3":{"title":"Mathrubhumi - ALL KERALA + Bangalore","price":"2090"},"4":{"title":"Mathrubhumi - ALL KERALA + DELHI","price":"2090"},"5":{"title":"Mathrubhumi - Thrissur","price":"1100"},"6":{"title":"Mathrubhumi-Alappuzha","price":"1100"},"7":{"title":"Mathrubhumi-Bengaluru","price":"880"},"8":{"title":"Mathrubhumi-Chennai","price":"880"},"9":{"title":"Mathrubhumi-Delhi","price":"880"},"10":{"title":"Mathrubhumi-Kannur","price":"1100"},"11":{"title":"Mathrubhumi-Kochi","price":"1100"},"12":{"title":"Mathrubhumi-Kollam","price":"1100"},"13":{"title":"Mathrubhumi-Kottayam","price":"1100"},"14":{"title":"Mathrubhumi-Kozhikode","price":"1100"},"15":{"title":"Mathrubhumi-Malappuram","price":"1100"},"16":{"title":"Mathrubhumi-Mumbai","price":"770"},"17":{"title":"Mathrubhumi-Palakkad","price":"1100"},"18":{"title":"Mathrubhumi-Trivandrum","price":"1100"}},"Astrology":{"0":{"title":"Mathrubhumi - All Kerala Editions","price":"1980"},"1":{"title":"Mathrubhumi - All Editions","price":"2090"},"2":{"title":"Mathrubhumi - ALL KERALA + MUMBAI","price":"2090"}},"Vehicles Automobiles":{"0":{"title":"Mathrubhumi - All Kerala Editions","price":"1980"},"1":{"title":"Mathrubhumi - All Editions","price":"2090"},"2":{"title":"Mathrubhumi - ALL KERALA + MUMBAI","price":"2090"},"3":{"title":"Mathrubhumi - ALL KERALA + Bangalore","price":"2090"},"4":{"title":"Mathrubhumi - ALL KERALA + DELHI","price":"2090"},"5":{"title":"Mathrubhumi - Thrissur","price":"1100"},"6":{"title":"Mathrubhumi-Alappuzha","price":"1100"},"7":{"title":"Mathrubhumi-Bengaluru","price":"880"},"8":{"title":"Mathrubhumi-Chennai","price":"880"},"9":{"title":"Mathrubhumi-Delhi","price":"880"},"10":{"title":"Mathrubhumi-Kannur","price":"1100"},"11":{"title":"Mathrubhumi-Kochi","price":"1100"},"12":{"title":"Mathrubhumi-Kollam","price":"1100"},"13":{"title":"Mathrubhumi-Kottayam","price":"1100"},"14":{"title":"Mathrubhumi-Kozhikode","price":"1100"},"15":{"title":"Mathrubhumi-Malappuram","price":"1100"},"16":{"title":"Mathrubhumi-Mumbai","price":"770"},"17":{"title":"Mathrubhumi-Palakkad","price":"1100"},"18":{"title":"Mathrubhumi-Trivandrum","price":"1100"}},"Tours and Travel":{"0":{"title":"Mathrubhumi - All Kerala Editions","price":"1980"},"1":{"title":"Mathrubhumi - All Editions","price":"2090"},"2":{"title":"Mathrubhumi - ALL KERALA + MUMBAI","price":"2090"},"3":{"title":"Mathrubhumi - ALL KERALA + Bangalore","price":"2090"},"4":{"title":"Mathrubhumi - ALL KERALA + DELHI","price":"2090"},"5":{"title":"Mathrubhumi - Thrissur","price":"1100"},"6":{"title":"Mathrubhumi-Alappuzha","price":"1100"},"7":{"title":"Mathrubhumi-Bengaluru","price":"880"},"8":{"title":"Mathrubhumi-Chennai","price":"880"},"9":{"title":"Mathrubhumi-Delhi","price":"880"},"10":{"title":"Mathrubhumi-Kannur","price":"1100"},"11":{"title":"Mathrubhumi-Kochi","price":"1100"},"12":{"title":"Mathrubhumi-Kollam","price":"1100"},"13":{"title":"Mathrubhumi-Kottayam","price":"1100"},"14":{"title":"Mathrubhumi-Kozhikode","price":"1100"},"15":{"title":"Mathrubhumi-Malappuram","price":"1100"},"16":{"title":"Mathrubhumi-Mumbai","price":"770"},"17":{"title":"Mathrubhumi-Palakkad","price":"1100"},"18":{"title":"Mathrubhumi-Trivandrum","price":"1100"}},"Property-Rental":{"0":{"title":"Mathrubhumi - All Kerala Editions","price":"1980"},"1":{"title":"Mathrubhumi - All Editions","price":"2090"},"2":{"title":"Mathrubhumi - ALL KERALA + MUMBAI","price":"2090"},"3":{"title":"Mathrubhumi - ALL KERALA + Bangalore","price":"2090"},"4":{"title":"Mathrubhumi - ALL KERALA + DELHI","price":"2090"},"5":{"title":"Mathrubhumi - Thrissur","price":"1100"},"6":{"title":"Mathrubhumi-Alappuzha","price":"1100"},"7":{"title":"Mathrubhumi-Bengaluru","price":"880"},"8":{"title":"Mathrubhumi-Chennai","price":"880"},"9":{"title":"Mathrubhumi-Delhi","price":"880"},"10":{"title":"Mathrubhumi-Kannur","price":"1100"},"11":{"title":"Mathrubhumi-Kochi","price":"1100"},"12":{"title":"Mathrubhumi-Kollam","price":"1100"},"13":{"title":"Mathrubhumi-Kottayam","price":"1100"},"14":{"title":"Mathrubhumi-Kozhikode","price":"1100"},"15":{"title":"Mathrubhumi-Malappuram","price":"1100"},"16":{"title":"Mathrubhumi-Mumbai","price":"770"},"17":{"title":"Mathrubhumi-Palakkad","price":"1100"},"18":{"title":"Mathrubhumi-Trivandrum","price":"1100"}}}