{"Matrimonial":{"0":{"title":"Mid-day + Gujarati Mid-day - Mumbai","price":"1800"},"1":{"title":"Mid-day + Inquilab - Mumbai","price":"1800"},"2":{"title":"Mid-day + Gujarati Mid-day + Inquilab - Mumbai","price":"2088"},"3":{"title":"Mid-day - Mumbai","price":"1404"}},"Marriage Bureau":{"0":{"title":"Mid-day + Gujarati Mid-day - Mumbai","price":"1800"},"1":{"title":"Mid-day + Inquilab - Mumbai","price":"1800"},"2":{"title":"Mid-day + Gujarati Mid-day + Inquilab - Mumbai","price":"2088"},"3":{"title":"Mid-day - Mumbai","price":"1404"}},"Change of Name":{"0":{"title":"Mid-day + Gujarati Mid-day - Mumbai","price":"1800"},"1":{"title":"Mid-day + Inquilab - Mumbai","price":"1800"},"2":{"title":"Mid-day + Gujarati Mid-day + Inquilab - Mumbai","price":"2088"},"3":{"title":"Mid-day - Mumbai","price":"1404"}},"Recruitment job":{"0":{"title":"Mid-day + Gujarati Mid-day - Mumbai","price":"1800"},"1":{"title":"Mid-day + Inquilab - Mumbai","price":"1800"},"2":{"title":"Mid-day + Gujarati Mid-day + Inquilab - Mumbai","price":"2088"},"3":{"title":"Mid-day - Mumbai","price":"1404"}},"Education":{"0":{"title":"Mid-day + Gujarati Mid-day - Mumbai","price":"1800"},"1":{"title":"Mid-day + Inquilab - Mumbai","price":"1800"},"2":{"title":"Mid-day + Gujarati Mid-day + Inquilab - Mumbai","price":"2088"},"3":{"title":"Mid-day - Mumbai","price":"1404"}},"property real estate":{"0":{"title":"Mid-day + Gujarati Mid-day - Mumbai","price":"1800"},"1":{"title":"Mid-day + Inquilab - Mumbai","price":"1800"},"2":{"title":"Mid-day + Gujarati Mid-day + Inquilab - Mumbai","price":"2088"},"3":{"title":"Mid-day - Mumbai","price":"1404"}},"Lost and Found":{"0":{"title":"Mid-day + Gujarati Mid-day - Mumbai","price":"1800"},"1":{"title":"Mid-day + Inquilab - Mumbai","price":"1800"},"2":{"title":"Mid-day + Gujarati Mid-day + Inquilab - Mumbai","price":"2088"},"3":{"title":"Mid-day - Mumbai","price":"1404"}},"Business":{"0":{"title":"Mid-day + Gujarati Mid-day - Mumbai","price":"1800"},"1":{"title":"Mid-day + Inquilab - Mumbai","price":"1800"},"2":{"title":"Mid-day + Gujarati Mid-day + Inquilab - Mumbai","price":"2088"},"3":{"title":"Mid-day - Mumbai","price":"1404"}},"Obituary(Death Announcement)":{"0":{"title":"Mid-day + Gujarati Mid-day - Mumbai","price":"1800"},"1":{"title":"Mid-day + Inquilab - Mumbai","price":"1800"},"2":{"title":"Mid-day + Gujarati Mid-day + Inquilab - Mumbai","price":"2088"},"3":{"title":"Mid-day - Mumbai","price":"1404"}},"Remembrance(Unforgettable)":{"0":{"title":"Mid-day + Gujarati Mid-day - Mumbai","price":"1800"},"1":{"title":"Mid-day + Inquilab - Mumbai","price":"1800"},"2":{"title":"Mid-day + Gujarati Mid-day + Inquilab - Mumbai","price":"2088"},"3":{"title":"Mid-day - Mumbai","price":"1404"}},"public tender notices":{"0":{"title":"Mid-day + Gujarati Mid-day - Mumbai","price":"1800"},"1":{"title":"Mid-day + Inquilab - Mumbai","price":"1800"},"2":{"title":"Mid-day + Gujarati Mid-day + Inquilab - Mumbai","price":"2088"},"3":{"title":"Mid-day - Mumbai","price":"1404"}},"Services":{"0":{"title":"Mid-day + Gujarati Mid-day - Mumbai","price":"1800"},"1":{"title":"Mid-day + Inquilab - Mumbai","price":"1800"},"2":{"title":"Mid-day + Gujarati Mid-day + Inquilab - Mumbai","price":"2088"},"3":{"title":"Mid-day - Mumbai","price":"1404"}},"Retail/Shopping":{"0":{"title":"Mid-day + Gujarati Mid-day - Mumbai","price":"1800"},"1":{"title":"Mid-day + Inquilab - Mumbai","price":"1800"},"2":{"title":"Mid-day + Gujarati Mid-day + Inquilab - Mumbai","price":"2088"},"3":{"title":"Mid-day - Mumbai","price":"1404"}},"Personal Announcement":{"0":{"title":"Mid-day + Gujarati Mid-day - Mumbai","price":"1800"},"1":{"title":"Mid-day + Inquilab - Mumbai","price":"1800"},"2":{"title":"Mid-day + Gujarati Mid-day + Inquilab - Mumbai","price":"2088"},"3":{"title":"Mid-day - Mumbai","price":"1404"}},"Computers and Hardware":{"0":{"title":"Mid-day + Gujarati Mid-day - Mumbai","price":"1800"},"1":{"title":"Mid-day + Inquilab - Mumbai","price":"1800"},"2":{"title":"Mid-day + Gujarati Mid-day + Inquilab - Mumbai","price":"2088"},"3":{"title":"Mid-day - Mumbai","price":"1404"}},"Astrology":{"0":{"title":"Mid-day + Gujarati Mid-day - Mumbai","price":"1800"},"1":{"title":"Mid-day + Inquilab - Mumbai","price":"1800"},"2":{"title":"Mid-day + Gujarati Mid-day + Inquilab - Mumbai","price":"2088"},"3":{"title":"Mid-day - Mumbai","price":"1404"}},"Vehicles Automobiles":{"0":{"title":"Mid-day + Gujarati Mid-day - Mumbai","price":"1800"},"1":{"title":"Mid-day + Inquilab - Mumbai","price":"1800"},"2":{"title":"Mid-day + Gujarati Mid-day + Inquilab - Mumbai","price":"2088"},"3":{"title":"Mid-day - Mumbai","price":"1404"}},"Tours and Travel":{"0":{"title":"Mid-day + Gujarati Mid-day - Mumbai","price":"1710"},"1":{"title":"Mid-day + Inquilab - Mumbai","price":"1710"},"2":{"title":"Mid-day - Mumbai","price":"1404"}},"Property-Rental":{"0":{"title":"Mid-day + Gujarati Mid-day - Mumbai","price":"1710"},"1":{"title":"Mid-day + Inquilab - Mumbai","price":"1710"},"2":{"title":"Mid-day - Mumbai","price":"1404"}},"Entertainment":{"0":{"title":"Mid-day + Gujarati Mid-day - Mumbai","price":"1710"},"1":{"title":"Mid-day + Inquilab - Mumbai","price":"1710"},"2":{"title":"Mid-day - Mumbai","price":"1404"}},"Real Estate Selling":{"0":{"title":"Mid-day + Gujarati Mid-day - Mumbai","price":"1710"},"1":{"title":"Mid-day + Inquilab - Mumbai","price":"1710"},"2":{"title":"Mid-day - Mumbai","price":"1404"}},"Beauty & Wellness":{"0":{"title":"Mid-day + Gujarati Mid-day - Mumbai ","price":"1710"},"1":{"title":"Mid-day + Inquilab - Mumbai","price":"1800"},"2":{"title":"Mid-day + Gujarati Mid-day + Inquilab - Mumbai","price":"2088"}},"Call Centre Employees":{"0":{"title":"Mid-day + Gujarati Mid-day - Mumbai","price":"1800"},"1":{"title":"Mid-day + Inquilab - Mumbai","price":"1800"},"2":{"title":"Mid-day + Gujarati Mid-day + Inquilab - Mumbai","price":"2088"},"3":{"title":"Mid-day - Mumbai","price":"1404"}},"Prajapati":{"0":{"title":"Mid-day + Gujarati Mid-day - Mumbai","price":"1800"},"1":{"title":"Mid-day + Inquilab - Mumbai","price":"1800"},"2":{"title":"Mid-day + Gujarati Mid-day + Inquilab - Mumbai","price":"2088"},"3":{"title":"Mid-day - Mumbai","price":"1404"}},"Bungalow For Sale":{"0":{"title":"Mid-day + Gujarati Mid-day - Mumbai","price":"1800"},"1":{"title":"Mid-day + Inquilab - Mumbai","price":"1800"},"2":{"title":"Mid-day + Gujarati Mid-day + Inquilab - Mumbai","price":"2088"},"3":{"title":"Mid-day - Mumbai","price":"1404"}},"For Rent/Lease/To Let":{"0":{"title":"Mid-day + Gujarati Mid-day - Mumbai","price":"1800"},"1":{"title":"Mid-day + Inquilab - Mumbai","price":"1800"},"2":{"title":"Mid-day + Gujarati Mid-day + Inquilab - Mumbai","price":"2088"},"3":{"title":"Mid-day - Mumbai","price":"1404"}},"Outright Sale":{"0":{"title":"Mid-day - Mumbai","price":"1404"},"1":{"title":"Mid-day + Inquilab - Mumbai","price":"1800"},"2":{"title":"Mid-day + Gujarati Mid-day + Inquilab - Mumbai","price":"2088"},"3":{"title":"Mid-day - Mumbai","price":"1404"}},"Property Others":{"0":{"title":"Mid-day + Gujarati Mid-day - Mumbai","price":"1800"},"1":{"title":"Mid-day + Inquilab - Mumbai","price":"1800"},"2":{"title":"Mid-day + Gujarati Mid-day + Inquilab - Mumbai","price":"2088"},"3":{"title":"Mid-day - Mumbai","price":"1404"}},"SMS CAMPAIGN":{"0":{"title":"Mid-day + Gujarati Mid-day - Mumbai","price":"1800"},"1":{"title":"Mid-day + Inquilab - Mumbai","price":"1800"},"2":{"title":"Mid-day + Gujarati Mid-day + Inquilab - Mumbai","price":"2088"},"3":{"title":"Mid-day - Mumbai","price":"1404"}}}