{"Change of Name":{"0":{"title":"Vijay Karnataka + Mirror - Bangalore","price":"395"},"1":{"title":"Mirror - Bangalore","price":"300"},"2":{"title":"Mirror - Mumbai","price":"700"}},"Recruitment job":{"0":{"title":"Vijay Karnataka + Mirror - Bangalore","price":"395"},"1":{"title":"Mirror - Bangalore","price":"300"},"2":{"title":"Mirror - Mumbai","price":"700"}},"Education":{"0":{"title":"Vijay Karnataka + Mirror - Bangalore","price":"395"},"1":{"title":"Mirror - Bangalore","price":"300"},"2":{"title":"Mirror - Mumbai","price":"700"}},"property real estate":{"0":{"title":"Vijay Karnataka + Mirror - Bangalore","price":"395"},"1":{"title":"Mirror - Bangalore","price":"300"},"2":{"title":"Mirror - Mumbai","price":"700"}},"Lost and Found":{"0":{"title":"Vijay Karnataka + Mirror - Bangalore","price":"395"},"1":{"title":"Mirror - Bangalore","price":"300"},"2":{"title":"Mirror - Mumbai","price":"700"}},"Business":{"0":{"title":"Vijay Karnataka + Mirror - Bangalore","price":"395"},"1":{"title":"Mirror - Bangalore","price":"300"},"2":{"title":"Mirror - Mumbai","price":"700"}},"Obituary(Death Announcement)":{"0":{"title":"Vijay Karnataka + Mirror - Bangalore","price":"395"},"1":{"title":"Mirror - Bangalore","price":"300"},"2":{"title":"Mirror - Mumbai","price":"700"}},"Remembrance(Unforgettable)":{"0":{"title":"Vijay Karnataka + Mirror - Bangalore","price":"395"},"1":{"title":"Mirror - Bangalore","price":"300"},"2":{"title":"Mirror - Mumbai","price":"700"}},"public tender notices":{"0":{"title":"Vijay Karnataka + Mirror - Bangalore","price":"395"},"1":{"title":"Mirror - Bangalore","price":"300"},"2":{"title":"Mirror - Mumbai","price":"700"}},"Services":{"0":{"title":"Vijay Karnataka + Mirror - Bangalore","price":"395"},"1":{"title":"Mirror - Bangalore","price":"300"},"2":{"title":"Mirror - Mumbai","price":"700"}},"Retail/Shopping":{"0":{"title":"Vijay Karnataka + Mirror - Bangalore","price":"395"},"1":{"title":"Mirror - Bangalore","price":"300"},"2":{"title":"Mirror - Mumbai","price":"700"}},"Personal Announcement":{"0":{"title":"Vijay Karnataka + Mirror - Bangalore","price":"395"},"1":{"title":"Mirror - Bangalore","price":"300"},"2":{"title":"Mirror - Mumbai","price":"700"}},"Computers and Hardware":{"0":{"title":"Vijay Karnataka + Mirror - Bangalore","price":"395"},"1":{"title":"Mirror - Bangalore","price":"300"},"2":{"title":"Mirror - Mumbai","price":"700"}},"Astrology":{"0":{"title":"The Times of India (Sun & Weekday) + The Economics Times + Mirror + Navbharat Times + Maharashtra Times - Mumbai","price":"5000"},"1":{"title":"Mirror + Maharashtra Times + Navbharat Times - Mumbai","price":"2000"},"2":{"title":" Vijay Karnataka - All Edition + (The Times of India - Mysore, Mangalore & Hubli ) + Mirror - Bangalore","price":"2000"},"3":{"title":" Vijay Karnataka - All Edition + (The Times of India - Mysore, Mangalore & Hubli ) + Mirror - Bangalore","price":"4000"}},"Vehicles Automobiles":{"0":{"title":"Mirror - Bangalore","price":"300"},"1":{"title":"Mirror - Mumbai","price":"700"}},"Tours and Travel":{"0":{"title":"Mirror - Bangalore","price":"300"},"1":{"title":"Mirror - Mumbai","price":"700"}},"Property-Rental":{"0":{"title":"Mirror - Bangalore","price":"300"},"1":{"title":"Mirror - Mumbai","price":"700"}},"Entertainment":{"0":{"title":"Mirror - Bangalore","price":"300"},"1":{"title":"Mirror - Mumbai","price":"700"}},"Real Estate Selling":{"0":{"title":"Mirror - Bangalore","price":"300"},"1":{"title":"Mirror - Mumbai","price":"700"}},"Beauty & Wellness":{"0":{"title":"Mirror - Bangalore","price":"300"},"1":{"title":"Mirror - Mumbai","price":"700"}},"Call Centre Employees":{"0":{"title":"The Times of India (Sun & Weekday) + The Economics Times + Mirror + Navbharat Times + Maharashtra Times - Mumbai","price":"5000"},"1":{"title":"Mirror + Maharashtra Times + Navbharat Times - Mumbai","price":"2000"}},"Prajapati":{"0":{"title":"The Times of India (Sun & Weekday) + The Economics Times + Mirror + Navbharat Times + Maharashtra Times - Mumbai","price":"5000"},"1":{"title":"Mirror + Maharashtra Times + Navbharat Times - Mumbai","price":"2000"},"2":{"title":"The Times of India (Sun & Weekday)\nThe Economics Times + Mirror - Mumbai","price":"4000"},"3":{"title":"Mirror - Ahmedabad","price":"425"},"4":{"title":"Mirror - Bangalore","price":"350"},"5":{"title":"Mirror - Mumbai","price":"1200"}},"Bungalow For Sale":{"0":{"title":"The Times of India (Sun & Weekday) + The Economics Times + Mirror + Navbharat Times + Maharashtra Times - Mumbai","price":"5000"},"1":{"title":"Mirror + Maharashtra Times + Navbharat Times - Mumbai","price":"2000"},"2":{"title":"The Times of India (Sun & Weekday)\nThe Economics Times + Mirror - Mumbai","price":"4000"},"3":{"title":"Mirror - Ahmedabad","price":"425"},"4":{"title":"Mirror - Bangalore","price":"350"},"5":{"title":"Mirror - Mumbai","price":"1200"}},"For Rent/Lease/To Let":{"0":{"title":"The Times of India (Sun & Weekday) + The Economics Times + Mirror + Navbharat Times + Maharashtra Times - Mumbai","price":"5000"},"1":{"title":"Mirror + Maharashtra Times + Navbharat Times - Mumbai","price":"2000"},"2":{"title":"The Times of India (Sun & Weekday)\nThe Economics Times + Mirror - Mumbai","price":"4000"},"3":{"title":"Mirror - Ahmedabad","price":"425"},"4":{"title":"Mirror - Bangalore","price":"350"},"5":{"title":"Mirror - Mumbai","price":"1200"}},"Outright Sale":{"0":{"title":"The Times of India (Sun & Weekday) + The Economics Times + Mirror + Navbharat Times + Maharashtra Times - Mumbai","price":"5000"},"1":{"title":"Mirror + Maharashtra Times + Navbharat Times - Mumbai","price":"2000"},"2":{"title":" Vijay Karnataka - All Edition + (The Times of India - Mysore, Mangalore & Hubli ) + Mirror - Bangalore","price":"4000"},"3":{"title":"Mirror - Ahmedabad","price":"425"}},"Property Others":{"0":{"title":"The Times of India (Sun & Weekday) + The Economics Times + Mirror + Navbharat Times + Maharashtra Times - Mumbai","price":"5000"},"1":{"title":"Mirror + Maharashtra Times + Navbharat Times - Mumbai","price":"2000"},"2":{"title":"The Times of India (Sun & Weekday)\nThe Economics Times + Mirror - Mumbai","price":"4000"},"3":{"title":"Mirror - Ahmedabad","price":"425"},"4":{"title":"Mirror - Bangalore","price":"350"},"5":{"title":"Mirror - Mumbai","price":"1200"}},"SMS CAMPAIGN":{"0":{"title":"The Times of India (Sun & Weekday) + The Economics Times + Mirror + Navbharat Times + Maharashtra Times - Mumbai","price":"5000"},"1":{"title":"Mirror + Maharashtra Times + Navbharat Times - Mumbai","price":"2000"},"2":{"title":"The Times of India (Sun & Weekday)\nThe Economics Times + Mirror - Mumbai","price":"4000"},"3":{"title":"Mirror - Ahmedabad","price":"425"},"4":{"title":"Mirror - Bangalore","price":"350"},"5":{"title":"Mirror - Mumbai","price":"1200"}}}