{"Matrimonial":{"0":{"title":"Nai Dunia - Madhya Pradesh + Chhattisgarh","price":"1500"}},"Marriage Bureau":{"0":{"title":"Nai Dunia - Madhya Pradesh + Chhattisgarh","price":"1500"}},"Change of Name":{"0":{"title":"Nai Dunia - Madhya Pradesh + Chhattisgarh","price":"1500"}},"Recruitment job":{"0":{"title":"Nai Dunia - Madhya Pradesh + Chhattisgarh","price":"1500"}},"Education":{"0":{"title":"Nai Dunia - Madhya Pradesh + Chhattisgarh","price":"1500"}},"property real estate":{"0":{"title":"Nai Dunia - Madhya Pradesh + Chhattisgarh","price":"1500"}},"Lost and Found":{"0":{"title":"Nai Dunia - Madhya Pradesh + Chhattisgarh","price":"1500"}},"Business":{"0":{"title":"Nai Dunia - Madhya Pradesh + Chhattisgarh","price":"1500"}},"Obituary(Death Announcement)":{"0":{"title":"Nai Dunia - Madhya Pradesh + Chhattisgarh","price":"1500"}},"Remembrance(Unforgettable)":{"0":{"title":"Nai Dunia - Madhya Pradesh + Chhattisgarh","price":"1500"}},"public tender notices":{"0":{"title":"Nai Dunia - Madhya Pradesh + Chhattisgarh","price":"1500"}},"Services":{"0":{"title":"Nai Dunia - Madhya Pradesh + Chhattisgarh","price":"1500"}},"Retail/Shopping":{"0":{"title":"Nai Dunia - Madhya Pradesh + Chhattisgarh","price":"1500"}},"Personal Announcement":{"0":{"title":"Nai Dunia - Madhya Pradesh + Chhattisgarh","price":"1500"}},"Computers and Hardware":{"0":{"title":"Nai Dunia - Madhya Pradesh + Chhattisgarh","price":"1500"}},"Astrology":{"0":{"title":"Nai Dunia - Madhya Pradesh + Chhattisgarh","price":"1500"}},"Vehicles Automobiles":{"0":{"title":"Nai Dunia - Madhya Pradesh + Chhattisgarh","price":"1500"}},"Tours and Travel":{"0":{"title":"Nai Dunia - Madhya Pradesh + Chhattisgarh","price":"1500"}},"Property-Rental":{"0":{"title":"Nai Dunia - Madhya Pradesh + Chhattisgarh","price":"1500"}},"Entertainment":{"0":{"title":"Nai Dunia - Madhya Pradesh + Chhattisgarh","price":"1500"}},"Real Estate Selling":{"0":{"title":"Nai Dunia - Madhya Pradesh + Chhattisgarh","price":"1500"}},"Beauty & Wellness":{"0":{"title":"Nai Dunia - Madhya Pradesh + Chhattisgarh","price":"1500"}},"Call Centre Employees":{"0":{"title":"Nai Dunia - Madhya Pradesh + Chhattisgarh","price":"2000"}},"Prajapati":{"0":{"title":"Nai Dunia - Madhya Pradesh + Chhattisgarh","price":"2000"}},"Bungalow For Sale":{"0":{"title":"Nai Dunia - Madhya Pradesh + Chhattisgarh","price":"2000"}},"For Rent/Lease/To Let":{"0":{"title":"Nai Dunia - Madhya Pradesh + Chhattisgarh","price":"3500"},"1":{"title":"Nai Dunia - Madhya Pradesh","price":"3500"},"2":{"title":"Nai Dunia - Chhattisgarh","price":"900"}},"Outright Sale":{"0":{"title":"Nai Dunia - Madhya Pradesh + Chhattisgarh","price":"3500"},"1":{"title":"Nai Dunia - Madhya Pradesh","price":"3500"},"2":{"title":"Nai Dunia - Chhattisgarh","price":"900"},"3":{"title":"Nai Dunia - Bhopal","price":"1500"},"4":{"title":"Nai Dunia - Bilaspur","price":"230"},"5":{"title":"Nai Dunia - Gwalior","price":"725"},"6":{"title":"Nai Dunia - Indore","price":"1500"},"7":{"title":"Nai Dunia - Jabalpur","price":"750"},"8":{"title":"Nai Dunia - Raipur","price":"550"}},"Property Others":{"0":{"title":"Nai Dunia - Madhya Pradesh + Chhattisgarh","price":"3500"},"1":{"title":"Nai Dunia - Madhya Pradesh","price":"3500"},"2":{"title":"Nai Dunia - Chhattisgarh","price":"900"},"3":{"title":"Nai Dunia - Bhopal","price":"1500"},"4":{"title":"Nai Dunia - Bilaspur","price":"230"},"5":{"title":"Nai Dunia - Gwalior","price":"725"},"6":{"title":"Nai Dunia - Indore","price":"1500"},"7":{"title":"Nai Dunia - Jabalpur","price":"750"},"8":{"title":"Nai Dunia - Raipur","price":"550"}},"SMS CAMPAIGN":{"0":{"title":"Nai Dunia - Madhya Pradesh + Chhattisgarh","price":"3700"},"1":{"title":"Nai Dunia - Madhya Pradesh","price":"3500"},"2":{"title":"Nai Dunia - Chhattisgarh","price":"900"},"3":{"title":"Nai Dunia - Bhopal","price":"1500"},"4":{"title":"Nai Dunia - Bilaspur","price":"230"},"5":{"title":"Nai Dunia - Gwalior","price":"725"},"6":{"title":"Nai Dunia - Indore","price":"1500"},"7":{"title":"Nai Dunia - Jabalpur","price":"750"},"8":{"title":"Nai Dunia - Raipur","price":"550"}}}