{"Matrimonial":{"0":{"title":"Lagan Package :\nThe Times of India + Nav Gujarat Samay - Ahmedabad","price":"900"}},"Marriage Bureau":{"0":{"title":"Lagan Package :\nThe Times of India + Nav Gujarat Samay - Ahmedabad","price":"900"}},"Change of Name":{"0":{"title":"Lagan Package :\nThe Times of India + Nav Gujarat Samay - Ahmedabad","price":"900"}},"Recruitment job":{"0":{"title":"Lagan Package :\nThe Times of India + Nav Gujarat Samay - Ahmedabad","price":"900"}},"Education":{"0":{"title":"Lagan Package :\nThe Times of India + Nav Gujarat Samay - Ahmedabad","price":"900"}},"property real estate":{"0":{"title":"Lagan Package :\nThe Times of India + Nav Gujarat Samay - Ahmedabad","price":"900"}},"Lost and Found":{"0":{"title":"Lagan Package :\nThe Times of India + Nav Gujarat Samay - Ahmedabad","price":"900"}},"Business":{"0":{"title":"Lagan Package :\nThe Times of India + Nav Gujarat Samay - Ahmedabad","price":"900"}},"Obituary(Death Announcement)":{"0":{"title":"Lagan Package :\nThe Times of India + Nav Gujarat Samay - Ahmedabad","price":"900"}},"Remembrance(Unforgettable)":{"0":{"title":"Lagan Package :\nThe Times of India + Nav Gujarat Samay - Ahmedabad","price":"900"}},"public tender notices":{"0":{"title":"Lagan Package :\nThe Times of India + Nav Gujarat Samay - Ahmedabad","price":"900"}},"Services":{"0":{"title":"Lagan Package :\nThe Times of India + Nav Gujarat Samay - Ahmedabad","price":"900"}},"Retail/Shopping":{"0":{"title":"Lagan Package :\nThe Times of India + Nav Gujarat Samay - Ahmedabad","price":"900"}},"Personal Announcement":{"0":{"title":"Lagan Package :\nThe Times of India + Nav Gujarat Samay - Ahmedabad","price":"900"}},"Computers and Hardware":{"0":{"title":"Lagan Package :\nThe Times of India + Nav Gujarat Samay - Ahmedabad","price":"900"}},"Astrology":{"0":{"title":"Lagan Package :\nThe Times of India + Nav Gujarat Samay - Ahmedabad","price":"900"}},"Vehicles Automobiles":{"0":{"title":"Lagan Package :\nThe Times of India + Nav Gujarat Samay - Ahmedabad","price":"900"}},"Tours and Travel":{"0":{"title":"Lagan Package :\nThe Times of India + Nav Gujarat Samay - Ahmedabad","price":"900"}},"Property-Rental":{"0":{"title":"Lagan Package :\nThe Times of India + Nav Gujarat Samay - Ahmedabad","price":"900"}},"Entertainment":{"0":{"title":"Lagan Package :\nThe Times of India + Nav Gujarat Samay - Ahmedabad","price":"900"}},"Real Estate Selling":{"0":{"title":"Lagan Package :\nThe Times of India + Nav Gujarat Samay - Ahmedabad","price":"900"}},"Beauty & Wellness":{"0":{"title":"Lagan Package :\nThe Times of India + Nav Gujarat Samay - Ahmedabad","price":"900"}}}