{"Matrimonial":{"0":{"title":"Vivah Package :TOI (Delhi, A.P, Maharashtra, Karnataka, Tamilnadu, N, W.Bngal) + NBT (Delhi, Lucknow, Mumbai) + Ei Samay (Kolkata)","price":"8200"},"1":{"title":"Ghunghat Package:\nNavbharat Times - Delhi NCR, Lucknow, Mumbai\n+ Sandhya Times - Delhi","price":"1450"},"2":{"title":"Delhi Barat Package :\nTOI - (Delhi NCR + Uttrakhand) + NBT + Economic Times - Delhi Ncr","price":"3900"},"3":{"title":"Jodi Package:\nTOI + NBT (Mumbai, Delhi NCR) + Maharashtra Times - Mumbai","price":"4790"},"4":{"title":"Shagun Package :\nTOI (Delhi NCR, Uttrakhand, Chandigarh, Rajasthan, U.P, M.P) + NBT (Delhi NCR + Lucknow)","price":"4500"},"5":{"title":"Kangan Package :\nTOI (Delhi Ncr, Maharashtra, Uttrakhand, Chandigarh, Rajasthan, U.P, M.P) + NBT - Delhi Ncr, Lucknow","price":"5100"}},"Marriage Bureau":{"0":{"title":"Vivah Package :TOI (Delhi, A.P, Maharashtra, Karnataka, Tamilnadu, N, W.Bngal) + NBT (Delhi, Lucknow, Mumbai) + Ei Samay (Kolkata)","price":"8200"},"1":{"title":"Ghunghat Package:\nNavbharat Times - Delhi NCR, Lucknow, Mumbai\n+ Sandhya Times - Delhi","price":"1450"},"2":{"title":"Delhi Barat Package :\nTOI - (Delhi NCR + Uttrakhand) + NBT + Economic Times - Delhi Ncr","price":"3900"},"3":{"title":"Jodi Package:\nTOI + NBT (Mumbai, Delhi NCR) + Maharashtra Times - Mumbai","price":"4790"},"4":{"title":"Shagun Package :\nTOI (Delhi NCR, Uttrakhand, Chandigarh, Rajasthan, U.P, M.P) + NBT (Delhi NCR + Lucknow)","price":"4500"},"5":{"title":"Kangan Package :\nTOI (Delhi Ncr, Maharashtra, Uttrakhand, Chandigarh, Rajasthan, U.P, M.P) + NBT - Delhi Ncr, Lucknow","price":"5100"}},"Change of Name":{"0":{"title":"Vivah Package :TOI (Delhi, A.P, Maharashtra, Karnataka, Tamilnadu, N, W.Bngal) + NBT (Delhi, Lucknow, Mumbai) + Ei Samay (Kolkata)","price":"8200"},"1":{"title":"Ghunghat Package:\nNavbharat Times - Delhi NCR, Lucknow, Mumbai\n+ Sandhya Times - Delhi","price":"1450"},"2":{"title":"Delhi Barat Package :\nTOI - (Delhi NCR + Uttrakhand) + NBT + Economic Times - Delhi Ncr","price":"3900"},"3":{"title":"Jodi Package:\nTOI + NBT (Mumbai, Delhi NCR) + Maharashtra Times - Mumbai","price":"4790"},"4":{"title":"Shagun Package :\nTOI (Delhi NCR, Uttrakhand, Chandigarh, Rajasthan, U.P, M.P) + NBT (Delhi NCR + Lucknow)","price":"4500"},"5":{"title":"Kangan Package :\nTOI (Delhi Ncr, Maharashtra, Uttrakhand, Chandigarh, Rajasthan, U.P, M.P) + NBT - Delhi Ncr, Lucknow","price":"5100"}},"Recruitment job":{"0":{"title":"Vivah Package :TOI (Delhi, A.P, Maharashtra, Karnataka, Tamilnadu, N, W.Bngal) + NBT (Delhi, Lucknow, Mumbai) + Ei Samay (Kolkata)","price":"8200"},"1":{"title":"Ghunghat Package:\nNavbharat Times - Delhi NCR, Lucknow, Mumbai\n+ Sandhya Times - Delhi","price":"1450"},"2":{"title":"Delhi Barat Package :\nTOI - (Delhi NCR + Uttrakhand) + NBT + Economic Times - Delhi Ncr","price":"3900"},"3":{"title":"Jodi Package:\nTOI + NBT (Mumbai, Delhi NCR) + Maharashtra Times - Mumbai","price":"4790"},"4":{"title":"Shagun Package :\nTOI (Delhi NCR, Uttrakhand, Chandigarh, Rajasthan, U.P, M.P) + NBT (Delhi NCR + Lucknow)","price":"4500"},"5":{"title":"Kangan Package :\nTOI (Delhi Ncr, Maharashtra, Uttrakhand, Chandigarh, Rajasthan, U.P, M.P) + NBT - Delhi Ncr, Lucknow","price":"5100"}},"Education":{"0":{"title":"Vivah Package :TOI (Delhi, A.P, Maharashtra, Karnataka, Tamilnadu, N, W.Bngal) + NBT (Delhi, Lucknow, Mumbai) + Ei Samay (Kolkata)","price":"8200"},"1":{"title":"Ghunghat Package:\nNavbharat Times - Delhi NCR, Lucknow, Mumbai\n+ Sandhya Times - Delhi","price":"1450"},"2":{"title":"Delhi Barat Package :\nTOI - (Delhi NCR + Uttrakhand) + NBT + Economic Times - Delhi Ncr","price":"3900"},"3":{"title":"Jodi Package:\nTOI + NBT (Mumbai, Delhi NCR) + Maharashtra Times - Mumbai","price":"4790"},"4":{"title":"Shagun Package :\nTOI (Delhi NCR, Uttrakhand, Chandigarh, Rajasthan, U.P, M.P) + NBT (Delhi NCR + Lucknow)","price":"4500"},"5":{"title":"Kangan Package :\nTOI (Delhi Ncr, Maharashtra, Uttrakhand, Chandigarh, Rajasthan, U.P, M.P) + NBT - Delhi Ncr, Lucknow","price":"5100"}},"property real estate":{"0":{"title":"Vivah Package :TOI (Delhi, A.P, Maharashtra, Karnataka, Tamilnadu, N, W.Bngal) + NBT (Delhi, Lucknow, Mumbai) + Ei Samay (Kolkata)","price":"8200"},"1":{"title":"Ghunghat Package:\nNavbharat Times - Delhi NCR, Lucknow, Mumbai\n+ Sandhya Times - Delhi","price":"1450"},"2":{"title":"Delhi Barat Package :\nTOI - (Delhi NCR + Uttrakhand) + NBT + Economic Times - Delhi Ncr","price":"3900"},"3":{"title":"Jodi Package:\nTOI + NBT (Mumbai, Delhi NCR) + Maharashtra Times - Mumbai","price":"4790"},"4":{"title":"Shagun Package :\nTOI (Delhi NCR, Uttrakhand, Chandigarh, Rajasthan, U.P, M.P) + NBT (Delhi NCR + Lucknow)","price":"4500"},"5":{"title":"Kangan Package :\nTOI (Delhi Ncr, Maharashtra, Uttrakhand, Chandigarh, Rajasthan, U.P, M.P) + NBT - Delhi Ncr, Lucknow","price":"5100"}},"Lost and Found":{"0":{"title":"Vivah Package :TOI (Delhi, A.P, Maharashtra, Karnataka, Tamilnadu, N, W.Bngal) + NBT (Delhi, Lucknow, Mumbai) + Ei Samay (Kolkata)","price":"8200"},"1":{"title":"Ghunghat Package:\nNavbharat Times - Delhi NCR, Lucknow, Mumbai\n+ Sandhya Times - Delhi","price":"1450"},"2":{"title":"Delhi Barat Package :\nTOI - (Delhi NCR + Uttrakhand) + NBT + Economic Times - Delhi Ncr","price":"3900"},"3":{"title":"Jodi Package:\nTOI + NBT (Mumbai, Delhi NCR) + Maharashtra Times - Mumbai","price":"4790"},"4":{"title":"Shagun Package :\nTOI (Delhi NCR, Uttrakhand, Chandigarh, Rajasthan, U.P, M.P) + NBT (Delhi NCR + Lucknow)","price":"4500"},"5":{"title":"Kangan Package :\nTOI (Delhi Ncr, Maharashtra, Uttrakhand, Chandigarh, Rajasthan, U.P, M.P) + NBT - Delhi Ncr, Lucknow","price":"5100"}},"Business":{"0":{"title":"Vivah Package :TOI (Delhi, A.P, Maharashtra, Karnataka, Tamilnadu, N, W.Bngal) + NBT (Delhi, Lucknow, Mumbai) + Ei Samay (Kolkata)","price":"8200"},"1":{"title":"Ghunghat Package:\nNavbharat Times - Delhi NCR, Lucknow, Mumbai\n+ Sandhya Times - Delhi","price":"1450"},"2":{"title":"Delhi Barat Package :\nTOI - (Delhi NCR + Uttrakhand) + NBT + Economic Times - Delhi Ncr","price":"3900"},"3":{"title":"Jodi Package:\nTOI + NBT (Mumbai, Delhi NCR) + Maharashtra Times - Mumbai","price":"4790"},"4":{"title":"Shagun Package :\nTOI (Delhi NCR, Uttrakhand, Chandigarh, Rajasthan, U.P, M.P) + NBT (Delhi NCR + Lucknow)","price":"4500"},"5":{"title":"Kangan Package :\nTOI (Delhi Ncr, Maharashtra, Uttrakhand, Chandigarh, Rajasthan, U.P, M.P) + NBT - Delhi Ncr, Lucknow","price":"5100"}},"Obituary(Death Announcement)":{"0":{"title":"Vivah Package :TOI (Delhi, A.P, Maharashtra, Karnataka, Tamilnadu, N, W.Bngal) + NBT (Delhi, Lucknow, Mumbai) + Ei Samay (Kolkata)","price":"8200"},"1":{"title":"Ghunghat Package:\nNavbharat Times - Delhi NCR, Lucknow, Mumbai\n+ Sandhya Times - Delhi","price":"1450"},"2":{"title":"Delhi Barat Package : TOI - (Delhi NCR + Uttrakhand) + NBT + Economic Times - Delhi Ncr ","price":"3900"},"3":{"title":"Jodi Package:\nTOI + NBT (Mumbai, Delhi NCR) + Maharashtra Times - Mumbai","price":"4790"},"4":{"title":"Shagun Package :\nTOI (Delhi NCR, Uttrakhand, Chandigarh, Rajasthan, U.P, M.P) + NBT (Delhi NCR + Lucknow)","price":"4500"},"5":{"title":"Kangan Package :\nTOI (Delhi Ncr, Maharashtra, Uttrakhand, Chandigarh, Rajasthan, U.P, M.P) + NBT - Delhi Ncr, Lucknow","price":"5100"}},"Remembrance(Unforgettable)":{"0":{"title":"Vivah Package :TOI (Delhi, A.P, Maharashtra, Karnataka, Tamilnadu, N, W.Bngal) + NBT (Delhi, Lucknow, Mumbai) + Ei Samay (Kolkata)","price":"8200"},"1":{"title":"Ghunghat Package:\nNavbharat Times - Delhi NCR, Lucknow, Mumbai\n+ Sandhya Times - Delhi","price":"1450"},"2":{"title":"Delhi Barat Package :\nTOI - (Delhi NCR + Uttrakhand) + NBT + Economic Times - Delhi Ncr","price":"3900"},"3":{"title":"Jodi Package:\nTOI + NBT (Mumbai, Delhi NCR) + Maharashtra Times - Mumbai","price":"4790"},"4":{"title":"Shagun Package :\nTOI (Delhi NCR, Uttrakhand, Chandigarh, Rajasthan, U.P, M.P) + NBT (Delhi NCR + Lucknow)","price":"4500"},"5":{"title":"Kangan Package :\nTOI (Delhi Ncr, Maharashtra, Uttrakhand, Chandigarh, Rajasthan, U.P, M.P) + NBT - Delhi Ncr, Lucknow","price":"5100"}},"public tender notices":{"0":{"title":"Vivah Package :TOI (Delhi, A.P, Maharashtra, Karnataka, Tamilnadu, N, W.Bngal) + NBT (Delhi, Lucknow, Mumbai) + Ei Samay (Kolkata) ","price":"1250"},"1":{"title":"The Economic Times + Navbharat Times -Delhi & NCR","price":"725"},"2":{"title":"The Economic Times + Navbharat Times -Mumbai","price":"600"},"3":{"title":"Times of India + Navbharat Times -Mumbai","price":"1200"},"4":{"title":"Navbharat Times - Delhi","price":"600"},"5":{"title":"Navbharat Times - Lucknow","price":"265"}},"Services":{"0":{"title":"The Times of India + Navbharat Times - Delhi NCR","price":"1250"},"1":{"title":"The Economic Times + Navbharat Times -Delhi & NCR","price":"725"},"2":{"title":"The Economic Times + Navbharat Times -Mumbai","price":"600"},"3":{"title":"Times of India + Navbharat Times -Mumbai","price":"1200"},"4":{"title":"Navbharat Times - Delhi","price":"600"},"5":{"title":"Navbharat Times - Lucknow","price":"265"},"6":{"title":"Navbharat Times - Mumbai","price":"300"}},"Retail/Shopping":{"0":{"title":"The Times of India + Navbharat Times - Delhi NCR","price":"1250"},"1":{"title":"The Economic Times + Navbharat Times -Delhi & NCR","price":"725"},"2":{"title":"The Economic Times + Navbharat Times -Mumbai","price":"600"},"3":{"title":"Times of India + Navbharat Times -Mumbai","price":"1200"},"4":{"title":"Navbharat Times - Delhi","price":"600"},"5":{"title":"Navbharat Times - Lucknow","price":"265"},"6":{"title":"Navbharat Times - Mumbai","price":"300"}},"Personal Announcement":{"0":{"title":"The Times Of India - U.P + Economics Times + Navbharat Times - Lucknow","price":"1800"},"1":{"title":"The Times of India (Sun & Weekday) + The Economics Times + Mirror + Navbharat Times + Maharashtra Times - Mumbai","price":"5000"},"2":{"title":"Mirror + Maharashtra Times + Navbharat Times - Mumbai","price":"2000"},"3":{"title":"Navbharat Times (Weekday + Sunday) + Sandhya Times - Delhi Ncr","price":"2000"},"4":{"title":"The Times of India (Wkdy + Sun)\n+ Navbharat Times (Wkdy + Sun)\n+ Economics Times - Delhi Ncr","price":"5000"},"5":{"title":"Navbharat Times - Delhi","price":"1800"},"6":{"title":"Navbharat Times - Lucknow","price":"340"},"7":{"title":"Navbharat Times - Mumbai","price":"600"}},"Computers and Hardware":{"0":{"title":"The Times Of India - U.P + Economics Times + Navbharat Times - Lucknow","price":"1800"},"1":{"title":"The Times of India (Sun & Weekday) + The Economics Times + Mirror + Navbharat Times + Maharashtra Times - Mumbai","price":"5000"},"2":{"title":"Mirror + Maharashtra Times + Navbharat Times - Mumbai","price":"2000"},"3":{"title":"Navbharat Times (Weekday + Sunday) + Sandhya Times - Delhi Ncr","price":"2000"},"4":{"title":"The Times of India (Wkdy + Sun)\n+ Navbharat Times (Wkdy + Sun)\n+ Economics Times - Delhi Ncr","price":"5000"},"5":{"title":"Navbharat Times - Delhi","price":"1800"},"6":{"title":"Navbharat Times - Lucknow","price":"340"},"7":{"title":"Navbharat Times - Mumbai","price":"600"}},"Astrology":{"0":{"title":"The Times Of India - U.P + Economics Times + Navbharat Times - Lucknow","price":"1800"},"1":{"title":"The Times of India (Sun & Weekday) + The Economics Times + Mirror + Navbharat Times + Maharashtra Times - Mumbai","price":"5000"},"2":{"title":"Mirror + Maharashtra Times + Navbharat Times - Mumbai","price":"2000"},"3":{"title":"Navbharat Times (Weekday + Sunday) + Sandhya Times - Delhi Ncr","price":"2000"},"4":{"title":"The Times of India (Wkdy + Sun)\n+ Navbharat Times (Wkdy + Sun)\n+ Economics Times - Delhi Ncr","price":"5000"},"5":{"title":"Navbharat Times - Delhi","price":"1800"},"6":{"title":"Navbharat Times - Lucknow","price":"340"},"7":{"title":"Navbharat Times - Mumbai","price":"600"}},"Vehicles Automobiles":{"0":{"title":"The Times Of India - U.P + Economics Times + Navbharat Times - Lucknow","price":"1800"},"1":{"title":"The Times of India (Sun & Weekday) + The Economics Times + Mirror + Navbharat Times + Maharashtra Times - Mumbai","price":"5000"},"2":{"title":"Mirror + Maharashtra Times + Navbharat Times - Mumbai","price":"2000"},"3":{"title":"Navbharat Times (Weekday + Sunday) + Sandhya Times - Delhi Ncr","price":"2000"},"4":{"title":"The Times of India (Wkdy + Sun)\n+ Navbharat Times (Wkdy + Sun)\n+ Economics Times - Delhi Ncr","price":"5000"},"5":{"title":"Navbharat Times - Delhi","price":"1800"},"6":{"title":"Navbharat Times - Lucknow","price":"340"},"7":{"title":"Navbharat Times - Mumbai","price":"600"}},"Tours and Travel":{"0":{"title":"The Times Of India - U.P + Economics Times + Navbharat Times - Lucknow","price":"1800"},"1":{"title":"The Times of India (Sun & Weekday) + The Economics Times + Mirror + Navbharat Times + Maharashtra Times - Mumbai","price":"5000"},"2":{"title":"Mirror + Maharashtra Times + Navbharat Times - Mumbai","price":"2000"},"3":{"title":"Navbharat Times (Weekday + Sunday) + Sandhya Times - Delhi Ncr","price":"2000"},"4":{"title":"The Times of India (Wkdy + Sun)\n+ Navbharat Times (Wkdy + Sun)\n+ Economics Times - Delhi Ncr","price":"5000"},"5":{"title":"Navbharat Times - Delhi","price":"1800"},"6":{"title":"Navbharat Times - Lucknow","price":"340"},"7":{"title":"Navbharat Times - Mumbai","price":"600"}},"Property-Rental":{"0":{"title":"The Times Of India - U.P + Economics Times + Navbharat Times - Lucknow","price":"1800"},"1":{"title":"The Times of India (Sun & Weekday) + The Economics Times + Mirror + Navbharat Times + Maharashtra Times - Mumbai","price":"5000"},"2":{"title":"Mirror + Maharashtra Times + Navbharat Times - Mumbai","price":"2000"},"3":{"title":"Navbharat Times (Weekday + Sunday) + Sandhya Times - Delhi Ncr","price":"2000"},"4":{"title":"The Times of India (Wkdy + Sun) + Navbharat Times (Wkdy + Sun) + Economics Times - Delhi Ncr","price":"5000"},"5":{"title":"Navbharat Times - Delhi","price":"1800"},"6":{"title":"Navbharat Times - Lucknow","price":"265"},"7":{"title":"Navbharat Times - Mumbai","price":"500"}},"Entertainment":{"0":{"title":"The Times of India (Sun & Weekday) + The Economics Times + Mirror + Navbharat Times + Maharashtra Times - Mumbai","price":"5500"},"1":{"title":"The Times of India (Sndy, Wkdy) + Education Times + Navbharat Times + The Economic Times + Sandhya Times- Delhi NCR","price":"5500"},"2":{"title":"The Times Of India - U.P + Economics Times + Navbharat Times + Education Times - Lucknow","price":"1400"},"3":{"title":"Mirror + Maharashtra Times + Navbharat Times - Mumbai","price":"2000"},"4":{"title":"Navbharat Times + Sandhya Times - Delhi & Ncr","price":"2000"},"5":{"title":"Navbharat Times - Delhi","price":"1800"},"6":{"title":"Navbharat Times - Lucknow","price":"265"},"7":{"title":"Navbharat Times - Mumbai","price":"500"}},"Real Estate Selling":{"0":{"title":"The Times of India (Sun & Weekday) + The Economics Times + Mirror + Navbharat Times + Maharashtra Times - Mumbai","price":"5500"},"1":{"title":"The Times of India (Sndy, Wkdy) + Education Times + Navbharat Times + The Economic Times + Sandhya Times- Delhi NCR","price":"5500"},"2":{"title":"The Times Of India - U.P + Economics Times + Navbharat Times + Education Times - Lucknow","price":"1400"},"3":{"title":"Mirror + Maharashtra Times + Navbharat Times - Mumbai","price":"2000"},"4":{"title":"Navbharat Times + Sandhya Times - Delhi & Ncr","price":"2000"},"5":{"title":"Navbharat Times - Delhi","price":"1800"},"6":{"title":"Navbharat Times - Lucknow","price":"265"},"7":{"title":"Navbharat Times - Mumbai","price":"500"}},"Beauty & Wellness":{"0":{"title":"The Times of India + Navbharat Times - Delhi NCR","price":"1250"},"1":{"title":"The Economic Times + Navbharat Times -Delhi & NCR","price":"725"},"2":{"title":"The Economic Times + Navbharat Times -Mumbai","price":"600"},"3":{"title":"Times of India + Navbharat Times -Mumbai","price":"1200"},"4":{"title":"Navbharat Times - Delhi","price":"600"},"5":{"title":"Navbharat Times - Lucknow","price":"265"},"6":{"title":"Navbharat Times - Mumbai","price":"300"}},"Call Centre Employees":{"0":{"title":"The Times of India + Navbharat Times - Delhi NCR","price":"1250"},"1":{"title":"The Economic Times + Navbharat Times -Delhi & NCR","price":"725"},"2":{"title":"The Economic Times + Navbharat Times -Mumbai","price":"600"},"3":{"title":"Times of India + Navbharat Times -Mumbai","price":"1200"},"4":{"title":"Navbharat Times - Delhi","price":"600"},"5":{"title":"Navbharat Times - Lucknow","price":"265"},"6":{"title":"Navbharat Times - Mumbai","price":"300"}},"Prajapati":{"0":{"title":"The Times of India + Navbharat Times - Delhi NCR","price":"1250"},"1":{"title":"The Economic Times + Navbharat Times -Delhi & NCR","price":"725"},"2":{"title":"The Economic Times + Navbharat Times -Mumbai","price":"1200"},"3":{"title":"Times of India + Navbharat Times -Mumbai","price":"1500"},"4":{"title":"Navbharat Times - Delhi","price":"1200"},"5":{"title":"Navbharat Times - Mumbai","price":"500"},"6":{"title":"Navbharat Times - Lucknow","price":"260"}},"Bungalow For Sale":{"0":{"title":"The Times Of India - U.P + Economics Times + Navbharat Times - Lucknow","price":"1400"},"1":{"title":"The Times of India (Sun & Weekday) + The Economics Times + Mirror + Navbharat Times + Maharashtra Times - Mumbai","price":"5000"},"2":{"title":"Mirror + Maharashtra Times + Navbharat Times - Mumbai","price":"2000"},"3":{"title":"Navbharat Times + Sandhya Times - Delhi & Ncr","price":"2000"},"4":{"title":"Times of India + Navbharat Times + Sandhya Times - Delhi & Ncr","price":"2500"},"5":{"title":"Navbharat Times - Delhi","price":"1800"},"6":{"title":"Navbharat Times - Lucknow","price":"260"},"7":{"title":"Navbharat Times - Mumbai","price":"500"}},"For Rent/Lease/To Let":{"0":{"title":"The Times Of India - U.P + Economics Times + Navbharat Times - Lucknow","price":"1400"},"1":{"title":"The Times of India (Sun & Weekday) + The Economics Times + Mirror + Navbharat Times + Maharashtra Times - Mumbai","price":"5000"},"2":{"title":"Mirror + Maharashtra Times + Navbharat Times - Mumbai","price":"2000"},"3":{"title":"Navbharat Times + Sandhya Times - Delhi & Ncr","price":"2000"},"4":{"title":"Times of India + Navbharat Times + Sandhya Times - Delhi & Ncr","price":"2500"},"5":{"title":"Navbharat Times - Delhi","price":"1800"},"6":{"title":"Navbharat Times - Lucknow","price":"260"},"7":{"title":"Navbharat Times - Mumbai","price":"500"}},"Outright Sale":{"0":{"title":"The Times Of India - U.P + Economics Times + Navbharat Times - Lucknow","price":"1400"},"1":{"title":"The Times of India (Sun & Weekday) + The Economics Times + Mirror + Navbharat Times + Maharashtra Times - Mumbai","price":"5000"},"2":{"title":"Mirror + Maharashtra Times + Navbharat Times - Mumbai","price":"2000"},"3":{"title":"Navbharat Times + Sandhya Times - Delhi & Ncr","price":"2000"},"4":{"title":"Times of India + Navbharat Times + Sandhya Times - Delhi & Ncr","price":"2500"},"5":{"title":"Navbharat Times - Delhi","price":"1800"},"6":{"title":"Navbharat Times - Lucknow","price":"265"},"7":{"title":"Navbharat Times - Mumbai","price":"500"}}}