{"Matrimonial":{"0":{"title":"Punjab Keshri + Jagbani + Hind Samachar + Navodaya Times - All Edition","price":"1050"},"1":{"title":"Punjab Keshri + Jagbani + Navodaya Times - All Editions","price":"975"},"2":{"title":"Navodaya Times - Delhi","price":"150"}},"Marriage Bureau":{"0":{"title":"Punjab Keshri + Jagbani + Hind Samachar + Navodaya Times - All Edition","price":"1050"},"1":{"title":"Punjab Keshri + Jagbani + Navodaya Times - All Editions","price":"975"},"2":{"title":"Navodaya Times - Delhi","price":"150"}},"Change of Name":{"0":{"title":"Punjab Keshri + Jagbani + Hind Samachar + Navodaya Times - All Edition","price":"1050"},"1":{"title":"Punjab Keshri + Jagbani + Navodaya Times - All Editions","price":"975"},"2":{"title":"Navodaya Times - Delhi","price":"150"}},"Recruitment job":{"0":{"title":"Punjab Keshri + Jagbani + Hind Samachar + Navodaya Times - All Edition","price":"1050"},"1":{"title":"Punjab Keshri + Jagbani + Navodaya Times - All Editions","price":"975"},"2":{"title":"Navodaya Times - Delhi","price":"150"}},"Education":{"0":{"title":"Punjab Keshri + Jagbani + Hind Samachar + Navodaya Times - All Edition","price":"1050"},"1":{"title":"Punjab Keshri + Jagbani + Navodaya Times - All Editions","price":"975"},"2":{"title":"Navodaya Times - Delhi","price":"150"}},"property real estate":{"0":{"title":"Punjab Keshri + Jagbani + Hind Samachar + Navodaya Times - All Edition","price":"1050"},"1":{"title":"Punjab Keshri + Jagbani + Navodaya Times - All Editions","price":"975"},"2":{"title":"Navodaya Times - Delhi","price":"150"}},"Lost and Found":{"0":{"title":"Punjab Keshri + Jagbani + Hind Samachar + Navodaya Times - All Edition","price":"1050"},"1":{"title":"Punjab Keshri + Jagbani + Navodaya Times - All Editions","price":"975"},"2":{"title":"Navodaya Times - Delhi","price":"150"}},"Business":{"0":{"title":"Punjab Keshri + Jagbani + Hind Samachar + Navodaya Times - All Edition","price":"1050"},"1":{"title":"Punjab Keshri + Jagbani + Navodaya Times - All Editions","price":"975"},"2":{"title":"Navodaya Times - Delhi","price":"150"}},"Obituary(Death Announcement)":{"0":{"title":"Punjab Keshri + Jagbani + Hind Samachar + Navodaya Times - All Edition","price":"150"},"1":{"title":"Punjab Keshri + Jagbani + Navodaya Times - All Editions","price":"975"},"2":{"title":"Navodaya Times - Delhi","price":"150"}},"Remembrance(Unforgettable)":{"0":{"title":"Punjab Keshri + Jagbani + Hind Samachar + Navodaya Times - All Edition","price":"1050"},"1":{"title":"Punjab Keshri + Jagbani + Navodaya Times - All Editions","price":"975"},"2":{"title":"Navodaya Times - Delhi","price":"150"}},"public tender notices":{"0":{"title":"Punjab Keshri + Jagbani + Hind Samachar + Navodaya Times - All Edition","price":"1050"},"1":{"title":"Punjab Keshri + Jagbani + Navodaya Times - All Editions","price":"975"},"2":{"title":"Navodaya Times - Delhi","price":"150"}},"Services":{"0":{"title":"Punjab Keshri + Jagbani + Hind Samachar + Navodaya Times - All Edition","price":"1050"},"1":{"title":"Punjab Keshri + Jagbani + Navodaya Times - All Editions","price":"975"},"2":{"title":"Navodaya Times - Delhi","price":"150"}},"Retail/Shopping":{"0":{"title":"Punjab Keshri + Jagbani + Hind Samachar + Navodaya Times - All Edition","price":"1050"},"1":{"title":"Punjab Keshri + Jagbani + Navodaya Times - All Editions","price":"975"},"2":{"title":"Navodaya Times - Delhi","price":"150"}},"Personal Announcement":{"0":{"title":"Punjab Keshri + Jagbani + Hind Samachar + Navodaya Times - All Edition","price":"1050"},"1":{"title":"Punjab Keshri + Jagbani + Navodaya Times - All Editions","price":"975"},"2":{"title":"Navodaya Times - Delhi","price":"150"}},"Computers and Hardware":{"0":{"title":"Punjab Keshri + Jagbani + Hind Samachar + Navodaya Times - All Edition","price":"1050"},"1":{"title":"Punjab Keshri + Jagbani + Navodaya Times - All Editions","price":"975"},"2":{"title":"Navodaya Times - Delhi","price":"150"}},"Astrology":{"0":{"title":"Punjab Keshri + Jagbani + Hind Samachar + Navodaya Times - All Edition","price":"1050"},"1":{"title":"Punjab Keshri + Jagbani + Navodaya Times - All Editions","price":"975"},"2":{"title":"Navodaya Times - Delhi","price":"150"}},"Vehicles Automobiles":{"0":{"title":"Punjab Keshri + Jagbani + Hind Samachar + Navodaya Times - All Edition","price":"1050"},"1":{"title":"Punjab Keshri + Jagbani + Navodaya Times - All Editions","price":"975"},"2":{"title":"Navodaya Times - Delhi","price":"150"}},"Tours and Travel":{"0":{"title":"Punjab Keshri + Jagbani + Hind Samachar + Navodaya Times - All Edition","price":"1050"},"1":{"title":"Punjab Keshri + Jagbani + Navodaya Times - All Editions","price":"975"},"2":{"title":"Navodaya Times - Delhi","price":"150"}},"Property-Rental":{"0":{"title":"Punjab Keshri + Jagbani + Hind Samachar + Navodaya Times - All Edition","price":"1050"},"1":{"title":"Punjab Keshri + Jagbani + Navodaya Times - All Editions","price":"975"},"2":{"title":"Navodaya Times - Delhi","price":"150"}},"Entertainment":{"0":{"title":"Punjab Keshri + Jagbani + Hind Samachar + Navodaya Times - All Edition","price":"1050"},"1":{"title":"Punjab Keshri + Jagbani + Navodaya Times - All Editions","price":"975"},"2":{"title":"Navodaya Times - Delhi","price":"150"}},"Real Estate Selling":{"0":{"title":"Punjab Keshri + Jagbani + Hind Samachar + Navodaya Times - All Edition","price":"1050"},"1":{"title":"Punjab Keshri + Jagbani + Navodaya Times - All Editions","price":"975"},"2":{"title":"Navodaya Times - Delhi","price":"150"}},"Beauty & Wellness":{"0":{"title":"Punjab Keshri + Jagbani + Hind Samachar + Navodaya Times - All Edition","price":"1050"},"1":{"title":"Punjab Keshri + Jagbani + Navodaya Times - All Editions","price":"975"},"2":{"title":"Navodaya Times - Delhi","price":"150"}},"Call Centre Employees":{"0":{"title":"Punjab Keshri + Jagbani + Hind Samachar + Navodaya Times - All Edition","price":"1050"},"1":{"title":"Punjab Keshri + Jagbani + Navodaya Times - All Editions","price":"975"},"2":{"title":"Navodaya Times - Delhi","price":"150"}},"Prajapati":{"0":{"title":"Punjab Keshri + Jagbani + Hind Samachar + Navodaya Times - All Edition","price":"1050"},"1":{"title":"Punjab Keshri + Jagbani + Navodaya Times - All Editions","price":"975"},"2":{"title":"Navodaya Times - Delhi","price":"150"}},"Bungalow For Sale":{"0":{"title":"Punjab Keshri + Jagbani + Hind Samachar + Navodaya Times - All Edition","price":"1050"},"1":{"title":"Punjab Keshri + Jagbani + Navodaya Times - All Editions","price":"975"},"2":{"title":"Navodaya Times - Delhi","price":"150"}},"For Rent/Lease/To Let":{"0":{"title":"Punjab Keshri + Jagbani + Hind Samachar + Navodaya Times - All Edition","price":"1050"},"1":{"title":"Punjab Keshri + Jagbani + Navodaya Times - All Editions","price":"975"},"2":{"title":"Navodaya Times - Delhi","price":"150"}},"Outright Sale":{"0":{"title":"Punjab Keshri + Jagbani + Hind Samachar + Navodaya Times - All Edition","price":"1050"},"1":{"title":"Punjab Keshri + Jagbani + Navodaya Times - All Editions","price":"975"},"2":{"title":"Navodaya Times - Delhi","price":"150"}},"Property Others":{"0":{"title":"Punjab Keshri + Jagbani + Hind Samachar + Navodaya Times - All Edition","price":"1050"},"1":{"title":"Punjab Keshri + Jagbani + Navodaya Times - All Editions","price":"975"},"2":{"title":"Navodaya Times - Delhi","price":"150"}},"SMS CAMPAIGN":{"0":{"title":"Punjab Keshri + Jagbani + Hind Samachar + Navodaya Times - All Edition","price":"1050"},"1":{"title":"Punjab Keshri + Jagbani + Navodaya Times - All Editions","price":"975"},"2":{"title":"Navodaya Times - Delhi","price":"150"}}}