{"Recruitment job":{"0":{"title":"oHeraldo -Goa","price":"500"}},"Education":{"0":{"title":"oHeraldo -Goa","price":"500"}},"property real estate":{"0":{"title":"oHeraldo -Goa","price":"500"}},"Lost and Found":{"0":{"title":"oHeraldo -Goa","price":"500"}},"Business":{"0":{"title":"oHeraldo -Goa","price":"500"}},"Obituary(Death Announcement)":{"0":{"title":"oHeraldo -Goa","price":"500"}},"Remembrance(Unforgettable)":{"0":{"title":"oHeraldo -Goa","price":"500"}},"public tender notices":{"0":{"title":"oHeraldo -Goa","price":"500"}},"Services":{"0":{"title":"oHeraldo -Goa","price":"500"}},"Retail/Shopping":{"0":{"title":"oHeraldo -Goa","price":"500"}},"Personal Announcement":{"0":{"title":"oHeraldo -Goa","price":"500"}},"Computers and Hardware":{"0":{"title":"oHeraldo -Goa","price":"500"}},"Astrology":{"0":{"title":"oHeraldo -Goa","price":"500"}},"Vehicles Automobiles":{"0":{"title":"oHeraldo -Goa","price":"500"}},"Tours and Travel":{"0":{"title":"oHeraldo -Goa","price":"500"}},"Property-Rental":{"0":{"title":"oHeraldo -Goa","price":"500"}},"Entertainment":{"0":{"title":"oHeraldo -Goa","price":"500"}},"Real Estate Selling":{"0":{"title":"oHeraldo -Goa","price":"500"}},"Beauty & Wellness":{"0":{"title":"oHeraldo -Goa","price":"500"}},"Call Centre Employees":{"0":{"title":"oHeraldo -Goa","price":"500"}},"Prajapati":{"0":{"title":"oHeraldo -Goa","price":"500"}},"Bungalow For Sale":{"0":{"title":"oHeraldo -Goa","price":"500"}},"For Rent/Lease/To Let":{"0":{"title":"oHeraldo -Goa","price":"500"}},"Outright Sale":{"0":{"title":"oHeraldo -Goa","price":"500"}},"Property Others":{"0":{"title":"Herald + Dainik Herald - Goa","price":"400"},"1":{"title":"oHeraldo -Goa","price":"300"}},"SMS CAMPAIGN":{"0":{"title":"Herald + Dainik Herald - Goa","price":"400"},"1":{"title":"oHeraldo -Goa","price":"300"}}}