{"Matrimonial":{"0":{"title":"Prabhat Khabar - All Edition, Bihar + West Bengal + Jharkhand","price":"1200"}},"Marriage Bureau":{"0":{"title":"Prabhat Khabar - All Edition, Bihar + West Bengal + Jharkhand","price":"1200"}},"Change of Name":{"0":{"title":"Prabhat Khabar - All Edition, Bihar + West Bengal + Jharkhand","price":"1200"}},"Recruitment job":{"0":{"title":"Prabhat Khabar - All Edition, Bihar + West Bengal + Jharkhand","price":"1200"}},"Education":{"0":{"title":"Prabhat Khabar - All Edition, Bihar + West Bengal + Jharkhand","price":"1200"}},"property real estate":{"0":{"title":"Prabhat Khabar - All Edition, Bihar + West Bengal + Jharkhand","price":"1200"}},"Lost and Found":{"0":{"title":"Prabhat Khabar - All Edition, Bihar + West Bengal + Jharkhand","price":"1200"}},"Business":{"0":{"title":"Prabhat Khabar - All Edition, Bihar + West Bengal + Jharkhand","price":"1200"}},"Obituary(Death Announcement)":{"0":{"title":"Prabhat Khabar - All Edition, Bihar + West Bengal + Jharkhand","price":"1200"}},"Remembrance(Unforgettable)":{"0":{"title":"Prabhat Khabar - All Edition, Bihar + West Bengal + Jharkhand","price":"1200"}},"public tender notices":{"0":{"title":"Prabhat Khabar - All Edition, Bihar + West Bengal + Jharkhand","price":"1200"}},"Services":{"0":{"title":"Prabhat Khabar - All Edition, Bihar + West Bengal + Jharkhand","price":"1200"}},"Retail/Shopping":{"0":{"title":"Prabhat Khabar - All Edition, Bihar + West Bengal + Jharkhand","price":"1200"}},"Personal Announcement":{"0":{"title":"Prabhat Khabar - All Edition, Bihar + West Bengal + Jharkhand","price":"1200"}},"Computers and Hardware":{"0":{"title":"Prabhat Khabar - All Edition, Bihar + West Bengal + Jharkhand","price":"1200"}},"Astrology":{"0":{"title":"Prabhat Khabar - All Edition, Bihar + West Bengal + Jharkhand","price":"1200"}},"Vehicles Automobiles":{"0":{"title":"Prabhat Khabar - All Edition, Bihar + West Bengal + Jharkhand ","price":"1200"}},"Tours and Travel":{"0":{"title":"Prabhat Khabar - All Edition, Bihar + West Bengal + Jharkhand","price":"1200"}},"Property-Rental":{"0":{"title":"Prabhat Khabar - All Edition, Bihar + West Bengal + Jharkhand","price":"1200"}},"Entertainment":{"0":{"title":"Prabhat Khabar - All Edition, Bihar + West Bengal + Jharkhand","price":"1200"}},"Real Estate Selling":{"0":{"title":"Prabhat Khabar - All Edition, Bihar + West Bengal + Jharkhand","price":"1200"}},"Beauty & Wellness":{"0":{"title":"Prabhat kahbar - Bhagalpur","price":"360"},"1":{"title":"Prabhat Khabar - Dhanbad","price":"400"},"2":{"title":"Prabhat Khabar - Gaya","price":"360"}},"Call Centre Employees":{"0":{"title":"Prabhat kahbar - Bhagalpur","price":"360"},"1":{"title":"Prabhat Khabar - Dhanbad","price":"400"},"2":{"title":"Prabhat Khabar - Gaya","price":"360"},"3":{"title":"Prabhat Khabar - Jamshedpur","price":"480"},"4":{"title":"Prabhat Khabar - Kolkata","price":"400"},"5":{"title":"Prabhat Khabar - Muzaffarpur","price":"360"},"6":{"title":"Prabhat Khabar - Patna","price":"600"},"7":{"title":"Prabhat Khabar - Ranchi","price":"600"}},"Prajapati":{"0":{"title":"Prabhat kahbar - Bhagalpur","price":"360"},"1":{"title":"Prabhat Khabar - Dhanbad","price":"400"},"2":{"title":"Prabhat Khabar - Gaya","price":"360"},"3":{"title":"Prabhat Khabar - Jamshedpur","price":"480"},"4":{"title":"Prabhat Khabar - Kolkata","price":"400"},"5":{"title":"Prabhat Khabar - Muzaffarpur","price":"360"},"6":{"title":"Prabhat Khabar - Patna","price":"600"},"7":{"title":"Prabhat Khabar - Ranchi","price":"600"}},"Bungalow For Sale":{"0":{"title":"Prabhat kahbar - Bhagalpur","price":"360"},"1":{"title":"Prabhat Khabar - Dhanbad","price":"400"},"2":{"title":"Prabhat Khabar - Gaya","price":"360"},"3":{"title":"Prabhat Khabar - Jamshedpur","price":"480"},"4":{"title":"Prabhat Khabar - Kolkata","price":"400"},"5":{"title":"Prabhat Khabar - Muzaffarpur","price":"360"},"6":{"title":"Prabhat Khabar - Patna","price":"600"},"7":{"title":"Prabhat Khabar - Ranchi","price":"600"}},"For Rent/Lease/To Let":{"0":{"title":"Prabhat kahbar - Bhagalpur","price":"360"},"1":{"title":"Prabhat Khabar - Dhanbad","price":"400"},"2":{"title":"Prabhat Khabar - Gaya","price":"360"},"3":{"title":"Prabhat Khabar - Jamshedpur","price":"480"},"4":{"title":"Prabhat Khabar - Kolkata","price":"400"},"5":{"title":"Prabhat Khabar - Muzaffarpur","price":"360"},"6":{"title":"Prabhat Khabar - Patna","price":"600"},"7":{"title":"Prabhat Khabar - Ranchi","price":"600"}},"Outright Sale":{"0":{"title":"Prabhat Khabar - All Jharkhand","price":"960"},"1":{"title":"Prabhat Khabar - Bihar","price":"1000"},"2":{"title":"Prabhat Khabar - West Bengal","price":"440"},"3":{"title":"Prabhat Khabar - Jharkhand + West Bengal","price":"1000"},"4":{"title":"Prabhat Khabar - Jharkhand + Bihar","price":"1200"},"5":{"title":"Prabhat Khabar - Bihar + West Bengal","price":"1040"},"6":{"title":"Prabhat Khabar - All Edition, Bihar + West Bengal + Jharkhand ","price":"1520"},"7":{"title":"Prabhat Khabar - Ranchi","price":"600"},"8":{"title":"Prabhat Khabar - Dhanbad","price":"400"},"9":{"title":"Prabhat Khabar - Gaya","price":"360"},"10":{"title":"Prabhat Khabar - Jamshedpur","price":"480"},"11":{"title":"Prabhat Khabar - Kolkata","price":"400"},"12":{"title":"Prabhat Khabar - Muzaffarpur","price":"360"},"13":{"title":"Prabhat Khabar - Patna","price":"600"},"14":{"title":"Prabhat Khabar - Ranchi","price":"600"}},"Property Others":{"0":{"title":"Prabhat Khabar - All Jharkhand","price":"960"},"1":{"title":"Prabhat Khabar - Bihar","price":"1000"},"2":{"title":"Prabhat Khabar - West Bengal","price":"440"},"3":{"title":"Prabhat Khabar - Jharkhand + West Bengal","price":"1000"},"4":{"title":"Prabhat Khabar - Jharkhand + Bihar","price":"1200"},"5":{"title":"Prabhat Khabar - Bihar + West Bengal","price":"1040"},"6":{"title":"Prabhat Khabar - All Edition, Bihar + West Bengal + Jharkhand","price":"1520"},"7":{"title":"Prabhat kahbar - Bhagalpur","price":"360"},"8":{"title":"Prabhat Khabar - Dhanbad","price":"400"},"9":{"title":"Prabhat Khabar - Gaya","price":"360"},"10":{"title":"Prabhat Khabar - Jamshedpur","price":"480"},"11":{"title":"Prabhat Khabar - Kolkata","price":"400"},"12":{"title":"Prabhat Khabar - Muzaffarpur","price":"360"},"13":{"title":"Prabhat Khabar - Patna","price":"600"},"14":{"title":"Prabhat Khabar - Ranchi","price":"600"}},"SMS CAMPAIGN":{"0":{"title":"Prabhat Khabar - All Jharkhand","price":"960"},"1":{"title":"Prabhat Khabar - Bihar","price":"1000"},"2":{"title":"Prabhat Khabar - West Bengal","price":"440"},"3":{"title":"Prabhat Khabar - Jharkhand + West Bengal","price":"1000"},"4":{"title":"Prabhat Khabar - Jharkhand + Bihar","price":"1200"},"5":{"title":"Prabhat Khabar - Bihar + West Bengal","price":"1040"},"6":{"title":"Prabhat Khabar - All Edition, Bihar + West Bengal + Jharkhand","price":"1520"},"7":{"title":"Prabhat kahbar - Bhagalpur","price":"360"},"8":{"title":"Prabhat Khabar - Dhanbad","price":"400"},"9":{"title":"Prabhat Khabar - Gaya","price":"360"},"10":{"title":"Prabhat Khabar - Jamshedpur","price":"480"},"11":{"title":"Prabhat Khabar - Kolkata","price":"400"},"12":{"title":"Prabhat Khabar - Muzaffarpur","price":"360"},"13":{"title":"Prabhat Khabar - Patna","price":"600"},"14":{"title":"Prabhat Khabar - Ranchi","price":"600"}}}