{"Recruitment job":{"0":{"title":"Pudhari - All Edition","price":"1100"},"1":{"title":"Pudhari - Satara","price":"500"},"2":{"title":"Pudhari - Mumbai","price":"580"}},"Education":{"0":{"title":"Pudhari - All Edition","price":"1100"},"1":{"title":"Pudhari - Satara","price":"500"},"2":{"title":"Pudhari - Mumbai","price":"580"}},"property real estate":{"0":{"title":"Pudhari - All Edition","price":"1100"},"1":{"title":"Pudhari - Satara","price":"500"},"2":{"title":"Pudhari - Mumbai","price":"580"}},"Lost and Found":{"0":{"title":"Pudhari - All Edition","price":"1100"},"1":{"title":"Pudhari - Satara","price":"500"},"2":{"title":"Pudhari - Mumbai","price":"580"}},"Business":{"0":{"title":"Pudhari - All Edition","price":"1100"},"1":{"title":"Pudhari - Satara","price":"500"},"2":{"title":"Pudhari - Mumbai","price":"580"}},"Obituary(Death Announcement)":{"0":{"title":"Pudhari - All Edition","price":"1100"},"1":{"title":"Pudhari - Satara","price":"500"},"2":{"title":"Pudhari - Mumbai","price":"580"}},"Remembrance(Unforgettable)":{"0":{"title":"Pudhari - All Edition","price":"1100"},"1":{"title":"Pudhari - Satara","price":"500"},"2":{"title":"Pudhari - Mumbai","price":"580"}},"public tender notices":{"0":{"title":"Pudhari - All Edition","price":"1100"},"1":{"title":"Pudhari - Satara","price":"500"},"2":{"title":"Pudhari - Mumbai","price":"580"}},"Services":{"0":{"title":"Pudhari - All Edition","price":"1100"},"1":{"title":"Pudhari - Satara","price":"500"},"2":{"title":"Pudhari - Mumbai","price":"580"}},"Retail/Shopping":{"0":{"title":"Pudhari - All Edition","price":"1100"},"1":{"title":"Pudhari - Satara","price":"500"},"2":{"title":"Pudhari - Mumbai","price":"580"}},"Personal Announcement":{"0":{"title":"Pudhari - All Edition","price":"1100"},"1":{"title":"Pudhari - Satara","price":"500"},"2":{"title":"Pudhari - Mumbai","price":"580"}},"Computers and Hardware":{"0":{"title":"Pudhari - All Edition","price":"1100"},"1":{"title":"Pudhari - Satara","price":"500"},"2":{"title":"Pudhari - Mumbai","price":"580"}},"Astrology":{"0":{"title":"Pudhari - All Edition","price":"1100"},"1":{"title":"Pudhari - Satara","price":"500"},"2":{"title":"Pudhari - Mumbai","price":"580"}}}