{"Matrimonial":{"0":{"title":"Punya Nagari - All Editions","price":"900"},"1":{"title":"Punya Nagari + Yashobhumi","price":"450"},"2":{"title":"Punya Nagari + Mumbai Choufer - Mumbai","price":"450"}},"Marriage Bureau":{"0":{"title":"Punya Nagari - All Editions","price":"900"},"1":{"title":"Punya Nagari + Yashobhumi","price":"450"},"2":{"title":"Punya Nagari + Mumbai Choufer - Mumbai","price":"450"}},"Change of Name":{"0":{"title":"Punya Nagari - All Editions","price":"900"},"1":{"title":"Punya Nagari + Yashobhumi","price":"450"},"2":{"title":"Punya Nagari + Mumbai Choufer - Mumbai","price":"450"}},"Recruitment job":{"0":{"title":"Punya Nagari - All Editions","price":"900"},"1":{"title":"Punya Nagari + Yashobhumi","price":"450"},"2":{"title":"Punya Nagari + Mumbai Choufer - Mumbai","price":"450"}},"Education":{"0":{"title":"Punya Nagari - All Editions","price":"900"},"1":{"title":"Punya Nagari + Yashobhumi","price":"450"},"2":{"title":"Punya Nagari + Mumbai Choufer - Mumbai","price":"450"}},"property real estate":{"0":{"title":"Punya Nagari - All Editions","price":"900"},"1":{"title":"Punya Nagari + Yashobhumi","price":"450"},"2":{"title":"Punya Nagari + Mumbai Choufer - Mumbai","price":"450"}},"Lost and Found":{"0":{"title":"Punya Nagari - All Editions","price":"900"},"1":{"title":"Punya Nagari + Yashobhumi","price":"450"},"2":{"title":"Punya Nagari + Mumbai Choufer - Mumbai","price":"450"}},"Business":{"0":{"title":"Punya Nagari - All Editions","price":"900"},"1":{"title":"Punya Nagari + Yashobhumi","price":"450"},"2":{"title":"Punya Nagari + Mumbai Choufer - Mumbai","price":"450"}},"Obituary(Death Announcement)":{"0":{"title":"Punya Nagari - All Editions","price":"900"},"1":{"title":"Punya Nagari + Yashobhumi","price":"450"},"2":{"title":"Punya Nagari + Mumbai Choufer - Mumbai","price":"450"}},"Remembrance(Unforgettable)":{"0":{"title":"Punya Nagari - All Editions","price":"900"},"1":{"title":"Punya Nagari + Yashobhumi","price":"450"},"2":{"title":"Punya Nagari + Mumbai Choufer - Mumbai","price":"450"}},"public tender notices":{"0":{"title":"Punya Nagari - All Editions","price":"900"},"1":{"title":"Punya Nagari + Yashobhumi","price":"450"},"2":{"title":"Punya Nagari + Mumbai Choufer - Mumbai","price":"450"}},"Services":{"0":{"title":"Punya Nagari - All Editions","price":"900"},"1":{"title":"Punya Nagari + Yashobhumi","price":"450"},"2":{"title":"Punya Nagari + Mumbai Choufer - Mumbai","price":"450"}},"Retail/Shopping":{"0":{"title":"Punya Nagari + Mumbai Choufer - Mumbai","price":"450"},"1":{"title":"Punya Nagari - Ahmednagar","price":"60"},"2":{"title":"Punya Nagari - Akola","price":"50"},"3":{"title":"Punya Nagari - Amravati","price":"50"},"4":{"title":"Punya Nagari - Aurangabad","price":"60"},"5":{"title":"Punya Nagari - Dhule","price":"55"},"6":{"title":"Punya Nagari - Jalgaon","price":"55"},"7":{"title":"Punya Nagari - Kolhapur","price":"55"},"8":{"title":"Punya Nagari - Latur","price":"60"},"9":{"title":"Punya Nagari - Mumbai","price":"180"},"10":{"title":"Punya Nagari - Nagpur","price":"70"},"11":{"title":"Punya Nagari - Nanded","price":"60"},"12":{"title":"Punya Nagari - Nashik","price":"110"},"13":{"title":"Punya Nagari - Pune","price":"70"},"14":{"title":"Punya Nagari - Satara","price":"50"},"15":{"title":"Punya Nagari - Solapur","price":"70"}},"Personal Announcement":{"0":{"title":"Punya Nagari + Mumbai Choufer - Mumbai","price":"450"},"1":{"title":"Punya Nagari - Ahmednagar","price":"60"},"2":{"title":"Punya Nagari - Akola","price":"50"},"3":{"title":"Punya Nagari - Amravati","price":"50"},"4":{"title":"Punya Nagari - Aurangabad","price":"60"},"5":{"title":"Punya Nagari - Dhule","price":"55"},"6":{"title":"Punya Nagari - Jalgaon","price":"55"},"7":{"title":"Punya Nagari - Kolhapur","price":"55"},"8":{"title":"Punya Nagari - Latur","price":"60"},"9":{"title":"Punya Nagari - Mumbai","price":"180"},"10":{"title":"Punya Nagari - Kolhapur","price":"55"},"11":{"title":"Punya Nagari - Latur","price":"60"},"12":{"title":"Punya Nagari - Mumbai","price":"180"},"13":{"title":"Punya Nagari - Nagpur","price":"70"},"14":{"title":"Punya Nagari - Nanded","price":"60"},"15":{"title":"Punya Nagari - Nashik","price":"110"}},"Computers and Hardware":{"0":{"title":"Punya Nagari - All Editions","price":"900"},"1":{"title":"Punya Nagari + Yashobhumi","price":"450"},"2":{"title":"Punya Nagari + Mumbai Choufer - Mumbai","price":"450"},"3":{"title":"Punya nagari All Group","price":"1500"},"4":{"title":"Punya Nagari - Ahmednagar","price":"60"},"5":{"title":"Punya Nagari - Akola","price":"50"},"6":{"title":"Punya Nagari - Amravati","price":"50"},"7":{"title":"Punya Nagari - Aurangabad","price":"60"},"8":{"title":"Punya Nagari - Dhule","price":"55"},"9":{"title":"Punya Nagari - Jalgaon","price":"55"},"10":{"title":"Punya Nagari - Kolhapur","price":"55"},"11":{"title":"Punya Nagari - Latur","price":"60"},"12":{"title":"Punya Nagari - Mumbai","price":"180"},"13":{"title":"Punya Nagari - Nagpur","price":"70"},"14":{"title":"Punya Nagari - Nanded","price":"50"},"15":{"title":"Punya Nagari - Solapur","price":"70"},"16":{"title":"Punya Nagari - Pune","price":"70"},"17":{"title":"Punya Nagari - Satara","price":"50"},"18":{"title":"Punya Nagari - Solapur","price":"70"}},"Astrology":{"0":{"title":"Punya Nagari - All Editions","price":"900"},"1":{"title":"Punya Nagari + Yashobhumi","price":"450"},"2":{"title":"Punya Nagari + Mumbai Choufer - Mumbai","price":"450"},"3":{"title":"Punya nagari All Group","price":"1500"},"4":{"title":"Punya Nagari - Ahmednagar","price":"60"},"5":{"title":"Punya Nagari - Akola","price":"50"},"6":{"title":"Punya Nagari - Amravati","price":"50"},"7":{"title":"Punya Nagari - Aurangabad","price":"60"},"8":{"title":"Punya Nagari - Dhule","price":"55"},"9":{"title":"Punya Nagari - Jalgaon","price":"55"},"10":{"title":"Punya Nagari - Kolhapur","price":"55"},"11":{"title":"Punya Nagari - Latur","price":"60"},"12":{"title":"Punya Nagari - Mumbai","price":"180"},"13":{"title":"Punya Nagari - Nagpur","price":"70"},"14":{"title":"Punya Nagari - Nanded","price":"60"},"15":{"title":"Punya Nagari - Nashik","price":"110"},"16":{"title":"Punya Nagari - Pune","price":"70"},"17":{"title":"Punya Nagari - Satara","price":"50"},"18":{"title":"Punya Nagari - Solapur","price":"70"}},"Vehicles Automobiles":{"0":{"title":"Punya Nagari - All Editions","price":"900"},"1":{"title":"Punya Nagari + Yashobhumi","price":"450"},"2":{"title":"Punya Nagari + Mumbai Choufer - Mumbai","price":"450"},"3":{"title":"Punya nagari All Group","price":"1500"},"4":{"title":"Punya Nagari - Ahmednagar","price":"60"},"5":{"title":"Punya Nagari - Akola","price":"50"},"6":{"title":"Punya Nagari - Amravati","price":"50"},"7":{"title":"Punya Nagari - Aurangabad","price":"60"},"8":{"title":"Punya Nagari - Dhule","price":"55"},"9":{"title":"Punya Nagari - Jalgaon","price":"55"},"10":{"title":"Punya Nagari - Kolhapur","price":"55"},"11":{"title":"Punya Nagari - Latur","price":"60"},"12":{"title":"Punya Nagari - Mumbai","price":"180"},"13":{"title":"Punya Nagari - Nagpur","price":"70"},"14":{"title":"Punya Nagari - Nanded","price":"60"},"15":{"title":"Punya Nagari - Nashik","price":"110"},"16":{"title":"Punya Nagari - Pune","price":"70"},"17":{"title":"Punya Nagari - Satara","price":"50"},"18":{"title":"Punya Nagari - Solapur","price":"70"}},"Tours and Travel":{"0":{"title":"Punya Nagari - All Editions","price":"900"},"1":{"title":"Punya Nagari + Yashobhumi","price":"450"},"2":{"title":"Punya Nagari + Mumbai Choufer - Mumbai","price":"450"},"3":{"title":"Punya nagari All Group","price":"1500"},"4":{"title":"Punya Nagari - Ahmednagar","price":"60"},"5":{"title":"Punya Nagari - Akola","price":"50"},"6":{"title":"Punya Nagari - Amravati","price":"50"},"7":{"title":"Punya Nagari - Aurangabad","price":"55"},"8":{"title":"Punya Nagari - Jalgaon","price":"55"},"9":{"title":"Punya Nagari - Kolhapur","price":"55"},"10":{"title":"Punya Nagari - Latur","price":"60"},"11":{"title":"Punya Nagari - Mumbai","price":"180"},"12":{"title":"Punya Nagari - Nagpur","price":"70"},"13":{"title":"Punya Nagari - Nanded","price":"60"},"14":{"title":"Punya Nagari - Nashik","price":"110"},"15":{"title":"Punya Nagari - Pune","price":"70"},"16":{"title":"Punya Nagari - Satara","price":"50"},"17":{"title":"Punya Nagari - Solapur","price":"70"},"18":{"title":"Punya Nagari - Solapur","price":"70"}},"Property-Rental":{"0":{"title":"Punya Nagari - All Editions","price":"900"},"1":{"title":"Punya Nagari + Yashobhumi","price":"450"},"2":{"title":"Punya Nagari + Mumbai Choufer - Mumbai","price":"450"},"3":{"title":"Punya nagari All Group","price":"1500"},"4":{"title":"Punya Nagari - Ahmednagar","price":"60"},"5":{"title":"Punya Nagari - Akola","price":"50"},"6":{"title":"Punya Nagari - Amravati","price":"50"},"7":{"title":"Punya Nagari - Aurangabad","price":"60"},"8":{"title":"Punya Nagari - Dhule","price":"55"},"9":{"title":"Punya Nagari - Jalgaon","price":"55"},"10":{"title":"Punya Nagari - Kolhapur","price":"55"},"11":{"title":"Punya Nagari - Latur","price":"60"},"12":{"title":"Punya Nagari - Mumbai","price":"180"},"13":{"title":"Punya Nagari - Nagpur","price":"70"},"14":{"title":"Punya Nagari - Nanded","price":"60"},"15":{"title":"Punya Nagari - Nashik","price":"110"},"16":{"title":"Punya Nagari - Pune","price":"70"},"17":{"title":"Punya Nagari - Satara","price":"50"},"18":{"title":"Punya Nagari - Solapur","price":"70"}}}