{"Matrimonial":{"0":{"title":"Raj Express - All Madhya Pradesh + Chattisgarh","price":"1250"}},"Marriage Bureau":{"0":{"title":"Raj Express - All Madhya Pradesh + Chattisgarh","price":"1250"}},"Change of Name":{"0":{"title":"Raj Express - All Madhya Pradesh + Chattisgarh","price":"1250"}},"Recruitment job":{"0":{"title":"Raj Express - All Madhya Pradesh + Chattisgarh","price":"1250"}},"Education":{"0":{"title":"Raj Express - All Madhya Pradesh + Chattisgarh","price":"1250"}},"property real estate":{"0":{"title":"Raj Express - All Madhya Pradesh + Chattisgarh","price":"1250"}},"Lost and Found":{"0":{"title":"Raj Express - All Madhya Pradesh + Chattisgarh","price":"1250"}},"Business":{"0":{"title":"Raj Express - All Madhya Pradesh + Chattisgarh","price":"1250"}},"Obituary(Death Announcement)":{"0":{"title":"Raj Express - All Madhya Pradesh + Chattisgarh","price":"1250"}},"Remembrance(Unforgettable)":{"0":{"title":"Raj Express - All Madhya Pradesh + Chattisgarh","price":"1250"},"1":{"title":"Raj Express - Bhopal","price":"375"},"2":{"title":"Raj Express - Gwaliour","price":"375"}},"public tender notices":{"0":{"title":"Raj Express - All Madhya Pradesh + Chattisgarh","price":"1250"},"1":{"title":"Raj Express - Bhopal","price":"375"},"2":{"title":"Raj Express - Gwaliour","price":"375"},"3":{"title":"Raj Express - Indore","price":"375"},"4":{"title":"Raj Express - Jabalpur","price":"375"},"5":{"title":"Raj Express -Raipur","price":"1050"}},"Services":{"0":{"title":"Raj Express - All Madhya Pradesh + Chattisgarh","price":"1250"},"1":{"title":"Raj Express - Bhopal","price":"375"},"2":{"title":"Raj Express - Gwaliour","price":"375"},"3":{"title":"Raj Express - Indore","price":"375"},"4":{"title":"Raj Express - Jabalpur","price":"375"},"5":{"title":"Raj Express -Raipur","price":"1050"}},"Retail/Shopping":{"0":{"title":"Raj Express - All Madhya Pradesh + Chattisgarh","price":"1250"},"1":{"title":"Raj Express - Bhopal","price":"375"},"2":{"title":"Raj Express - Gwaliour","price":"375"},"3":{"title":"Raj Express - Indore","price":"375"},"4":{"title":"Raj Express - Jabalpur","price":"375"},"5":{"title":"Raj Express -Raipur","price":"1050"}},"Personal Announcement":{"0":{"title":"Raj Express - All Madhya Pradesh + Chattisgarh","price":"1250"},"1":{"title":"Raj Express - Bhopal","price":"375"},"2":{"title":"Raj Express - Gwaliour","price":"375"},"3":{"title":"Raj Express - Indore","price":"375"},"4":{"title":"Raj Express - Jabalpur","price":"375"},"5":{"title":"Raj Express -Raipur","price":"1050"}},"Computers and Hardware":{"0":{"title":"Raj Express - All Madhya Pradesh + Chattisgarh","price":"1250"},"1":{"title":"Raj Express - Bhopal","price":"375"},"2":{"title":"Raj Express - Gwaliour","price":"375"},"3":{"title":"Raj Express - Indore","price":"375"},"4":{"title":"Raj Express - Jabalpur","price":"375"},"5":{"title":"Raj Express -Raipur","price":"1050"}},"Astrology":{"0":{"title":"Raj Express - All Madhya Pradesh + Chattisgarh","price":"1250"},"1":{"title":"Raj Express - Bhopal","price":"375"},"2":{"title":"Raj Express - Gwaliour","price":"375"},"3":{"title":"Raj Express - Indore","price":"375"},"4":{"title":"Raj Express - Jabalpur","price":"375"},"5":{"title":"Raj Express -Raipur","price":"1050"}},"Vehicles Automobiles":{"0":{"title":"Raj Express - All Madhya Pradesh + Chattisgarh","price":"1250"},"1":{"title":"Raj Express - Bhopal","price":"375"},"2":{"title":"Raj Express - Gwaliour","price":"375"},"3":{"title":"Raj Express - Indore","price":"375"},"4":{"title":"Raj Express - Jabalpur","price":"375"},"5":{"title":"Raj Express -Raipur","price":"1050"}},"Tours and Travel":{"0":{"title":"Raj Express - All Madhya Pradesh + Chattisgarh","price":"1250"},"1":{"title":"Raj Express - Bhopal","price":"375"},"2":{"title":"Raj Express - Gwaliour","price":"375"},"3":{"title":"Raj Express - Indore","price":"375"},"4":{"title":"Raj Express - Jabalpur ","price":"375"},"5":{"title":"Raj Express -Raipur","price":"1050"}},"Property-Rental":{"0":{"title":"Raj Express - All Madhya Pradesh + Chattisgarh","price":"1250"},"1":{"title":"Raj Express - Bhopal","price":"375"},"2":{"title":"Raj Express - Gwaliour","price":"375"},"3":{"title":"Raj Express - Indore","price":"375"},"4":{"title":"Raj Express - Jabalpur","price":"375"},"5":{"title":"Raj Express -Raipur","price":"1050"}},"Entertainment":{"0":{"title":"Raj Express - All Madhya Pradesh + Chattisgarh","price":"1250"},"1":{"title":"Raj Express - Bhopal","price":"375"},"2":{"title":"Raj Express - Gwaliour","price":"375"},"3":{"title":"Raj Express - Indore","price":"375"},"4":{"title":"Raj Express - Jabalpur","price":"375"},"5":{"title":"Raj Express -Raipur","price":"1050"}},"Real Estate Selling":{"0":{"title":"Raj Express - All Madhya Pradesh + Chattisgarh","price":"1250"},"1":{"title":"Raj Express - Bhopal","price":"375"},"2":{"title":"Raj Express - Gwaliour","price":"375"},"3":{"title":"Raj Express - Indore","price":"375"},"4":{"title":"Raj Express - Jabalpur","price":"375"},"5":{"title":"Raj Express -Raipur","price":"1050"}},"Beauty & Wellness":{"0":{"title":"Raj Express - All Madhya Pradesh + Chattisgarh","price":"1250"},"1":{"title":"Raj Express - Bhopal","price":"375"},"2":{"title":"Raj Express - Gwaliour","price":"375"},"3":{"title":"Raj Express - Indore","price":"375"},"4":{"title":"Raj Express - Jabalpur","price":"375"},"5":{"title":"Raj Express -Raipur","price":"1050"}},"Call Centre Employees":{"0":{"title":"Raj Express - All Madhya Pradesh + Chattisgarh","price":"1250"},"1":{"title":"Raj Express - Bhopal","price":"375"},"2":{"title":"Raj Express - Gwaliour","price":"375"},"3":{"title":"Raj Express - Indore","price":"375"},"4":{"title":"Raj Express - Jabalpur","price":"375"},"5":{"title":"Raj Express -Raipur","price":"1050"}},"Prajapati":{"0":{"title":"Raj Express - All Madhya Pradesh + Chattisgarh","price":"1250"},"1":{"title":"Raj Express - Bhopal","price":"375"},"2":{"title":"Raj Express - Gwaliour","price":"375"},"3":{"title":"Raj Express - Indore","price":"375"},"4":{"title":"Raj Express - Jabalpur","price":"375"},"5":{"title":"Raj Express -Raipur","price":"1050"}},"Bungalow For Sale":{"0":{"title":"Raj Express - All Madhya Pradesh + Chattisgarh","price":"1250"},"1":{"title":"Raj Express - Bhopal","price":"375"},"2":{"title":"Raj Express - Gwaliour","price":"375"}},"For Rent/Lease/To Let":{"0":{"title":"Raj Express - All Madhya Pradesh + Chattisgarh","price":"1250"},"1":{"title":"Raj Express - Bhopal","price":"375"},"2":{"title":"Raj Express - Gwaliour","price":"375"},"3":{"title":"Raj Express - Indore","price":"375"},"4":{"title":"Raj Express - Jabalpur","price":"375"},"5":{"title":"Raj Express -Raipur","price":"1050"}},"Outright Sale":{"0":{"title":"Raj Express - All Madhya Pradesh + Chattisgarh","price":"1250"},"1":{"title":"Raj Express - Bhopal","price":"375"},"2":{"title":"Raj Express - Gwaliour","price":"375"},"3":{"title":"Raj Express - Indore","price":"375"},"4":{"title":"Raj Express - Jabalpur","price":"375"},"5":{"title":"Raj Express -Raipur","price":"1050"}},"Property Others":{"0":{"title":"Raj Express - All Madhya Pradesh + Chattisgarh","price":"1250"},"1":{"title":"Raj Express - Bhopal","price":"375"},"2":{"title":"Raj Express - Gwaliour","price":"375"},"3":{"title":"Raj Express - Indore","price":"375"},"4":{"title":"Raj Express - Jabalpur","price":"375"},"5":{"title":"Raj Express -Raipur","price":"1050"}}}