{"Matrimonial":{"0":{"title":"Rajasthan Patrika - All Rajasthan Editions","price":"1420"},"1":{"title":"Rajasthan Patrika : Rajasthan + Gujarat + Tamilnadu + Karnataka + W.Bengal","price":"3186"},"2":{"title":"Rajasthan Patrika - Jaipur Edition","price":"1300"},"3":{"title":"Rajashtan Patrika - All Edition","price":"6410"},"4":{"title":"Rajasthan Patrika - Rajasthan + Madhya Pradesh + Chhatisgarh","price":"3000"},"5":{"title":"5 Ad Combo Rajasthan Patrika - All Rajasthan Editions","price":"4380"},"6":{"title":"3 Ad Combo Rajasthan Patrika - All Rajasthan Editions","price":"2985"},"7":{"title":"Rajasthan Patrika - Jaipur","price":"900"}},"Marriage Bureau":{"0":{"title":"Rajasthan Patrika - All Rajasthan Editions","price":"1420"},"1":{"title":"Rajasthan Patrika : Rajasthan + Gujarat + Tamilnadu + Karnataka + W.Bengal","price":"3186"},"2":{"title":"Rajasthan Patrika - Jaipur Edition","price":"1300"},"3":{"title":"Rajashtan Patrika - All Edition","price":"6410"},"4":{"title":"Rajasthan Patrika - Rajasthan + Madhya Pradesh + Chhatisgarh","price":"3000"},"5":{"title":"5 Ad Combo Rajasthan Patrika - All Rajasthan Editions","price":"4380"},"6":{"title":"3 Ad Combo Rajasthan Patrika - All Rajasthan Editions","price":"2985"},"7":{"title":"Rajasthan Patrika - Jaipur","price":"900"}},"Change of Name":{"0":{"title":"Rajasthan Patrika - All Rajasthan Editions","price":"1420"},"1":{"title":"Rajasthan Patrika : Rajasthan + Gujarat + Tamilnadu + Karnataka + W.Bengal","price":"3186"},"2":{"title":"Rajasthan Patrika - Jaipur Edition","price":"1300"},"3":{"title":"Rajashtan Patrika - All Edition","price":"6410"},"4":{"title":"Rajasthan Patrika - Rajasthan + Madhya Pradesh + Chhatisgarh","price":"3000"},"5":{"title":"5 Ad Combo Rajasthan Patrika - All Rajasthan Editions","price":"4380"},"6":{"title":"3 Ad Combo Rajasthan Patrika - All Rajasthan Editions","price":"2985"},"7":{"title":"Rajasthan Patrika - Jaipur","price":"900"}},"Recruitment job":{"0":{"title":"Rajasthan Patrika - All Rajasthan Editions","price":"1420"},"1":{"title":"Rajasthan Patrika : Rajasthan + Gujarat + Tamilnadu + Karnataka + W.Bengal","price":"3186"},"2":{"title":"Rajasthan Patrika - Jaipur Edition","price":"1300"},"3":{"title":"Rajashtan Patrika - All Edition","price":"6410"},"4":{"title":"Rajasthan Patrika - Rajasthan + Madhya Pradesh + Chhatisgarh","price":"3000"},"5":{"title":"5 Ad Combo Rajasthan Patrika - All Rajasthan Editions","price":"4380"},"6":{"title":"3 Ad Combo Rajasthan Patrika - All Rajasthan Editions","price":"2985"},"7":{"title":"Rajasthan Patrika - Jaipur","price":"900"}},"Education":{"0":{"title":"Rajasthan Patrika - All Rajasthan Editions","price":"1420"},"1":{"title":"Rajasthan Patrika : Rajasthan + Gujarat + Tamilnadu + Karnataka + W.Bengal","price":"3186"},"2":{"title":"Rajasthan Patrika - Jaipur Edition","price":"1300"},"3":{"title":"Rajashtan Patrika - All Edition","price":"6410"},"4":{"title":"Rajasthan Patrika - Rajasthan + Madhya Pradesh + Chhatisgarh","price":"3000"},"5":{"title":"5 Ad Combo Rajasthan Patrika - All Rajasthan Editions","price":"4380"},"6":{"title":"3 Ad Combo Rajasthan Patrika - All Rajasthan Editions","price":"2985"},"7":{"title":"Rajasthan Patrika - Jaipur","price":"900"}},"property real estate":{"0":{"title":"Rajasthan Patrika - All Rajasthan Editions","price":"1420"},"1":{"title":"Rajasthan Patrika : Rajasthan + Gujarat + Tamilnadu + Karnataka + W.Bengal","price":"3186"},"2":{"title":"Rajasthan Patrika - Jaipur Edition","price":"1300"},"3":{"title":"Rajashtan Patrika - All Edition","price":"6410"},"4":{"title":"Rajasthan Patrika - Rajasthan + Madhya Pradesh + Chhatisgarh","price":"3000"},"5":{"title":"5 Ad Combo Rajasthan Patrika - All Rajasthan Editions","price":"4380"},"6":{"title":"3 Ad Combo Rajasthan Patrika - All Rajasthan Editions","price":"2985"},"7":{"title":"Rajasthan Patrika - Jaipur","price":"900"}},"Lost and Found":{"0":{"title":"Rajasthan Patrika - All Rajasthan Editions","price":"1420"},"1":{"title":"Rajasthan Patrika : Rajasthan + Gujarat + Tamilnadu + Karnataka + W.Bengal","price":"3186"},"2":{"title":"Rajasthan Patrika - Jaipur Edition","price":"1300"},"3":{"title":"Rajashtan Patrika - All Edition","price":"6410"},"4":{"title":"Rajasthan Patrika - Rajasthan + Madhya Pradesh + Chhatisgarh","price":"3000"},"5":{"title":"5 Ad Combo Rajasthan Patrika - All Rajasthan Editions","price":"4380"},"6":{"title":"3 Ad Combo Rajasthan Patrika - All Rajasthan Editions","price":"2985"},"7":{"title":"Rajasthan Patrika - Jaipur","price":"900"}},"Business":{"0":{"title":"Rajasthan Patrika - Barmer","price":"276"},"1":{"title":"Rajasthan Patrika - Mumbai","price":"276"},"2":{"title":"Rajasthan Patrika - Ahmedabad","price":"240"},"3":{"title":"Rajasthan Patrika - Ajmer","price":"402"},"4":{"title":"Rajasthan Patrika - Alwar","price":"570"},"5":{"title":"Rajasthan Patrika - Bangalore","price":"336"},"6":{"title":"Rajasthan Patrika - Banswara","price":"366"},"7":{"title":"Rajasthan Patrika - Bhilwara","price":"324"},"8":{"title":"Rajasthan Patrika - Bhopal","price":"966"},"9":{"title":"Rajasthan Patrika - Bikaner","price":"442"},"10":{"title":"Rajasthan Patrika - Bilaspur","price":"263"},"11":{"title":"Rajasthan Patrika - Chennai","price":"204"},"12":{"title":"Rajasthan Patrika - Chhindwara","price":"304"},"13":{"title":"Rajasthan Patrika - Coimbatore","price":"144"},"14":{"title":"Rajasthan Patrika - Delhi","price":"546"},"15":{"title":"Rajasthan Patrika - Gangapur City","price":"346"},"16":{"title":"Rajasthan Patrika - Gwalior","price":"719"},"17":{"title":"Rajasthan Patrika - Hubli","price":"180"},"18":{"title":"Rajasthan Patrika - Indore","price":"1323"},"19":{"title":"Rajasthan Patrika - Jabalpur","price":"845"},"20":{"title":"Rajasthan Patrika - Jagdalpur","price":"221"},"21":{"title":"Rajasthan Patrika - Jaipur","price":"1090"},"22":{"title":"Rajasthan Patrika - Jodhpur","price":"1068"},"23":{"title":"Rajasthan Patrika - Kolkata","price":"480"},"24":{"title":"Rajasthan Patrika - Kota","price":"564"},"25":{"title":"Rajasthan Patrika - Pali","price":"372"},"26":{"title":"Rajasthan Patrika - Raipur","price":"959"},"27":{"title":"Rajasthan Patrika - Ratlam","price":"598"},"28":{"title":"Rajasthan Patrika - Sagar","price":"201"},"29":{"title":"Rajasthan Patrika - Satna","price":"304"},"30":{"title":"Rajasthan Patrika - Sikar","price":"450"},"31":{"title":"Rajasthan Patrika - Kolkata","price":"480"},"32":{"title":"Rajasthan Patrika - Kota","price":"564"},"33":{"title":"Rajasthan Patrika - Pali","price":"372"},"34":{"title":"Rajasthan Patrika - Raipur","price":"959"}},"Services":{"0":{"title":"Rajasthan Patrika - All Rajasthan Editions","price":"3170"},"1":{"title":"Rajasthan Patrika - All MP","price":"4390"},"2":{"title":"Rajasthan Patrika - All Chattisgarh Editions","price":"1014"}},"Retail/Shopping":{"0":{"title":"Rajasthan Patrika - All Rajasthan Editions","price":"3170"},"1":{"title":"Rajasthan Patrika - All MP","price":"4390"},"2":{"title":"Rajasthan Patrika - All Chattisgarh Editions","price":"1014"},"3":{"title":"Rajasthan Patrika : Rajasthan + Gujarat + Tamilnadu + Karnataka + W.Bengal","price":"4518"},"4":{"title":"Rajasthan Patrika : Madhya Pradesh + Chhatisgarh + News Today Indore","price":"5045"},"5":{"title":"Rajasthan Patrika - Jaipur Edition","price":"2320"},"6":{"title":"Rajashtan Patrika - All Edition","price":"9119"},"7":{"title":"Rajasthan Patrika - Rajasthan + Madhya Pradesh + Chhatisgarh","price":"8033"},"8":{"title":"Rajasthan Patrika - Barmer","price":"276"},"9":{"title":"Rajasthan Patrika - Mumbai","price":"276"},"10":{"title":"Rajasthan Patrika - Ahmedabad","price":"240"},"11":{"title":"Rajasthan Patrika - Ajmer","price":"402"},"12":{"title":"Rajasthan Patrika - Alwar","price":"570"},"13":{"title":"Rajasthan Patrika - Bangalore","price":"336"},"14":{"title":"Rajasthan Patrika - Banswara","price":"366"},"15":{"title":"Rajasthan Patrika - Bhilwara","price":"324"},"16":{"title":"Rajasthan Patrika - Bhopal","price":"966"},"17":{"title":"Rajasthan Patrika - Bikaner","price":"442"},"18":{"title":"Rajasthan Patrika - Bilaspur","price":"263"},"19":{"title":"Rajasthan Patrika - Chennai","price":"204"},"20":{"title":"Rajasthan Patrika - Chhindwara","price":"304"},"21":{"title":"Rajasthan Patrika - Coimbatore","price":"150"},"22":{"title":"Rajasthan Patrika - Delhi","price":"546"},"23":{"title":"Rajasthan Patrika - Gangapur City","price":"346"},"24":{"title":"Rajasthan Patrika - Gwalior","price":"719"},"25":{"title":"Rajasthan Patrika - Hubli","price":"180"},"26":{"title":"Rajasthan Patrika - Indore","price":"1323"},"27":{"title":"Rajasthan Patrika - Jabalpur","price":"845"},"28":{"title":"Rajasthan Patrika - Jagdalpur","price":"221"},"29":{"title":"Rajasthan Patrika - Jaipur","price":"1090"},"30":{"title":"Rajasthan Patrika - Jodhpur","price":"1068"},"31":{"title":"Rajasthan Patrika - Kolkata","price":"480"},"32":{"title":"Rajasthan Patrika - Kota","price":"564"},"33":{"title":"Rajasthan Patrika - Pali","price":"372"},"34":{"title":"Rajasthan Patrika - Raipur","price":"959"},"35":{"title":"Rajasthan Patrika - Ratlam","price":"598"},"36":{"title":"Rajasthan Patrika - Sagar","price":"201"},"37":{"title":"Rajasthan Patrika - Satna","price":"304"},"38":{"title":"Rajasthan Patrika - Sikar","price":"450"},"39":{"title":"Rajasthan Patrika - Sriganganagar","price":"426"},"40":{"title":"Rajasthan Patrika - Surat","price":"276"},"41":{"title":"Rajasthan Patrika - Udaipur","price":"594"},"42":{"title":"Rajasthan Patrika - Ujjain","price":"506"}},"Computers and Hardware":{"0":{"title":"Rajasthan Patrika - All Rajasthan Editions","price":"3170"},"1":{"title":"Rajasthan Patrika - All MP","price":"4390"},"2":{"title":"Rajasthan Patrika - All Chattisgarh Editions","price":"1014"}},"Astrology":{"0":{"title":"Rajasthan Patrika - All Rajasthan Editions","price":"3170"},"1":{"title":"Rajasthan Patrika - All MP","price":"4390"},"2":{"title":"Rajasthan Patrika - All Chattisgarh Editions","price":"1014"},"3":{"title":"Rajasthan Patrika : Rajasthan + Gujarat + Tamilnadu + Karnataka + W.Bengal","price":"4518"},"4":{"title":"Rajasthan Patrika : Madhya Pradesh + Chhatisgarh + News Today Indore","price":"5045"},"5":{"title":"Rajasthan Patrika - Jaipur Edition","price":"2320"},"6":{"title":"Rajashtan Patrika - All Edition","price":"9119"},"7":{"title":"Rajasthan Patrika - Rajasthan + Madhya Pradesh + Chhatisgarh","price":"8033"},"8":{"title":"Rajasthan Patrika - Barmer","price":"276"},"9":{"title":"Rajasthan Patrika - Mumbai","price":"276"},"10":{"title":"Rajasthan Patrika - Ahmedabad","price":"240"},"11":{"title":"Rajasthan Patrika - Ajmer","price":"402"},"12":{"title":"Rajasthan Patrika - Alwar","price":"570"},"13":{"title":"Rajasthan Patrika - Bangalore","price":"336"},"14":{"title":"Rajasthan Patrika - Banswara","price":"366"},"15":{"title":"Rajasthan Patrika - Bhilwara","price":"324"},"16":{"title":"Rajasthan Patrika - Bhopal","price":"966"},"17":{"title":"Rajasthan Patrika - Bikaner","price":"442"},"18":{"title":"Rajasthan Patrika - Bilaspur","price":"263"},"19":{"title":"Rajasthan Patrika - Chennai","price":"204"},"20":{"title":"Rajasthan Patrika - Chhindwara","price":"304"},"21":{"title":"Rajasthan Patrika - Coimbatore","price":"150"},"22":{"title":"Rajasthan Patrika - Delhi","price":"546"},"23":{"title":"Rajasthan Patrika - Gangapur City","price":"346"},"24":{"title":"Rajasthan Patrika - Gwalior","price":"719"},"25":{"title":"Rajasthan Patrika - Hubli","price":"180"},"26":{"title":"Rajasthan Patrika - Indore","price":"1323"},"27":{"title":"Rajasthan Patrika - Jabalpur","price":"845"},"28":{"title":"Rajasthan Patrika - Jagdalpur","price":"221"},"29":{"title":"Rajasthan Patrika - Jaipur","price":"1090"},"30":{"title":"Rajasthan Patrika - Jodhpur","price":"1068"},"31":{"title":"Rajasthan Patrika - Kolkata","price":"480"},"32":{"title":"Rajasthan Patrika - Kota","price":"564"},"33":{"title":"Rajasthan Patrika - Pali","price":"372"},"34":{"title":"Rajasthan Patrika - Raipur","price":"959"},"35":{"title":"Rajasthan Patrika - Ratlam","price":"598"},"36":{"title":"Rajasthan Patrika - Sagar","price":"201"},"37":{"title":"Rajasthan Patrika - Satna","price":"304"},"38":{"title":"Rajasthan Patrika - Sikar","price":"450"},"39":{"title":"Rajasthan Patrika - Sriganganagar","price":"426"},"40":{"title":"Rajasthan Patrika - Surat","price":"276"},"41":{"title":"Rajasthan Patrika - Udaipur","price":"594"},"42":{"title":"Rajasthan Patrika - Ujjain","price":"506"}},"Vehicles Automobiles":{"0":{"title":"Rajasthan Patrika - All Rajasthan Editions","price":"3170"},"1":{"title":"Rajasthan Patrika - All MP","price":"4390"},"2":{"title":"Rajasthan Patrika - All Chattisgarh Editions","price":"1014"},"3":{"title":"Rajasthan Patrika : Rajasthan + Gujarat + Tamilnadu + Karnataka + W.Bengal","price":"4518"},"4":{"title":"Rajasthan Patrika : Madhya Pradesh + Chhatisgarh + News Today Indore","price":"5045"},"5":{"title":"Rajasthan Patrika - Jaipur Edition","price":"2320"},"6":{"title":"Rajashtan Patrika - All Edition","price":"9119"},"7":{"title":"Rajasthan Patrika - Rajasthan + Madhya Pradesh + Chhatisgarh","price":"8033"},"8":{"title":"Rajasthan Patrika - Barmer","price":"276"},"9":{"title":"Rajasthan Patrika - Mumbai","price":"276"},"10":{"title":"Rajasthan Patrika - Ahmedabad","price":"240"},"11":{"title":"Rajasthan Patrika - Ajmer","price":"402"},"12":{"title":"Rajasthan Patrika - Alwar","price":"570"},"13":{"title":"Rajasthan Patrika - Bangalore","price":"336"},"14":{"title":"Rajasthan Patrika - Banswara","price":"366"},"15":{"title":"Rajasthan Patrika - Bhilwara","price":"324"},"16":{"title":"Rajasthan Patrika - Bhopal","price":"966"},"17":{"title":"Rajasthan Patrika - Bikaner","price":"442"},"18":{"title":"Rajasthan Patrika - Bilaspur","price":"263"},"19":{"title":"Rajasthan Patrika - Chennai","price":"204"},"20":{"title":"Rajasthan Patrika - Chhindwara","price":"304"},"21":{"title":"Rajasthan Patrika - Coimbatore","price":"150"},"22":{"title":"Rajasthan Patrika - Delhi","price":"546"},"23":{"title":"Rajasthan Patrika - Gangapur City","price":"346"},"24":{"title":"Rajasthan Patrika - Gwalior","price":"719"},"25":{"title":"Rajasthan Patrika - Hubli","price":"180"},"26":{"title":"Rajasthan Patrika - Indore","price":"1323"},"27":{"title":"Rajasthan Patrika - Jabalpur","price":"845"},"28":{"title":"Rajasthan Patrika - Jagdalpur","price":"221"},"29":{"title":"Rajasthan Patrika - Jaipur","price":"1090"},"30":{"title":"Rajasthan Patrika - Jodhpur","price":"1068"},"31":{"title":"Rajasthan Patrika - Kolkata","price":"480"},"32":{"title":"Rajasthan Patrika - Kota","price":"564"},"33":{"title":"Rajasthan Patrika - Pali","price":"372"},"34":{"title":"Rajasthan Patrika - Raipur","price":"959"},"35":{"title":"Rajasthan Patrika - Ratlam","price":"598"},"36":{"title":"Rajasthan Patrika - Sagar","price":"201"},"37":{"title":"Rajasthan Patrika - Satna","price":"304"},"38":{"title":"Rajasthan Patrika - Sikar","price":"450"},"39":{"title":"Rajasthan Patrika - Sriganganagar","price":"426"},"40":{"title":"Rajasthan Patrika - Surat","price":"276"},"41":{"title":"Rajasthan Patrika - Udaipur","price":"594"},"42":{"title":"Rajasthan Patrika - Ujjain","price":"506"}},"Tours and Travel":{"0":{"title":"Rajasthan Patrika - All Rajasthan Editions","price":"3170"},"1":{"title":"Rajasthan Patrika - All MP","price":"4390"},"2":{"title":"Rajasthan Patrika - All Chattisgarh Editions","price":"1014"},"3":{"title":"Rajasthan Patrika : Rajasthan + Gujarat + Tamilnadu + Karnataka + W.Bengal","price":"4518"},"4":{"title":"Rajasthan Patrika : Madhya Pradesh + Chhatisgarh + News Today Indore","price":"5045"},"5":{"title":"Rajasthan Patrika - Jaipur Edition","price":"2320"},"6":{"title":"Rajashtan Patrika - All Edition","price":"9119"},"7":{"title":"Rajasthan Patrika - Rajasthan + Madhya Pradesh + Chhatisgarh","price":"8033"},"8":{"title":"Rajasthan Patrika - Barmer","price":"276"},"9":{"title":"Rajasthan Patrika - Mumbai","price":"276"},"10":{"title":"Rajasthan Patrika - Ahmedabad","price":"240"},"11":{"title":"Rajasthan Patrika - Ajmer","price":"402"},"12":{"title":"Rajasthan Patrika - Alwar","price":"570"},"13":{"title":"Rajasthan Patrika - Bangalore","price":"336"},"14":{"title":"Rajasthan Patrika - Banswara","price":"366"},"15":{"title":"Rajasthan Patrika - Bhilwara","price":"324"},"16":{"title":"Rajasthan Patrika - Bhopal","price":"966"},"17":{"title":"Rajasthan Patrika - Bikaner","price":"442"},"18":{"title":"Rajasthan Patrika - Bilaspur","price":"263"},"19":{"title":"Rajasthan Patrika - Chennai","price":"204"},"20":{"title":"Rajasthan Patrika - Chhindwara","price":"304"},"21":{"title":"Rajasthan Patrika - Coimbatore","price":"150"},"22":{"title":"Rajasthan Patrika - Delhi","price":"546"},"23":{"title":"Rajasthan Patrika - Gangapur City","price":"346"},"24":{"title":"Rajasthan Patrika - Gwalior","price":"719"},"25":{"title":"Rajasthan Patrika - Hubli","price":"180"},"26":{"title":"Rajasthan Patrika - Indore","price":"1323"},"27":{"title":"Rajasthan Patrika - Jabalpur","price":"845"},"28":{"title":"Rajasthan Patrika - Jagdalpur","price":"221"},"29":{"title":"Rajasthan Patrika - Jaipur","price":"1090"},"30":{"title":"Rajasthan Patrika - Jodhpur","price":"1068"},"31":{"title":"Rajasthan Patrika - Kolkata","price":"480"},"32":{"title":"Rajasthan Patrika - Kota","price":"564"},"33":{"title":"Rajasthan Patrika - Pali","price":"372"},"34":{"title":"Rajasthan Patrika - Raipur","price":"959"},"35":{"title":"Rajasthan Patrika - Ratlam","price":"598"},"36":{"title":"Rajasthan Patrika - Sagar","price":"201"},"37":{"title":"Rajasthan Patrika - Satna","price":"304"},"38":{"title":"Rajasthan Patrika - Sikar","price":"450"},"39":{"title":"Rajasthan Patrika - Sriganganagar","price":"426"},"40":{"title":"Rajasthan Patrika - Surat","price":"276"},"41":{"title":"Rajasthan Patrika - Udaipur","price":"594"},"42":{"title":"Rajasthan Patrika - Ujjain","price":"506"}}}