{"Matrimonial":{"0":{"title":"Rashtriya Sahara - Dehradun","price":"250"},"1":{"title":"Rashtriya sahara - Delhi Ncr","price":"400"},"2":{"title":"Rashtriya Sahara - Gorakhpur","price":"250"},"3":{"title":"Rashtriya Sahara - Kanpur","price":"250"},"4":{"title":"Rashtriya Sahara - Lucknow","price":"350"},"5":{"title":"Rashtriya Sahara - Patna","price":"250"},"6":{"title":"Rashtriya Sahara - Varanasi","price":"250"}},"Marriage Bureau":{"0":{"title":"Rashtriya Sahara - Dehradun","price":"250"},"1":{"title":"Rashtriya sahara - Delhi Ncr","price":"400"},"2":{"title":"Rashtriya Sahara - Gorakhpur","price":"250"},"3":{"title":"Rashtriya Sahara - Kanpur","price":"250"},"4":{"title":"Rashtriya Sahara - Lucknow","price":"350"},"5":{"title":"Rashtriya Sahara - Patna","price":"250"},"6":{"title":"Rashtriya Sahara - Varanasi","price":"250"}},"Change of Name":{"0":{"title":"Rashtriya Sahara - Dehradun","price":"250"},"1":{"title":"Rashtriya sahara - Delhi Ncr","price":"400"},"2":{"title":"Rashtriya Sahara - Gorakhpur","price":"250"},"3":{"title":"Rashtriya Sahara - Kanpur","price":"250"},"4":{"title":"Rashtriya Sahara - Lucknow","price":"350"},"5":{"title":"Rashtriya Sahara - Patna","price":"250"},"6":{"title":"Rashtriya Sahara - Varanasi","price":"250"}},"Recruitment job":{"0":{"title":"Rashtriya Sahara - Dehradun","price":"250"},"1":{"title":"Rashtriya sahara - Delhi Ncr","price":"400"},"2":{"title":"Rashtriya Sahara - Gorakhpur","price":"250"},"3":{"title":"Rashtriya Sahara - Kanpur","price":"250"},"4":{"title":"Rashtriya Sahara - Lucknow","price":"350"},"5":{"title":"Rashtriya Sahara - Patna","price":"250"},"6":{"title":"Rashtriya Sahara - Varanasi","price":"250"}},"Education":{"0":{"title":"Rashtriya Sahara - Dehradun","price":"250"},"1":{"title":"Rashtriya sahara - Delhi Ncr","price":"400"},"2":{"title":"Rashtriya Sahara - Gorakhpur","price":"250"},"3":{"title":"Rashtriya Sahara - Kanpur","price":"250"},"4":{"title":"Rashtriya Sahara - Lucknow","price":"350"},"5":{"title":"Rashtriya Sahara - Patna","price":"250"},"6":{"title":"Rashtriya Sahara - Varanasi","price":"250"}},"property real estate":{"0":{"title":"Rashtriya Sahara - Dehradun","price":"250"},"1":{"title":"Rashtriya sahara - Delhi Ncr","price":"400"},"2":{"title":"Rashtriya Sahara - Gorakhpur","price":"250"},"3":{"title":"Rashtriya Sahara - Kanpur","price":"250"},"4":{"title":"Rashtriya Sahara - Lucknow","price":"350"},"5":{"title":"Rashtriya Sahara - Patna","price":"250"},"6":{"title":"Rashtriya Sahara - Varanasi","price":"250"}},"Lost and Found":{"0":{"title":"Rashtriya Sahara - Dehradun","price":"250"},"1":{"title":"Rashtriya sahara - Delhi Ncr","price":"400"},"2":{"title":"Rashtriya Sahara - Gorakhpur","price":"250"},"3":{"title":"Rashtriya Sahara - Kanpur","price":"250"},"4":{"title":"Rashtriya Sahara - Lucknow","price":"350"},"5":{"title":"Rashtriya Sahara - Patna","price":"250"},"6":{"title":"Rashtriya Sahara - Varanasi","price":"250"}},"Business":{"0":{"title":"Rashtriya Sahara - Dehradun","price":"250"},"1":{"title":"Rashtriya sahara - Delhi Ncr","price":"400"},"2":{"title":"Rashtriya Sahara - Gorakhpur","price":"250"},"3":{"title":"Rashtriya Sahara - Kanpur","price":"250"},"4":{"title":"Rashtriya Sahara - Lucknow","price":"350"},"5":{"title":"Rashtriya Sahara - Patna","price":"250"},"6":{"title":"Rashtriya Sahara - Varanasi","price":"250"}},"Obituary(Death Announcement)":{"0":{"title":"Rashtriya Sahara - Dehradun","price":"250"},"1":{"title":"Rashtriya sahara - Delhi Ncr","price":"400"},"2":{"title":"Rashtriya Sahara - Gorakhpur","price":"250"},"3":{"title":"Rashtriya Sahara - Kanpur","price":"250"},"4":{"title":"Rashtriya Sahara - Lucknow","price":"350"},"5":{"title":"Rashtriya Sahara - Patna","price":"250"},"6":{"title":"Rashtriya Sahara - Varanasi","price":"250"}},"Remembrance(Unforgettable)":{"0":{"title":"Rashtriya Sahara - Dehradun","price":"250"},"1":{"title":"Rashtriya sahara - Delhi Ncr","price":"400"},"2":{"title":"Rashtriya Sahara - Gorakhpur","price":"250"},"3":{"title":"Rashtriya Sahara - Kanpur","price":"250"},"4":{"title":"Rashtriya Sahara - Lucknow","price":"350"},"5":{"title":"Rashtriya Sahara - Patna","price":"250"},"6":{"title":"Rashtriya Sahara - Varanasi","price":"250"}},"public tender notices":{"0":{"title":"Rashtriya Sahara - All Edition","price":"1375"},"1":{"title":"Rashtriya Sahara - Dehradun","price":"250"},"2":{"title":"Rashtriya sahara - Delhi Ncr","price":"400"},"3":{"title":"Rashtriya Sahara - Gorakhpur","price":"250"},"4":{"title":"Rashtriya Sahara - Kanpur","price":"250"},"5":{"title":"Rashtriya Sahara - Lucknow","price":"350"},"6":{"title":"Rashtriya Sahara - Patna","price":"250"},"7":{"title":"Rashtriya Sahara - Varanasi","price":"250"}},"Services":{"0":{"title":"Rashtriya Sahara - All Edition","price":"1375"},"1":{"title":"Rashtriya Sahara - Dehradun","price":"250"},"2":{"title":"Rashtriya sahara - Delhi Ncr","price":"400"},"3":{"title":"Rashtriya Sahara - Gorakhpur","price":"250"},"4":{"title":"Rashtriya Sahara - Kanpur","price":"250"},"5":{"title":"Rashtriya Sahara - Lucknow","price":"350"},"6":{"title":"Rashtriya Sahara - Patna","price":"250"},"7":{"title":"Rashtriya Sahara - Varanasi","price":"250"}},"Retail/Shopping":{"0":{"title":"Rashtriya Sahara - All Edition","price":"1375"},"1":{"title":"Rashtriya Sahara - Dehradun","price":"250"},"2":{"title":"Rashtriya sahara - Delhi Ncr","price":"400"},"3":{"title":"Rashtriya Sahara - Gorakhpur","price":"250"},"4":{"title":"Rashtriya Sahara - Kanpur","price":"250"},"5":{"title":"Rashtriya Sahara - Lucknow","price":"350"},"6":{"title":"Rashtriya Sahara - Patna","price":"250"},"7":{"title":"Rashtriya Sahara - Varanasi","price":"250"}},"Personal Announcement":{"0":{"title":"Rashtriya Sahara - All Edition","price":"1375"},"1":{"title":"Rashtriya Sahara - Dehradun","price":"250"},"2":{"title":"Rashtriya sahara - Delhi Ncr","price":"400"},"3":{"title":"Rashtriya Sahara - Gorakhpur","price":"250"},"4":{"title":"Rashtriya Sahara - Kanpur","price":"250"},"5":{"title":"Rashtriya Sahara - Lucknow","price":"350"},"6":{"title":"Rashtriya Sahara - Patna","price":"250"},"7":{"title":"Rashtriya Sahara - Varanasi","price":"250"}},"Computers and Hardware":{"0":{"title":"Rashtriya Sahara - All Edition","price":"1375"},"1":{"title":"Rashtriya Sahara - Dehradun","price":"250"},"2":{"title":"Rashtriya sahara - Delhi Ncr","price":"400"},"3":{"title":"Rashtriya Sahara - Gorakhpur","price":"250"},"4":{"title":"Rashtriya Sahara - Kanpur","price":"250"},"5":{"title":"Rashtriya Sahara - Lucknow","price":"350"},"6":{"title":"Rashtriya Sahara - Patna","price":"250"},"7":{"title":"Rashtriya Sahara - Varanasi","price":"250"}},"Astrology":{"0":{"title":"Rashtriya Sahara - All Edition","price":"1375"},"1":{"title":"Rashtriya Sahara - Dehradun","price":"250"},"2":{"title":"Rashtriya sahara - Delhi Ncr","price":"400"},"3":{"title":"Rashtriya Sahara - Gorakhpur","price":"250"},"4":{"title":"Rashtriya Sahara - Kanpur","price":"250"},"5":{"title":"Rashtriya Sahara - Lucknow","price":"350"},"6":{"title":"Rashtriya Sahara - Patna","price":"250"},"7":{"title":"Rashtriya Sahara - Varanasi","price":"250"}},"Vehicles Automobiles":{"0":{"title":"Rashtriya Sahara - Dehradun","price":"250"},"1":{"title":"Rashtriya sahara - Delhi Ncr","price":"400"},"2":{"title":"Rashtriya Sahara - Gorakhpur","price":"250"},"3":{"title":"Rashtriya Sahara - Kanpur","price":"250"},"4":{"title":"Rashtriya Sahara - Lucknow","price":"350"},"5":{"title":"Rashtriya Sahara - Patna","price":"250"},"6":{"title":"Rashtriya Sahara - Varanasi","price":"250"}},"Tours and Travel":{"0":{"title":"Rashtriya Sahara - Dehradun","price":"250"},"1":{"title":"Rashtriya sahara - Delhi Ncr","price":"400"},"2":{"title":"Rashtriya Sahara - Gorakhpur","price":"250"},"3":{"title":"Rashtriya Sahara - Kanpur","price":"250"},"4":{"title":"Rashtriya Sahara - Lucknow","price":"350"},"5":{"title":"Rashtriya Sahara - Patna","price":"250"},"6":{"title":"Rashtriya Sahara - Varanasi","price":"250"}},"Property-Rental":{"0":{"title":"Rashtriya Sahara - Dehradun","price":"250"},"1":{"title":"Rashtriya sahara - Delhi Ncr","price":"400"},"2":{"title":"Rashtriya Sahara - Gorakhpur","price":"250"},"3":{"title":"Rashtriya Sahara - Kanpur","price":"250"},"4":{"title":"Rashtriya Sahara - Lucknow","price":"350"},"5":{"title":"Rashtriya Sahara - Patna","price":"250"},"6":{"title":"Rashtriya Sahara - Varanasi","price":"250"}},"Entertainment":{"0":{"title":"Rashtriya Sahara - Dehradun","price":"250"},"1":{"title":"Rashtriya sahara - Delhi Ncr","price":"400"},"2":{"title":"Rashtriya Sahara - Gorakhpur","price":"250"},"3":{"title":"Rashtriya Sahara - Kanpur","price":"250"},"4":{"title":"Rashtriya Sahara - Lucknow","price":"350"},"5":{"title":"Rashtriya Sahara - Patna","price":"250"},"6":{"title":"Rashtriya Sahara - Varanasi","price":"250"}},"Real Estate Selling":{"0":{"title":"Rashtriya Sahara - Dehradun","price":"250"},"1":{"title":"Rashtriya sahara - Delhi Ncr","price":"400"},"2":{"title":"Rashtriya sahara - Delhi Ncr","price":"400"},"3":{"title":"Rashtriya Sahara - Gorakhpur","price":"250"},"4":{"title":"Rashtriya Sahara - Kanpur","price":"250"},"5":{"title":"Rashtriya Sahara - Lucknow","price":"350"},"6":{"title":"Rashtriya Sahara - Patna","price":"250"}},"Beauty & Wellness":{"0":{"title":"Rashtriya Sahara - All Edition","price":"1375"},"1":{"title":"Rashtriya Sahara - Dehradun","price":"250"},"2":{"title":"Rashtriya sahara - Delhi Ncr","price":"400"},"3":{"title":"Rashtriya Sahara - Gorakhpur","price":"250"},"4":{"title":"Rashtriya Sahara - Kanpur","price":"250"},"5":{"title":"Rashtriya Sahara - Lucknow","price":"350"},"6":{"title":"Rashtriya Sahara - Patna","price":"250"},"7":{"title":"Rashtriya Sahara - Varanasi","price":"250"}},"Call Centre Employees":{"0":{"title":"Rashtriya Sahara - All Edition","price":"1375"},"1":{"title":"Rashtriya Sahara - Dehradun","price":"250"},"2":{"title":"Rashtriya sahara - Delhi Ncr","price":"400"},"3":{"title":"Rashtriya Sahara - Gorakhpur","price":"250"},"4":{"title":"Rashtriya Sahara - Kanpur","price":"250"},"5":{"title":"Rashtriya Sahara - Lucknow","price":"350"},"6":{"title":"Rashtriya Sahara - Patna","price":"250"},"7":{"title":"Rashtriya Sahara - Varanasi","price":"250"}},"Prajapati":{"0":{"title":"Rashtriya Sahara - All Edition","price":"1375"},"1":{"title":"Rashtriya Sahara - Dehradun","price":"250"},"2":{"title":"Rashtriya sahara - Delhi Ncr","price":"400"},"3":{"title":"Rashtriya Sahara - Gorakhpur","price":"250"},"4":{"title":"Rashtriya Sahara - Kanpur","price":"250"},"5":{"title":"Rashtriya Sahara - Lucknow","price":"350"},"6":{"title":"Rashtriya Sahara - Patna","price":"250"},"7":{"title":"Rashtriya Sahara - Varanasi","price":"250"}},"Bungalow For Sale":{"0":{"title":"Rashtriya Sahara - All Edition","price":"1375"},"1":{"title":"Rashtriya Sahara - Dehradun","price":"250"},"2":{"title":"Rashtriya sahara - Delhi Ncr","price":"250"},"3":{"title":"Rashtriya Sahara - Kanpur","price":"250"},"4":{"title":"Rashtriya Sahara - Lucknow","price":"350"},"5":{"title":"Rashtriya Sahara - Patna","price":"250"},"6":{"title":"Rashtriya Sahara - Varanasi","price":"250"},"7":{"title":"Rashtriya Sahara - Varanasi","price":"250"}},"For Rent/Lease/To Let":{"0":{"title":"Rashtriya Sahara - All Edition","price":"1375"},"1":{"title":"Rashtriya Sahara - Dehradun","price":"250"},"2":{"title":"Rashtriya sahara - Delhi Ncr","price":"400"},"3":{"title":"Rashtriya Sahara - Gorakhpur","price":"250"},"4":{"title":"Rashtriya Sahara - Kanpur","price":"250"},"5":{"title":"Rashtriya Sahara - Lucknow","price":"350"},"6":{"title":"Rashtriya Sahara - Patna","price":"250"},"7":{"title":"Rashtriya Sahara - Varanasi","price":"250"}},"Outright Sale":{"0":{"title":"Rashtriya Sahara - All Edition","price":"1375"},"1":{"title":"Rashtriya Sahara - Dehradun","price":"250"},"2":{"title":"Rashtriya sahara - Delhi Ncr","price":"400"},"3":{"title":"Rashtriya Sahara - Gorakhpur","price":"250"},"4":{"title":"Rashtriya Sahara - Kanpur","price":"250"},"5":{"title":"Rashtriya Sahara - Lucknow","price":"350"},"6":{"title":"Rashtriya Sahara - Patna","price":"250"},"7":{"title":"Rashtriya Sahara - Varanasi","price":"250"}},"Property Others":{"0":{"title":"Rashtriya Sahara - All Edition","price":"1375"},"1":{"title":"Rashtriya Sahara - Dehradun","price":"250"},"2":{"title":"Rashtriya sahara - Delhi Ncr","price":"400"},"3":{"title":"Rashtriya Sahara - Gorakhpur","price":"250"},"4":{"title":"Rashtriya Sahara - Kanpur","price":"250"},"5":{"title":"Rashtriya Sahara - Lucknow","price":"350"},"6":{"title":"Rashtriya Sahara - Patna","price":"250"},"7":{"title":"Rashtriya Sahara - Varanasi","price":"250"}},"SMS CAMPAIGN":{"0":{"title":"Rashtriya Sahara - All Edition","price":"1375"},"1":{"title":"Rashtriya Sahara - Dehradun","price":"250"},"2":{"title":"Rashtriya sahara - Delhi Ncr","price":"400"},"3":{"title":"Rashtriya Sahara - Gorakhpur","price":"250"},"4":{"title":"Rashtriya Sahara - Kanpur","price":"250"},"5":{"title":"Rashtriya Sahara - Lucknow","price":"350"},"6":{"title":"Rashtriya Sahara - Patna","price":"250"},"7":{"title":"Rashtriya Sahara - Varanasi","price":"250"}}}