{"Education":{"0":{"title":"Saamna - Mumbai","price":"648"}},"property real estate":{"0":{"title":"Saamna - Mumbai","price":"648"}},"Lost and Found":{"0":{"title":"Saamna - Mumbai","price":"648"}},"Business":{"0":{"title":"Saamna - Mumbai","price":"648"}},"Obituary(Death Announcement)":{"0":{"title":"Saamna - Mumbai","price":"648"}},"Remembrance(Unforgettable)":{"0":{"title":"Saamna - Mumbai","price":"648"}},"public tender notices":{"0":{"title":"Saamna - Mumbai","price":"648"}},"Services":{"0":{"title":"Saamna - Mumbai","price":"648"}},"Retail/Shopping":{"0":{"title":"Saamna - Mumbai","price":"648"}},"Personal Announcement":{"0":{"title":"Saamna - Mumbai","price":"648"}},"Computers and Hardware":{"0":{"title":"Saamna - Mumbai","price":"648"}},"Astrology":{"0":{"title":"Saamna - Mumbai","price":"648"}},"Vehicles Automobiles":{"0":{"title":"Saamna - Mumbai","price":"648"}},"Tours and Travel":{"0":{"title":"Saamna - Mumbai","price":"648"}},"Property-Rental":{"0":{"title":"Saamna - Mumbai","price":"648"}},"Entertainment":{"0":{"title":"Saamna - Mumbai","price":"648"}},"Real Estate Selling":{"0":{"title":"Saamna - Mumbai","price":"648"}},"Beauty & Wellness":{"0":{"title":"Saamna - Mumbai","price":"648"}},"Call Centre Employees":{"0":{"title":"Saamna - Mumbai","price":"648"}},"Prajapati":{"0":{"title":"Saamna - Mumbai","price":"648"}},"Bungalow For Sale":{"0":{"title":"Saamna - Mumbai","price":"648"}},"For Rent/Lease/To Let":{"0":{"title":"Saamna - Mumbai","price":"648"}},"Outright Sale":{"0":{"title":"Saamna - Mumbai","price":"648"}},"Property Others":{"0":{"title":"Saamna - Mumbai","price":"648"}},"SMS CAMPAIGN":{"0":{"title":"Saamna - Mumbai","price":"648"}}}