{"Matrimonial":{"0":{"title":"Sakal - Pune","price":"1650"}},"Marriage Bureau":{"0":{"title":"Sakal - Pune","price":"1650"}},"Change of Name":{"0":{"title":"Sakal - Pune","price":"1650"}},"Recruitment job":{"0":{"title":"Sakal - Pune","price":"1650"}},"Education":{"0":{"title":"Sakal - Pune","price":"1650"}},"property real estate":{"0":{"title":"Sakal - Pune","price":"1650"}},"Lost and Found":{"0":{"title":"Sakal - Pune","price":"1650"}},"Business":{"0":{"title":"Sakal - Pune","price":"1650"}},"Obituary(Death Announcement)":{"0":{"title":"Sakal - Pune","price":"1650"}},"Remembrance(Unforgettable)":{"0":{"title":"Sakal - Pune","price":"1650"}},"public tender notices":{"0":{"title":"Sakal - Pune","price":"1650"}},"Services":{"0":{"title":"Sakal - Pune","price":"1650"}},"Retail/Shopping":{"0":{"title":"Sakal - Pune","price":"1650"}},"Personal Announcement":{"0":{"title":"Sakal - Pune","price":"1650"}},"Computers and Hardware":{"0":{"title":"Sakal - Pune","price":"1650"}},"Astrology":{"0":{"title":"Sakal - Pune","price":"1650"}},"Vehicles Automobiles":{"0":{"title":"Sakal - Pune","price":"1650"}},"Tours and Travel":{"0":{"title":"Sakal - Pune","price":"1650"}},"Property-Rental":{"0":{"title":"Sakal - Pune","price":"1650"}},"Entertainment":{"0":{"title":"Sakal - Pune","price":"1650"}},"Real Estate Selling":{"0":{"title":"Sakal - Pune","price":"1650"}},"Beauty & Wellness":{"0":{"title":"Sakal - Pune","price":"1650"}},"Call Centre Employees":{"0":{"title":"Sakal - Pune","price":"1650"}},"Prajapati":{"0":{"title":"Sakal - Pune","price":"1907"}},"Bungalow For Sale":{"0":{"title":"Sakal - Pune + Pimpri Chinchwad + Ahmednagar","price":"1907"},"1":{"title":"Sakal - Mumbai, Navi Mumbai, Thane and Raigad","price":"1125"},"2":{"title":"Sakal - Kolhapur Editions","price":"622"},"3":{"title":"Sakal - Aurangabad + Marathwada","price":"705"},"4":{"title":"Sakal - Jalgaon Edition","price":"232"},"5":{"title":"Sakal - Nagpur Edition","price":"195"},"6":{"title":"Sakal - All Editions","price":"5450"},"7":{"title":"Sakal - Belgaum","price":"165"},"8":{"title":"Sakal - Mumbai","price":"1135"},"9":{"title":"Sakal - Nashik","price":"405"},"10":{"title":"Sakal - Pune","price":"1650"},"11":{"title":"Sakal - Satara","price":"165"}}}