{"Change of Name":{"0":{"title":"Sakshi - Hyderabad","price":"450"},"1":{"title":"Sakshi - Nellore","price":"450"},"2":{"title":"Sakshi -Rajahmundry","price":"350"}},"Recruitment job":{"0":{"title":"Sakshi - Hyderabad","price":"450"},"1":{"title":"Sakshi - Nellore","price":"450"},"2":{"title":"Sakshi -Rajahmundry","price":"350"},"3":{"title":"Sakshi-Tirupati","price":"450"},"4":{"title":"Sakshi-Visakhapatnam","price":"450"},"5":{"title":"Sakshi-Warangal","price":"450"}},"Education":{"0":{"title":"Sakshi - Hyderabad","price":"450"},"1":{"title":"Sakshi - Nellore","price":"450"},"2":{"title":"Sakshi -Rajahmundry","price":"350"},"3":{"title":"Sakshi-Tirupati","price":"450"},"4":{"title":"Sakshi-Visakhapatnam","price":"450"},"5":{"title":"Sakshi-Warangal","price":"450"}},"property real estate":{"0":{"title":"Sakshi - Hyderabad","price":"450"},"1":{"title":"Sakshi - Nellore","price":"450"},"2":{"title":"Sakshi -Rajahmundry","price":"350"},"3":{"title":"Sakshi-Tirupati","price":"450"},"4":{"title":"Sakshi-Visakhapatnam","price":"450"},"5":{"title":"Sakshi-Warangal","price":"450"}},"Lost and Found":{"0":{"title":"Sakshi - Hyderabad","price":"450"},"1":{"title":"Sakshi - Nellore","price":"450"},"2":{"title":"Sakshi -Rajahmundry","price":"350"},"3":{"title":"Sakshi-Tirupati","price":"450"},"4":{"title":"Sakshi-Visakhapatnam","price":"450"},"5":{"title":"Sakshi-Warangal","price":"450"}},"Business":{"0":{"title":"Sakshi - Hyderabad","price":"450"},"1":{"title":"Sakshi - Nellore","price":"450"},"2":{"title":"Sakshi -Rajahmundry","price":"350"},"3":{"title":"Sakshi-Tirupati","price":"450"},"4":{"title":"Sakshi-Visakhapatnam","price":"450"},"5":{"title":"Sakshi-Warangal","price":"450"}},"Obituary(Death Announcement)":{"0":{"title":"Sakshi - Hyderabad","price":"450"},"1":{"title":"Sakshi - Nellore","price":"450"},"2":{"title":"Sakshi -Rajahmundry","price":"350"},"3":{"title":"Sakshi-Tirupati","price":"450"},"4":{"title":"Sakshi-Visakhapatnam","price":"450"},"5":{"title":"Sakshi-Warangal","price":"450"}}}