{"Recruitment job":{"0":{"title":"Samachar Jagat - Jaipur","price":"400"}},"Education":{"0":{"title":"Samachar Jagat - Jaipur","price":"400"}},"property real estate":{"0":{"title":"Samachar Jagat - Jaipur","price":"400"}},"Lost and Found":{"0":{"title":"Samachar Jagat - Jaipur","price":"400"}},"Business":{"0":{"title":"Samachar Jagat - Jaipur","price":"400"}},"Obituary(Death Announcement)":{"0":{"title":"Samachar Jagat - Jaipur","price":"400"}},"Remembrance(Unforgettable)":{"0":{"title":"Samachar Jagat - Jaipur","price":"400"}},"public tender notices":{"0":{"title":"Samachar Jagat - Jaipur","price":"400"}},"Services":{"0":{"title":"Samachar Jagat - Jaipur","price":"400"}},"Retail/Shopping":{"0":{"title":"Samachar Jagat - Jaipur","price":"400"}},"Personal Announcement":{"0":{"title":"Samachar Jagat - Jaipur","price":"400"}},"Computers and Hardware":{"0":{"title":"Samachar Jagat - Jaipur","price":"400"}},"Astrology":{"0":{"title":"Samachar Jagat - Jaipur","price":"400"}},"Vehicles Automobiles":{"0":{"title":"Samachar Jagat - Jaipur","price":"400"}},"Tours and Travel":{"0":{"title":"Samachar Jagat - Jaipur","price":"400"}},"Property-Rental":{"0":{"title":"Samachar Jagat - Jaipur","price":"400"}},"Entertainment":{"0":{"title":"Samachar Jagat - Jaipur","price":"400"}},"Real Estate Selling":{"0":{"title":"Samachar Jagat - Jaipur","price":"400"}},"Beauty & Wellness":{"0":{"title":"Samachar Jagat - Jaipur","price":"400"}},"Call Centre Employees":{"0":{"title":"Samachar Jagat - Jaipur","price":"400"}},"Prajapati":{"0":{"title":"Samachar Jagat - Jaipur","price":"400"}},"Bungalow For Sale":{"0":{"title":"Samachar Jagat - Jaipur","price":"400"}},"For Rent/Lease/To Let":{"0":{"title":"Samachar Jagat - Jaipur","price":"400"}},"Outright Sale":{"0":{"title":"Samachar Jagat - Jaipur","price":"400"}},"Property Others":{"0":{"title":"Samachar Jagat - Jaipur","price":"400"}},"SMS CAMPAIGN":{"0":{"title":"Samachar Jagat - Jaipur","price":"400"}}}