{"Matrimonial":{"0":{"title":"Sandesh - All Editions","price":"600"}},"Marriage Bureau":{"0":{"title":"Sandesh - All Editions","price":"600"}},"Change of Name":{"0":{"title":"Sandesh - All Editions","price":"600"}},"Recruitment job":{"0":{"title":"Sandesh - All Editions","price":"600"}},"Education":{"0":{"title":"Sandesh - All Editions","price":"600"}},"property real estate":{"0":{"title":"Sandesh - All Editions","price":"600"}},"Lost and Found":{"0":{"title":"Sandesh - All Editions","price":"600"}},"Business":{"0":{"title":"Sandesh - All Editions","price":"600"}},"Obituary(Death Announcement)":{"0":{"title":"Sandesh - All Editions","price":"600"}},"Remembrance(Unforgettable)":{"0":{"title":"Sandesh - All Editions","price":"600"}},"public tender notices":{"0":{"title":"Sandesh - All Editions","price":"600"}},"Services":{"0":{"title":"Sandesh - All Editions","price":"600"}},"Retail/Shopping":{"0":{"title":"Sandesh - All Editions","price":"600"}},"Personal Announcement":{"0":{"title":"Sandesh - All Editions","price":"600"}},"Computers and Hardware":{"0":{"title":"Sandesh - All Editions","price":"600"}},"Astrology":{"0":{"title":"Sandesh - All Editions","price":"600"}},"Vehicles Automobiles":{"0":{"title":"Sandesh - All Editions","price":"600"}},"Tours and Travel":{"0":{"title":"Sandesh - All Editions","price":"600"}},"Property-Rental":{"0":{"title":"Sandesh - All Editions","price":"600"}},"Entertainment":{"0":{"title":"Sandesh - All Editions","price":"600"}},"Real Estate Selling":{"0":{"title":"Sandesh - All Editions","price":"600"}},"Beauty & Wellness":{"0":{"title":"Sandesh - All Editions","price":"600"}},"Call Centre Employees":{"0":{"title":"Sandesh - All Editions","price":"600"}},"Prajapati":{"0":{"title":"Sandesh - All Editions","price":"600"}},"Bungalow For Sale":{"0":{"title":"Sandesh - All Editions","price":"600"},"1":{"title":"Sandesh - All Gujarat Editions","price":"1840"}},"For Rent/Lease/To Let":{"0":{"title":"Sandesh - All Editions","price":"600"},"1":{"title":"Sandesh - All Gujarat Editions","price":"1840"}},"Outright Sale":{"0":{"title":"Sandesh - Ahmedabad","price":"500"},"1":{"title":"Sandesh - Baroda","price":"400"}},"Property Others":{"0":{"title":"Sandesh - Ahmedabad","price":"500"},"1":{"title":"Sandesh - Baroda","price":"400"}},"SMS CAMPAIGN":{"0":{"title":"Sandesh - Ahmedabad","price":"500"},"1":{"title":"Sandesh - Baroda","price":"400"}}}