{"Matrimonial":{"0":{"title":"Ghunghat Package:\nNavbharat Times - Delhi NCR, Lucknow, Mumbai\n+ Sandhya Times - Delhi","price":"1450"}},"Marriage Bureau":{"0":{"title":"Ghunghat Package:\nNavbharat Times - Delhi NCR, Lucknow, Mumbai\n+ Sandhya Times - Delhi","price":"1450"}},"Change of Name":{"0":{"title":"Ghunghat Package:\nNavbharat Times - Delhi NCR, Lucknow, Mumbai\n+ Sandhya Times - Delhi","price":"1450"}},"Recruitment job":{"0":{"title":"Ghunghat Package:\nNavbharat Times - Delhi NCR, Lucknow, Mumbai\n+ Sandhya Times - Delhi","price":"1450"}},"Education":{"0":{"title":"Ghunghat Package:\nNavbharat Times - Delhi NCR, Lucknow, Mumbai\n+ Sandhya Times - Delhi","price":"1450"}},"property real estate":{"0":{"title":"Ghunghat Package:\nNavbharat Times - Delhi NCR, Lucknow, Mumbai\n+ Sandhya Times - Delhi","price":"1450"}},"Lost and Found":{"0":{"title":"Ghunghat Package:\nNavbharat Times - Delhi NCR, Lucknow, Mumbai\n+ Sandhya Times - Delhi","price":"1450"}},"Business":{"0":{"title":"Ghunghat Package:\nNavbharat Times - Delhi NCR, Lucknow, Mumbai\n+ Sandhya Times - Delhi","price":"1450"}},"Obituary(Death Announcement)":{"0":{"title":"Ghunghat Package:\nNavbharat Times - Delhi NCR, Lucknow, Mumbai\n+ Sandhya Times - Delhi","price":"1450"}},"Remembrance(Unforgettable)":{"0":{"title":"Ghunghat Package:\nNavbharat Times - Delhi NCR, Lucknow, Mumbai\n+ Sandhya Times - Delhi","price":"1450"}},"public tender notices":{"0":{"title":"Ghunghat Package:\nNavbharat Times - Delhi NCR, Lucknow, Mumbai\n+ Sandhya Times - Delhi","price":"1450"}},"Services":{"0":{"title":"Ghunghat Package:\nNavbharat Times - Delhi NCR, Lucknow, Mumbai\n+ Sandhya Times - Delhi","price":"1450"}},"Retail/Shopping":{"0":{"title":"Ghunghat Package:\nNavbharat Times - Delhi NCR, Lucknow, Mumbai\n+ Sandhya Times - Delhi","price":"1450"}},"Personal Announcement":{"0":{"title":"Ghunghat Package:\nNavbharat Times - Delhi NCR, Lucknow, Mumbai\n+ Sandhya Times - Delhi","price":"1450"}},"Computers and Hardware":{"0":{"title":"Ghunghat Package:\nNavbharat Times - Delhi NCR, Lucknow, Mumbai\n+ Sandhya Times - Delhi","price":"1450"}},"Astrology":{"0":{"title":"Ghunghat Package:\nNavbharat Times - Delhi NCR, Lucknow, Mumbai\n+ Sandhya Times - Delhi","price":"1450"}},"Vehicles Automobiles":{"0":{"title":"Ghunghat Package: Navbharat Times - Delhi NCR, Lucknow, Mumbai + Sandhya Times - Delhi\n","price":"1450"}},"Tours and Travel":{"0":{"title":"Ghunghat Package:\nNavbharat Times - Delhi NCR, Lucknow, Mumbai\n+ Sandhya Times - Delhi","price":"1450"}},"Property-Rental":{"0":{"title":"Ghunghat Package:\nNavbharat Times - Delhi NCR, Lucknow, Mumbai\n+ Sandhya Times - Delhi","price":"1450"}},"Entertainment":{"0":{"title":"Ghunghat Package:\nNavbharat Times - Delhi NCR, Lucknow, Mumbai\n+ Sandhya Times - Delhi","price":"1450"}},"Real Estate Selling":{"0":{"title":"Navbharat Times (Weekday + Sunday) + Sandhya Times - Delhi Ncr","price":"2000"},"1":{"title":"Sandhya Times - Delhi\n(Only For Testing)","price":"300"},"2":{"title":"Sandhya Times - Delhi\n(Only For Testing)","price":"300"}},"Beauty & Wellness":{"0":{"title":"The Times of India (Sndy, Wkdy) + Education Times + Navbharat Times + The Economic Times + Sandhya Times- Delhi NCR","price":"5500"},"1":{"title":"Navbharat Times + Sandhya Times - Delhi & Ncr","price":"2000"},"2":{"title":"Sandhya Times - Delhi\n(Only For Testing)","price":"300"}},"Call Centre Employees":{"0":{"title":"The Times of India (Sndy, Wkdy) + Education Times + Navbharat Times + The Economic Times + Sandhya Times- Delhi NCR","price":"5500"},"1":{"title":"Navbharat Times + Sandhya Times - Delhi & Ncr","price":"2000"},"2":{"title":"Sandhya Times - Delhi\n(Only For Testing)","price":"300"}},"Prajapati":{"0":{"title":"The Times of India (Sndy, Wkdy) + Education Times + Navbharat Times + The Economic Times + Sandhya Times- Delhi NCR","price":"5500"},"1":{"title":"Navbharat Times + Sandhya Times - Delhi & Ncr","price":"2000"},"2":{"title":"Sandhya Times - Delhi\n(Only For Testing)","price":"300"}},"Bungalow For Sale":{"0":{"title":"The Times of India (Sndy, Wkdy) + Education Times + Navbharat Times + The Economic Times + Sandhya Times- Delhi NCR","price":"5500"},"1":{"title":"Navbharat Times + Sandhya Times - Delhi & Ncr","price":"2000"},"2":{"title":"Sandhya Times - Delhi\n(Only For Testing)","price":"300"}},"For Rent/Lease/To Let":{"0":{"title":"The Times of India (Sndy, Wkdy) + Education Times + Navbharat Times + The Economic Times + Sandhya Times- Delhi NCR","price":"5500"},"1":{"title":"Navbharat Times + Sandhya Times - Delhi & Ncr","price":"2000"},"2":{"title":"Sandhya Times - Delhi\n(Only For Testing)","price":"300"}},"Outright Sale":{"0":{"title":"The Times of India (Sndy, Wkdy) + Education Times + Navbharat Times + The Economic Times + Sandhya Times- Delhi NCR","price":"4650"},"1":{"title":"The Times of India (Fri, Sun), Property Times (Sat), SNTD (Any Day), Navbharat Times, Economic Times (Fri) - Delhi NCR","price":"6000"},"2":{"title":"Sandhya Times - Delhi\n(Only For Testing)","price":"300"}},"Property Others":{"0":{"title":"The Times of India (Fri, Sun), Property Times (Sat), SNTD (Any Day), Navbharat Times, Economic Times (Fri) - Delhi NCR","price":"4650"},"1":{"title":"The Times of India (Fri, Sun), Property Times (Sat), SNTD (Any Day), Navbharat Times, Economic Times (Fri) - Delhi NCR","price":"6000"},"2":{"title":"Sandhya Times - Delhi\n(Only For Testing)","price":"300"}},"SMS CAMPAIGN":{"0":{"title":"The Times of India (Fri, Sun), Property Times (Sat), SNTD (Any Day), Navbharat Times, Economic Times (Fri) - Delhi NCR","price":"4650"},"1":{"title":"The Times of India (Fri, Sun), Property Times (Sat), SNTD (Any Day), Navbharat Times, Economic Times (Fri) - Delhi NCR","price":"6000"},"2":{"title":"Sandhya Times - Delhi\n(Only For Testing)","price":"300"}}}