{"Education":{"0":{"title":"Sandhyanand - Pune","price":"550"}},"property real estate":{"0":{"title":"Sandhyanand - Pune","price":"550"}},"Lost and Found":{"0":{"title":"Sandhyanand - Pune","price":"550"}},"Business":{"0":{"title":"Sandhyanand - Pune","price":"550"}},"Obituary(Death Announcement)":{"0":{"title":"Sandhyanand - Pune","price":"550"}},"Remembrance(Unforgettable)":{"0":{"title":"Sandhyanand - Pune","price":"550"}},"public tender notices":{"0":{"title":"Sandhyanand - Pune","price":"550"}},"Services":{"0":{"title":"Sandhyanand - Pune","price":"550"}},"Retail/Shopping":{"0":{"title":"Sandhyanand - Pune","price":"550"}},"Personal Announcement":{"0":{"title":"Sandhyanand - Pune","price":"550"}},"Computers and Hardware":{"0":{"title":"Sandhyanand - Pune","price":"550"}},"Astrology":{"0":{"title":"Sandhyanand - Pune","price":"550"}},"Vehicles Automobiles":{"0":{"title":"Sandhyanand - Pune","price":"550"}},"Tours and Travel":{"0":{"title":"Sandhyanand - Pune","price":"550"}},"Property-Rental":{"0":{"title":"Sandhyanand - Pune","price":"550"}},"Entertainment":{"0":{"title":"Sandhyanand - Pune","price":"550"}},"Real Estate Selling":{"0":{"title":"Sandhyanand - Pune","price":"550"}},"Beauty & Wellness":{"0":{"title":"Sandhyanand - Pune","price":"550"}},"Call Centre Employees":{"0":{"title":"Sandhyanand - Pune","price":"550"}},"Prajapati":{"0":{"title":"Sandhyanand - Pune","price":"550"}},"Bungalow For Sale":{"0":{"title":"Sandhyanand - Pune","price":"550"}},"For Rent/Lease/To Let":{"0":{"title":"Sandhyanand - Pune","price":"550"}},"Outright Sale":{"0":{"title":"Sandhyanand - Pune","price":"550"}},"Property Others":{"0":{"title":"Sandhyanand - Pune","price":"550"}},"SMS CAMPAIGN":{"0":{"title":"Sandhyanand - Pune","price":"550"}}}