{"Education":{"0":{"title":"Sanmarg - Kolkata","price":"495"}},"property real estate":{"0":{"title":"Sanmarg - Kolkata","price":"495"}},"Lost and Found":{"0":{"title":"Sanmarg - Kolkata","price":"495"}},"Business":{"0":{"title":"Sanmarg - Kolkata","price":"495"}},"Obituary(Death Announcement)":{"0":{"title":"Sanmarg - Kolkata","price":"495"}},"Remembrance(Unforgettable)":{"0":{"title":"Sanmarg - Kolkata","price":"495"}},"public tender notices":{"0":{"title":"Sanmarg - Kolkata","price":"495"}},"Services":{"0":{"title":"Sanmarg - Kolkata","price":"495"}},"Retail/Shopping":{"0":{"title":"Sanmarg - Kolkata","price":"495"}},"Personal Announcement":{"0":{"title":"Sanmarg - Kolkata","price":"495"}},"Computers and Hardware":{"0":{"title":"Sanmarg - Kolkata","price":"495"}},"Astrology":{"0":{"title":"Sanmarg - Kolkata","price":"495"}},"Vehicles Automobiles":{"0":{"title":"Sanmarg - Kolkata","price":"495"}},"Tours and Travel":{"0":{"title":"Sanmarg - Kolkata","price":"495"}},"Property-Rental":{"0":{"title":"Sanmarg - Kolkata","price":"495"}},"Entertainment":{"0":{"title":"Sanmarg - Kolkata","price":"495"}},"Real Estate Selling":{"0":{"title":"Sanmarg - Kolkata","price":"495"}},"Beauty & Wellness":{"0":{"title":"Sanmarg - Kolkata","price":"495"}},"Call Centre Employees":{"0":{"title":"Sanmarg - Kolkata","price":"495"}},"Prajapati":{"0":{"title":"Sanmarg - Kolkata","price":"495"}},"Bungalow For Sale":{"0":{"title":"Sanmarg - Kolkata","price":"495"}},"For Rent/Lease/To Let":{"0":{"title":"Sanmarg - Kolkata","price":"495"}},"Outright Sale":{"0":{"title":"Sanmarg - Kolkata","price":"495"}}}