{"Education":{"0":{"title":"Shillong Time - Shillong","price":"4200"}},"property real estate":{"0":{"title":"Shillong Time - Shillong","price":"4200"}},"Lost and Found":{"0":{"title":"Shillong Time - Shillong","price":"4200"}},"Business":{"0":{"title":"Shillong Time - Shillong","price":"4200"}},"Obituary(Death Announcement)":{"0":{"title":"Shillong Time - Shillong","price":"4200"}},"Remembrance(Unforgettable)":{"0":{"title":"Shillong Time - Shillong","price":"4200"}},"public tender notices":{"0":{"title":"Shillong Time - Shillong","price":"4200"}},"Services":{"0":{"title":"Shillong Time - Shillong","price":"4200"}},"Retail/Shopping":{"0":{"title":"Shillong Time - Shillong","price":"4200"}},"Personal Announcement":{"0":{"title":"Shillong Time - Shillong","price":"4200"}},"Computers and Hardware":{"0":{"title":"Shillong Time - Shillong","price":"4200"}},"Astrology":{"0":{"title":"Shillong Time - Shillong","price":"4200"}},"Vehicles Automobiles":{"0":{"title":"Shillong Time - Shillong","price":"4200"}},"Tours and Travel":{"0":{"title":"Shillong Time - Shillong","price":"4200"}},"Property-Rental":{"0":{"title":"Shillong Time - Shillong","price":"4200"}},"Entertainment":{"0":{"title":"Shillong Time - Shillong","price":"4200"}},"Real Estate Selling":{"0":{"title":"Shillong Time - Shillong","price":"4200"}},"Beauty & Wellness":{"0":{"title":"Shillong Time - Shillong","price":"4200"}},"Call Centre Employees":{"0":{"title":"Shillong Time - Shillong","price":"4200"}},"Prajapati":{"0":{"title":"Shillong Time - Shillong","price":"4200"}}}