{"property real estate":{"0":{"title":"Star of Mysore + Mysooru Mithra - Mysore","price":"7200"}},"Lost and Found":{"0":{"title":"Star of Mysore + Mysooru Mithra - Mysore","price":"7200"}},"Business":{"0":{"title":"Star of Mysore + Mysooru Mithra - Mysore","price":"7200"}},"Obituary(Death Announcement)":{"0":{"title":"Star of Mysore + Mysooru Mithra - Mysore","price":"7200"}},"Remembrance(Unforgettable)":{"0":{"title":"Star of Mysore + Mysooru Mithra - Mysore","price":"7200"}},"public tender notices":{"0":{"title":"Star of Mysore + Mysooru Mithra - Mysore","price":"7200"}},"Services":{"0":{"title":"Star of Mysore + Mysooru Mithra - Mysore","price":"7200"}},"Retail/Shopping":{"0":{"title":"Star of Mysore + Mysooru Mithra - Mysore","price":"7200"}},"Personal Announcement":{"0":{"title":"Star of Mysore + Mysooru Mithra - Mysore","price":"7200"}},"Computers and Hardware":{"0":{"title":"Star of Mysore + Mysooru Mithra - Mysore","price":"7200"}},"Astrology":{"0":{"title":"Star of Mysore + Mysooru Mithra - Mysore","price":"7200"}},"Vehicles Automobiles":{"0":{"title":"Star of Mysore + Mysooru Mithra - Mysore","price":"7200"}},"Tours and Travel":{"0":{"title":"Star of Mysore + Mysooru Mithra - Mysore","price":"7200"}},"Property-Rental":{"0":{"title":"Star of Mysore + Mysooru Mithra - Mysore","price":"7200"}},"Entertainment":{"0":{"title":"Star of Mysore + Mysooru Mithra - Mysore","price":"7200"}},"Real Estate Selling":{"0":{"title":"Star of Mysore + Mysooru Mithra - Mysore","price":"7200"}},"Beauty & Wellness":{"0":{"title":"Star of Mysore + Mysooru Mithra - Mysore","price":"7200"}},"Call Centre Employees":{"0":{"title":"Star of Mysore + Mysooru Mithra - Mysore","price":"7200"}},"Prajapati":{"0":{"title":"Star of Mysore + Mysooru Mithra - Mysore","price":"7200"}},"Bungalow For Sale":{"0":{"title":"Star of Mysore + Mysooru Mithra - Mysore","price":"7200"}},"For Rent/Lease/To Let":{"0":{"title":"Star of Mysore + Mysooru Mithra - Mysore","price":"1800"}},"Outright Sale":{"0":{"title":"Star of Mysore - Mysore","price":"1800"}}}