{"Education":{"0":{"title":"The Navhind Times - Panji","price":"350"}},"property real estate":{"0":{"title":"The Navhind Times - Panji","price":"350"}},"Lost and Found":{"0":{"title":"The Navhind Times - Panji","price":"350"}},"Business":{"0":{"title":"The Navhind Times - Panji","price":"350"}},"Obituary(Death Announcement)":{"0":{"title":"The Navhind Times - Panji","price":"350"}},"Remembrance(Unforgettable)":{"0":{"title":"The Navhind Times - Panji","price":"350"}},"public tender notices":{"0":{"title":"The Navhind Times - Panji","price":"350"}},"Services":{"0":{"title":"The Navhind Times - Panji","price":"350"}},"Retail/Shopping":{"0":{"title":"The Navhind Times - Panji","price":"350"}},"Personal Announcement":{"0":{"title":"The Navhind Times - Panji","price":"350"}},"Computers and Hardware":{"0":{"title":"The Navhind Times - Panji","price":"350"}},"Astrology":{"0":{"title":"The Navhind Times - Panji","price":"350"}},"Vehicles Automobiles":{"0":{"title":"The Navhind Times - Panji","price":"350"}},"Tours and Travel":{"0":{"title":"The Navhind Times - Panji","price":"350"}},"Property-Rental":{"0":{"title":"The Navhind Times - Panji","price":"350"}},"Entertainment":{"0":{"title":"The Navhind Times - Panji","price":"300"}}}