{"Matrimonial":{"0":{"title":"The Tribune - All Edition (Chandigarh + Punjab + Haryana + Delhi + Himanchal + J & k )","price":"525"},"1":{"title":"The Tribune + Dainik Tribune - All Edition","price":"660"},"2":{"title":"The Tribune + Dainik Tribune + Punjabi Tribune - All Edition","price":"825"},"3":{"title":"The Tribune + Punjabi Tribune - All Edition","price":"690"}},"Marriage Bureau":{"0":{"title":"The Tribune - All Edition (Chandigarh + Punjab + Haryana + Delhi + Himanchal + J & k )","price":"525"},"1":{"title":"The Tribune + Dainik Tribune - All Edition","price":"660"},"2":{"title":"The Tribune + Dainik Tribune + Punjabi Tribune - All Edition","price":"825"},"3":{"title":"The Tribune + Punjabi Tribune - All Edition","price":"690"}},"Change of Name":{"0":{"title":"The Tribune - All Edition (Chandigarh + Punjab + Haryana + Delhi + Himanchal + J & k )","price":"525"},"1":{"title":"The Tribune + Dainik Tribune - All Edition","price":"660"},"2":{"title":"The Tribune + Dainik Tribune + Punjabi Tribune - All Edition","price":"825"},"3":{"title":"The Tribune + Punjabi Tribune - All Edition","price":"690"}},"Recruitment job":{"0":{"title":"The Tribune - All Edition (Chandigarh + Punjab + Haryana + Delhi + Himanchal + J & k )","price":"525"},"1":{"title":"The Tribune + Dainik Tribune - All Edition","price":"660"},"2":{"title":"The Tribune + Dainik Tribune + Punjabi Tribune - All Edition","price":"825"},"3":{"title":"The Tribune + Punjabi Tribune - All Edition","price":"690"}},"Education":{"0":{"title":"The Tribune - All Edition (Chandigarh + Punjab + Haryana + Delhi + Himanchal + J & k )","price":"525"},"1":{"title":"The Tribune + Dainik Tribune - All Edition","price":"660"},"2":{"title":"The Tribune + Dainik Tribune + Punjabi Tribune - All Edition","price":"825"},"3":{"title":"The Tribune + Punjabi Tribune - All Edition","price":"690"}},"property real estate":{"0":{"title":"The Tribune - All Edition (Chandigarh + Punjab + Haryana + Delhi + Himanchal + J & k )","price":"525"},"1":{"title":"The Tribune + Dainik Tribune - All Edition","price":"660"},"2":{"title":"The Tribune + Dainik Tribune + Punjabi Tribune - All Edition","price":"825"},"3":{"title":"The Tribune + Punjabi Tribune - All Edition","price":"690"}},"Lost and Found":{"0":{"title":"The Tribune - All Edition (Chandigarh + Punjab + Haryana + Delhi + Himanchal + J & k )","price":"525"},"1":{"title":"The Tribune + Dainik Tribune - All Edition","price":"660"},"2":{"title":"The Tribune + Dainik Tribune + Punjabi Tribune - All Edition","price":"825"},"3":{"title":"The Tribune + Punjabi Tribune - All Edition","price":"690"}},"Business":{"0":{"title":"The Tribune - All Edition (Chandigarh + Punjab + Haryana + Delhi + Himanchal + J & k )","price":"525"},"1":{"title":"The Tribune + Dainik Tribune - All Edition","price":"660"},"2":{"title":"The Tribune + Dainik Tribune + Punjabi Tribune - All Edition","price":"825"},"3":{"title":"The Tribune + Punjabi Tribune - All Edition","price":"690"},"4":{"title":"Bhatinda Tribune","price":"150"},"5":{"title":"The Tribune - Amritsar","price":"195"},"6":{"title":"The Tribune - Chandigarh","price":"315"},"7":{"title":"The Tribune - Jalandhar","price":"195"},"8":{"title":"The Tribune - Ludhiana","price":"285"}},"Obituary(Death Announcement)":{"0":{"title":"The Tribune - All Edition (Chandigarh + Punjab + Haryana + Delhi + Himanchal + J & k )","price":"525"},"1":{"title":"The Tribune + Dainik Tribune - All Edition","price":"660"},"2":{"title":"The Tribune + Dainik Tribune + Punjabi Tribune - All Edition","price":"825"},"3":{"title":"The Tribune + Punjabi Tribune - All Edition","price":"690"},"4":{"title":"Bhatinda Tribune","price":"150"},"5":{"title":"The Tribune - Amritsar","price":"195"},"6":{"title":"The Tribune - Chandigarh","price":"315"},"7":{"title":"The Tribune - Jalandhar","price":"195"},"8":{"title":"The Tribune - Ludhiana","price":"285"}},"Remembrance(Unforgettable)":{"0":{"title":"The Tribune - All Edition (Chandigarh + Punjab + Haryana + Delhi + Himanchal + J & k )","price":"525"},"1":{"title":"The Tribune + Dainik Tribune - All Edition","price":"660"},"2":{"title":"The Tribune + Dainik Tribune + Punjabi Tribune - All Edition","price":"825"},"3":{"title":"The Tribune + Punjabi Tribune - All Edition","price":"690"},"4":{"title":"Bhatinda Tribune","price":"150"},"5":{"title":"The Tribune - Amritsar","price":"195"},"6":{"title":"The Tribune - Chandigarh","price":"315"},"7":{"title":"The Tribune - Jalandhar","price":"195"},"8":{"title":"The Tribune - Ludhiana","price":"285"}},"public tender notices":{"0":{"title":"The Tribune - All Edition (Chandigarh + Punjab + Haryana + Delhi + Himanchal + J & k )","price":"525"},"1":{"title":"The Tribune + Dainik Tribune - All Edition","price":"660"},"2":{"title":"The Tribune + Dainik Tribune + Punjabi Tribune - All Edition","price":"825"},"3":{"title":"The Tribune + Punjabi Tribune - All Edition","price":"690"},"4":{"title":"Bhatinda Tribune","price":"150"},"5":{"title":"The Tribune - Amritsar","price":"195"},"6":{"title":"The Tribune - Chandigarh","price":"315"},"7":{"title":"The Tribune - Jalandhar","price":"195"},"8":{"title":"The Tribune - Ludhiana","price":"285"}},"Services":{"0":{"title":"The Tribune - All Edition (Chandigarh + Punjab + Haryana + Delhi + Himanchal + J & k )","price":"525"},"1":{"title":"The Tribune + Dainik Tribune - All Edition","price":"660"},"2":{"title":"The Tribune + Dainik Tribune + Punjabi Tribune - All Edition","price":"825"},"3":{"title":"The Tribune + Punjabi Tribune - All Edition","price":"690"},"4":{"title":"Bhatinda Tribune","price":"165"},"5":{"title":"The Tribune - Amritsar","price":"225"},"6":{"title":"The Tribune - Chandigarh","price":"525"},"7":{"title":"The Tribune - Jalandhar","price":"225"},"8":{"title":"The Tribune - Ludhiana","price":"285"}},"Retail/Shopping":{"0":{"title":"The Tribune - All Edition (Chandigarh + Punjab + Haryana + Delhi + Himanchal + J & k )","price":"525"},"1":{"title":"The Tribune + Dainik Tribune - All Edition","price":"660"},"2":{"title":"The Tribune + Dainik Tribune + Punjabi Tribune - All Edition","price":"825"},"3":{"title":"The Tribune + Punjabi Tribune - All Edition","price":"690"},"4":{"title":"Bhatinda Tribune","price":"165"},"5":{"title":"The Tribune - Amritsar","price":"225"},"6":{"title":"The Tribune - Chandigarh","price":"375"},"7":{"title":"The Tribune - Jalandhar","price":"225"},"8":{"title":"The Tribune - Ludhiana","price":"285"}},"Personal Announcement":{"0":{"title":"The Tribune - All Edition (Chandigarh + Punjab + Haryana + Delhi + Himanchal + J & k )","price":"525"},"1":{"title":"The Tribune + Dainik Tribune - All Edition","price":"660"},"2":{"title":"The Tribune + Dainik Tribune + Punjabi Tribune - All Edition","price":"825"},"3":{"title":"The Tribune + Punjabi Tribune - All Edition","price":"690"},"4":{"title":"Bhatinda Tribune","price":"165"},"5":{"title":"The Tribune - Amritsar","price":"225"},"6":{"title":"The Tribune - Chandigarh","price":"375"},"7":{"title":"The Tribune - Jalandhar","price":"225"},"8":{"title":"The Tribune - Ludhiana","price":"285"}},"Computers and Hardware":{"0":{"title":"The Tribune - All Edition (Chandigarh + Punjab + Haryana + Delhi + Himanchal + J & k )","price":"525"},"1":{"title":"The Tribune + Dainik Tribune - All Edition","price":"660"},"2":{"title":"The Tribune + Dainik Tribune + Punjabi Tribune - All Edition","price":"825"},"3":{"title":"The Tribune + Punjabi Tribune - All Edition","price":"690"},"4":{"title":"Bhatinda Tribune","price":"165"},"5":{"title":"The Tribune - Amritsar","price":"225"},"6":{"title":"The Tribune - Chandigarh","price":"375"},"7":{"title":"The Tribune - Jalandhar","price":"225"},"8":{"title":"The Tribune - Ludhiana","price":"285"}},"Astrology":{"0":{"title":"The Tribune - All Edition (Chandigarh + Punjab + Haryana + Delhi + Himanchal + J & k )","price":"525"},"1":{"title":"The Tribune + Dainik Tribune - All Edition","price":"660"},"2":{"title":"The Tribune + Dainik Tribune + Punjabi Tribune - All Edition","price":"825"},"3":{"title":"The Tribune + Punjabi Tribune - All Edition","price":"690"},"4":{"title":"Bhatinda Tribune","price":"150"},"5":{"title":"The Tribune - Amritsar","price":"195"},"6":{"title":"The Tribune - Chandigarh","price":"315"},"7":{"title":"The Tribune - Jalandhar","price":"195"},"8":{"title":"The Tribune - Ludhiana","price":"240"}},"Vehicles Automobiles":{"0":{"title":"The Tribune - All Edition (Chandigarh + Punjab + Haryana + Delhi + Himanchal + J & k )","price":"525"},"1":{"title":"The Tribune + Dainik Tribune - All Edition","price":"660"},"2":{"title":"The Tribune + Dainik Tribune + Punjabi Tribune - All Edition","price":"825"},"3":{"title":"The Tribune + Punjabi Tribune - All Edition","price":"690"},"4":{"title":"Bhatinda Tribune","price":"165"},"5":{"title":"The Tribune - Amritsar","price":"225"},"6":{"title":"The Tribune - Chandigarh","price":"375"},"7":{"title":"The Tribune - Jalandhar","price":"225"},"8":{"title":"The Tribune - Ludhiana","price":"285"}},"Tours and Travel":{"0":{"title":"The Tribune - All Edition (Chandigarh + Punjab + Haryana + Delhi + Himanchal + J & k )","price":"525"},"1":{"title":"The Tribune + Dainik Tribune - All Edition","price":"660"},"2":{"title":"The Tribune + Dainik Tribune + Punjabi Tribune - All Edition","price":"825"},"3":{"title":"The Tribune + Punjabi Tribune - All Edition","price":"690"},"4":{"title":"Bhatinda Tribune","price":"165"},"5":{"title":"The Tribune - Amritsar","price":"225"},"6":{"title":"The Tribune - Chandigarh","price":"375"},"7":{"title":"The Tribune - Jalandhar","price":"225"},"8":{"title":"The Tribune - Ludhiana","price":"285"}},"Property-Rental":{"0":{"title":"The Tribune - All Edition (Chandigarh + Punjab + Haryana + Delhi + Himanchal + J & k )","price":"525"},"1":{"title":"The Tribune + Dainik Tribune - All Edition","price":"660"},"2":{"title":"The Tribune + Dainik Tribune + Punjabi Tribune - All Edition","price":"825"},"3":{"title":"The Tribune + Punjabi Tribune - All Edition","price":"690"},"4":{"title":"Bhatinda Tribune","price":"165"},"5":{"title":"The Tribune - Amritsar","price":"225"},"6":{"title":"The Tribune - Chandigarh","price":"375"},"7":{"title":"The Tribune - Jalandhar","price":"225"},"8":{"title":"The Tribune - Ludhiana","price":"285"}},"Entertainment":{"0":{"title":"The Tribune - All Edition (Chandigarh + Punjab + Haryana + Delhi + Himanchal + J & k )","price":"525"},"1":{"title":"The Tribune + Dainik Tribune - All Edition","price":"660"},"2":{"title":"The Tribune + Dainik Tribune + Punjabi Tribune - All Edition","price":"825"},"3":{"title":"The Tribune + Punjabi Tribune - All Edition","price":"690"},"4":{"title":"Bhatinda Tribune","price":"150"},"5":{"title":"The Tribune - Amritsar","price":"225"},"6":{"title":"The Tribune - Chandigarh","price":"375"},"7":{"title":"The Tribune - Jalandhar","price":"225"},"8":{"title":"The Tribune - Ludhiana","price":"285"}},"Real Estate Selling":{"0":{"title":"The Tribune - All Edition (Chandigarh + Punjab + Haryana + Delhi + Himanchal + J & k )","price":"450"},"1":{"title":"The Tribune + Dainik Tribune - All Edition","price":"585"},"2":{"title":"The Tribune + Dainik Tribune + Punjabi Tribune - All Edition","price":"825"},"3":{"title":"The Tribune + Punjabi Tribune - All Edition","price":"600"},"4":{"title":"Bhatinda Tribune","price":"150"},"5":{"title":"The Tribune - Amritsar","price":"195"},"6":{"title":"The Tribune - Chandigarh","price":"315"},"7":{"title":"The Tribune - Jalandhar","price":"195"},"8":{"title":"The Tribune - Ludhiana","price":"240"}},"Beauty & Wellness":{"0":{"title":"The Tribune - All Edition (Chandigarh + Punjab + Haryana + Delhi + Himanchal + J & k )","price":"450"},"1":{"title":"The Tribune + Dainik Tribune - All Edition","price":"585"},"2":{"title":"The Tribune + Dainik Tribune + Punjabi Tribune - All Edition","price":"825"},"3":{"title":"The Tribune + Punjabi Tribune - All Edition","price":"600"},"4":{"title":"Bhatinda Tribune","price":"150"},"5":{"title":"The Tribune - Amritsar","price":"195"},"6":{"title":"The Tribune - Chandigarh","price":"315"},"7":{"title":"The Tribune - Jalandhar","price":"195"},"8":{"title":"The Tribune - Ludhiana","price":"240"}},"Call Centre Employees":{"0":{"title":"The Tribune - All Edition (Chandigarh + Punjab + Haryana + Delhi + Himanchal + J & k )","price":"450"},"1":{"title":"The Tribune + Dainik Tribune - All Edition","price":"585"},"2":{"title":"The Tribune + Dainik Tribune + Punjabi Tribune - All Edition","price":"825"},"3":{"title":"The Tribune + Punjabi Tribune - All Edition","price":"600"},"4":{"title":"Bhatinda Tribune","price":"150"},"5":{"title":"The Tribune - Amritsar","price":"195"},"6":{"title":"The Tribune - Chandigarh","price":"315"},"7":{"title":"The Tribune - Jalandhar","price":"225"},"8":{"title":"The Tribune - Ludhiana","price":"285"}},"Prajapati":{"0":{"title":"The Tribune - All Edition (Chandigarh + Punjab + Haryana + Delhi + Himanchal + J & k )","price":"525"},"1":{"title":"The Tribune + Dainik Tribune - All Edition","price":"660"},"2":{"title":"The Tribune + Dainik Tribune + Punjabi Tribune - All Edition","price":"825"},"3":{"title":"The Tribune + Punjabi Tribune - All Edition","price":"690"},"4":{"title":"Bhatinda Tribune","price":"165"},"5":{"title":"The Tribune - Amritsar","price":"225"},"6":{"title":"The Tribune - Chandigarh","price":"375"},"7":{"title":"The Tribune - Jalandhar","price":"225"},"8":{"title":"The Tribune - Ludhiana","price":"285"}},"Bungalow For Sale":{"0":{"title":"The Tribune - All Edition (Chandigarh + Punjab + Haryana + Delhi + Himanchal + J & k )","price":"525"},"1":{"title":"The Tribune + Dainik Tribune - All Edition","price":"660"},"2":{"title":"The Tribune + Dainik Tribune + Punjabi Tribune - All Edition","price":"825"},"3":{"title":"The Tribune + Punjabi Tribune - All Edition","price":"690"},"4":{"title":"Bhatinda Tribune","price":"165"},"5":{"title":"The Tribune - Amritsar","price":"225"},"6":{"title":"The Tribune - Chandigarh","price":"375"},"7":{"title":"The Tribune - Jalandhar","price":"225"},"8":{"title":"The Tribune - Ludhiana","price":"285"}},"For Rent/Lease/To Let":{"0":{"title":"The Tribune - All Edition (Chandigarh + Punjab + Haryana + Delhi + Himanchal + J & k )","price":"525"},"1":{"title":"The Tribune + Dainik Tribune - All Edition","price":"660"},"2":{"title":"The Tribune + Dainik Tribune + Punjabi Tribune - All Edition","price":"825"},"3":{"title":"The Tribune + Punjabi Tribune - All Edition","price":"690"},"4":{"title":"Bhatinda Tribune","price":"150"},"5":{"title":"The Tribune - Amritsar","price":"225"},"6":{"title":"The Tribune - Chandigarh","price":"375"},"7":{"title":"The Tribune - Jalandhar","price":"225"},"8":{"title":"The Tribune - Ludhiana","price":"285"}},"Outright Sale":{"0":{"title":"The Tribune - All Edition (Chandigarh + Punjab + Haryana + Delhi + Himanchal + J & k )","price":"525"},"1":{"title":"The Tribune + Dainik Tribune - All Edition","price":"660"},"2":{"title":"The Tribune + Dainik Tribune + Punjabi Tribune - All Edition","price":"825"},"3":{"title":"The Tribune + Punjabi Tribune - All Edition","price":"690"},"4":{"title":"Bhatinda Tribune","price":"150"},"5":{"title":"The Tribune - Amritsar","price":"225"},"6":{"title":"The Tribune - Chandigarh","price":"375"},"7":{"title":"The Tribune - Jalandhar","price":"225"},"8":{"title":"The Tribune - Ludhiana","price":"285"}},"Property Others":{"0":{"title":"The Tribune - All Edition (Chandigarh + Punjab + Haryana + Delhi + Himanchal + J & k )","price":"525"},"1":{"title":"The Tribune + Dainik Tribune - All Edition","price":"660"},"2":{"title":"The Tribune + Dainik Tribune + Punjabi Tribune - All Edition","price":"825"},"3":{"title":"The Tribune + Punjabi Tribune - All Edition","price":"690"},"4":{"title":"Bhatinda Tribune","price":"150"},"5":{"title":"The Tribune - Amritsar","price":"225"},"6":{"title":"The Tribune - Chandigarh","price":"375"},"7":{"title":"The Tribune - Jalandhar","price":"225"},"8":{"title":"The Tribune - Ludhiana","price":"285"}},"SMS CAMPAIGN":{"0":{"title":"The Tribune - All Edition (Chandigarh + Punjab + Haryana + Delhi + Himanchal + J & k )","price":"525"},"1":{"title":"The Tribune + Dainik Tribune - All Edition","price":"660"},"2":{"title":"The Tribune + Dainik Tribune + Punjabi Tribune - All Edition","price":"825"},"3":{"title":"The Tribune + Punjabi Tribune - All Edition","price":"690"},"4":{"title":"Bhatinda Tribune","price":"165"},"5":{"title":"The Tribune - Amritsar","price":"225"},"6":{"title":"The Tribune - Chandigarh","price":"375"},"7":{"title":"The Tribune - Jalandhar","price":"225"},"8":{"title":"The Tribune - Ludhiana","price":"285"}}}