{"Obituary(Death Announcement)":{"0":{"title":"The Hitavada - Nagpur","price":"280"}},"Remembrance(Unforgettable)":{"0":{"title":"The Hitavada - Nagpur","price":"280"}},"public tender notices":{"0":{"title":"The Hitavada - Nagpur","price":"280"}},"Services":{"0":{"title":"The Hitavada - Nagpur","price":"280"}},"Retail/Shopping":{"0":{"title":"The Hitavada - Nagpur","price":"280"}},"Personal Announcement":{"0":{"title":"The Hitavada - Nagpur","price":"280"}},"Computers and Hardware":{"0":{"title":"The Hitavada - Nagpur","price":"280"}},"Astrology":{"0":{"title":"The Hitavada - Nagpur","price":"280"}},"Vehicles Automobiles":{"0":{"title":"The Hitavada - Nagpur","price":"280"}},"Tours and Travel":{"0":{"title":"The Hitavada - Nagpur","price":"280"}}}