{"Matrimonial":{"0":{"title":"National Selection Package :\nThe Times of India - All Editions","price":"8500"},"1":{"title":"Phere Package :\nTOI (Delhi Ncr, Maharashtra, Uttrakhand, Chandigarh, Rajasthan, U.P, M.P)","price":"4990"},"2":{"title":"Sanyog Package :\nTOI (Delhi NCR, Uttrakhand, Chandigarh, Rajasthan, U.P, Madhya Pradesh)","price":"4200"},"3":{"title":"Manamalai Package :\nThe Times of India - West Bengal, Karnataka, Andhra Pradesh, Tamil Nadu, Kerala, Uttrakhand","price":"3000"},"4":{"title":"Karnataka Special Package :\nThe Times of India - Karnataka","price":"2400"},"5":{"title":"Mangalsutra Package:\nThe Times of India - Karnataka, Tamil Nadu, Kerala< Andhra Pradesh","price":"2500"},"6":{"title":"Subha Mugurtham Package :\nThe Times of india - Tamil Nadu + Kerala","price":"750"},"7":{"title":"Uttrakhand Special Package\nThe Times of India - Uttrakhand, Barielly","price":"175"},"8":{"title":"Vivah Package :TOI (Delhi, A.P, Maharashtra, Karnataka, Tamilnadu, N, W.Bngal) + NBT (Delhi, Lucknow, Mumbai) + Ei Samay (Kolkata)","price":"8200"},"9":{"title":"Subho Bibaho Package :\nThe Times of India + EI Samay - Kollata","price":"1250"},"10":{"title":"Sindoor Package :\nThe Times of India - Patna, Kolkata + Ei Samay - Kolkata","price":"1025"},"11":{"title":"Lagan Package :\nThe Times of India + Nav Gujarat Samay - Ahmedabad","price":"900"},"12":{"title":"Western Delight :\nThe Times of India - Mumbai, Pune, Ahmedabad","price":"2300"},"13":{"title":"Eastern Selection Package :\nThe Times of India - Orissa, Bihar, W.Bengal + Ei Samay - Kolkata","price":"1250"},"14":{"title":"Milap package :\nThe Times of India - Maharashtra Times (Pune, Mumbai)","price":"2700"},"15":{"title":"Shubha Mangalya Package :\nThe Times of India + Vijay Karnataka - Karnataka","price":"2270"},"16":{"title":"Bandhan Package :\nThe Times of India - All Maharashtra","price":"2300"},"17":{"title":"Delhi Barat Package :\nTOI - (Delhi NCR + Uttrakhand) + NBT + Economic Times - Delhi Ncr","price":"3900"},"18":{"title":"Rishta package :\nTOI (Delhi NCR + Uttrakhand) + Economic Times - Delhi Ncr","price":"4000"},"19":{"title":"Sanjog package :\nThe Times of India - Pune, Mumbai + Maharashtra Times - Maharashtra","price":"3150"},"20":{"title":"Jodi Package:\nTOI + NBT (Mumbai, Delhi NCR) + Maharashtra Times - Mumbai","price":"4790"},"21":{"title":"Elite Package:\nTOI (Mumbai, Delhi NCR)","price":"4500"},"22":{"title":"Shagun Package :\nTOI (Delhi NCR, Uttrakhand, Chandigarh, Rajasthan, U.P, M.P) + NBT (Delhi NCR + Lucknow)","price":"4500"},"23":{"title":"Life Partner package :\nTOI (Delhi NCR, Maharashtra, Karnataka, Tamil Nadu, A.P, W.Bengal)","price":"8100"},"24":{"title":"Kangan Package :\nTOI (Delhi Ncr, Maharashtra, Uttrakhand, Chandigarh, Rajasthan, U.P, M.P) + NBT - Delhi Ncr, Lucknow","price":"5100"},"25":{"title":"The Times of India - Bareilly","price":"106"},"26":{"title":"The Times of India - Baroda","price":"266"},"27":{"title":"The Times of India - Bhubaneshwar","price":"315"},"28":{"title":"The Times of India - Chandigarh","price":"600"},"29":{"title":"The Times of India - Chennai","price":"790"},"30":{"title":"The Times of India - Cochin","price":"210"},"31":{"title":"The Times of India - Coimbatore","price":"400"},"32":{"title":"The Times of India - Goa","price":"154"},"33":{"title":"The Times Of India - Guwahati","price":"150"},"34":{"title":"The Times of India - Hubli","price":"100"},"35":{"title":"The Times of India - Hyderabad","price":"500"},"36":{"title":"The Times of India - Kanpur","price":"500"},"37":{"title":"The Times of India - Kerala","price":"210"},"38":{"title":"The Times of India - Kolhapur","price":"110"},"39":{"title":"The Times of India - Lucknow","price":"750"},"40":{"title":"The Times of India - Madurai","price":"250"},"41":{"title":"The Times of India - Mangalore","price":"100"},"42":{"title":"The Times of India - Mumbai","price":"2300"},"43":{"title":"The Times of India - Mysore","price":"100"},"44":{"title":"The Times of India - Nagpur","price":"135"},"45":{"title":"The Times of India - Nashik","price":"135"},"46":{"title":"The Times of India - Noida","price":"250"},"47":{"title":"The Times of India - Patna","price":"380"},"48":{"title":"The Times of India - Rajkot","price":"110"},"49":{"title":"The Times of India - Ranchi","price":"189"},"50":{"title":"The Times of India - Surat","price":"100"},"51":{"title":"The Times of India - Trichy","price":"250"},"52":{"title":"The Times of India - Vijayawada","price":"50"},"53":{"title":"The Times of India - Visakhapatnam","price":"100"}},"Change of Name":{"0":{"title":"The Times of India - Agra","price":"100"},"1":{"title":"The Times of India - Ahmedabad","price":"530"},"2":{"title":"The Times of india - Allahabad","price":"260"},"3":{"title":"The Times of India - Aurangabad","price":"100"},"4":{"title":"The Times of India - Bangalore","price":"1100"},"5":{"title":"The Times of India - Bareilly","price":"106"},"6":{"title":"The Times of India - Baroda","price":"266"},"7":{"title":"The Times of India - Bhubaneshwar","price":"315"},"8":{"title":"The Times of India - Chandigarh","price":"600"},"9":{"title":"The Times of India - Chennai","price":"790"},"10":{"title":"The Times of India - Cochin","price":"210"},"11":{"title":"The Times of India - Coimbatore","price":"400"},"12":{"title":"The Times of India - Dehradun","price":"126"},"13":{"title":"The Times of India - Delhi","price":"4200"},"14":{"title":"The Times of India - Delhi","price":"4200"},"15":{"title":"The Times of India - Delhi","price":"4200"},"16":{"title":"The Times of India - Delhi","price":"4200"},"17":{"title":"The Times of India - Delhi","price":"4200"},"18":{"title":"The Times of India - Goa","price":"154"},"19":{"title":"The Times Of India - Guwahati","price":"150"},"20":{"title":"The Times of India - Hubli","price":"100"},"21":{"title":"The Times of India - Hyderabad","price":"500"},"22":{"title":"The Times of India - Jaipur","price":"210"},"23":{"title":"The Times of India - Kanpur","price":"260"},"24":{"title":"The Times of India - Kerala","price":"210"},"25":{"title":"The Times of India - Kolhapur","price":"110"},"26":{"title":"The Times of India - Lucknow","price":"750"},"27":{"title":"The Times of India - Madurai","price":"250"},"28":{"title":"The Times of India - Mangalore","price":"100"},"29":{"title":"The Times of India - Meerut","price":"106"},"30":{"title":"The Times of India - Mumbai","price":"2300"},"31":{"title":"The Times of India - Mysore","price":"100"},"32":{"title":"The Times of India - Nagpur","price":"135"},"33":{"title":"The Times of India - Nashik","price":"135"},"34":{"title":"The Times of India - Noida","price":"250"},"35":{"title":"The Times of India - Kolhapur","price":"110"},"36":{"title":"The Times of India - Lucknow","price":"750"},"37":{"title":"The Times of India - Madurai","price":"250"},"38":{"title":"The Times of India - Mangalore","price":"100"},"39":{"title":"The Times of India - Meerut","price":"106"},"40":{"title":"The Times of India - Mumbai","price":"2300"},"41":{"title":"The Times of India - Mysore","price":"100"},"42":{"title":"The Times of India - Nagpur","price":"135"}},"Recruitment job":{"0":{"title":"The Times of India + Maharashtra Times - Kolhapur","price":"210"},"1":{"title":"The Times of India + Navbharat Times - Delhi NCR","price":"1250"},"2":{"title":"The Times of India (English) + Vijay Karnataka(Kannada) - Bangalore","price":"850"},"3":{"title":"The Times of India (English) + Maharashtra Times (Marathi) - Pune","price":"525"},"4":{"title":"Times of India + Maharashtra Times - Mumbai Edition","price":"1200"},"5":{"title":"Times of India + Navbharat Times -Mumbai","price":"1200"},"6":{"title":"Times of india + EI Samay -Kolkata","price":"1250"},"7":{"title":"The Times of India - Ahmednagar","price":"325"},"8":{"title":"The Times of India - Agra","price":"100"},"9":{"title":"The Times of India - Ahmedabad","price":"600"},"10":{"title":"The Times of india - Allahabad","price":"260"},"11":{"title":"The Times of India - Aurangabad","price":"100"},"12":{"title":"The Times of India - Bangalore","price":"1100"},"13":{"title":"The Times of India - Bareilly","price":"106"},"14":{"title":"The Times of India - Baroda","price":"530"},"15":{"title":"The Times of India - Bhopal","price":"350"},"16":{"title":"The Times of India - Bhubaneshwar","price":"315"},"17":{"title":"The Times of India - Chandigarh","price":"250"},"18":{"title":"The Times of India - Chennai","price":"790"},"19":{"title":"The Times of India - Cochin","price":"300"},"20":{"title":"The Times of India - Coimbatore","price":"400"},"21":{"title":"The Times of India - Dehradun","price":"126"},"22":{"title":"The Times of India - Delhi","price":"950"},"23":{"title":"The Times of India - Delhi","price":"950"},"24":{"title":"The Times of India - Delhi","price":"950"},"25":{"title":"The Times of India - Delhi","price":"950"},"26":{"title":"The Times of India - Delhi","price":"950"},"27":{"title":"The Times of India - Goa","price":"154"},"28":{"title":"The Times of India - Gurgaon","price":"950"},"29":{"title":"The Times Of India - Guwahati","price":"150"},"30":{"title":"The Times of India - Hubli","price":"200"},"31":{"title":"The Times of India - Hyderabad","price":"720"},"32":{"title":"The Times of India - Jaipur","price":"210"},"33":{"title":"The Times of India - Kanpur","price":"260"},"34":{"title":"The Times of India - Kerala","price":"300"},"35":{"title":"The Times of India - Kolhapur","price":"110"},"36":{"title":"The Times of India - Lucknow","price":"750"},"37":{"title":"The Times of India - Madurai","price":"250"},"38":{"title":"The Times of India - Mangalore","price":"100"},"39":{"title":"The Times of India - Meerut","price":"106"},"40":{"title":"The Times of India - Mumbai","price":"2300"},"41":{"title":"The Times of India - Mysore","price":"100"},"42":{"title":"The Times of India - Nagpur","price":"135"},"43":{"title":"The Times of India - Nashik","price":"135"},"44":{"title":"The Times of India - Patna","price":"580"},"45":{"title":"The Times of India - Pune","price":"325"},"46":{"title":"The Times of India - Rajkot","price":"110"},"47":{"title":"The Times of India - Ranchi","price":"680"},"48":{"title":"The Times of India - Surat","price":"600"},"49":{"title":"The Times of India - Trichy","price":"250"},"50":{"title":"The Times of India - Varanasi","price":"260"},"51":{"title":"The Times of India - Vijayawada","price":"50"},"52":{"title":"The Times of India - Visakhapatnam","price":"100"}},"property real estate":{"0":{"title":"The Times of India - All Editions\n(All India 17 State Combo)","price":"13000"},"1":{"title":"The Times of India + Maharashtra Times - Kolhapur","price":"210"},"2":{"title":"The Times of India (Wkdy + Sun)+ The Economics Times + Ei Samay + Bardhaman- Kolkata","price":"2250"},"3":{"title":"The Times of India (Sun & Weekday) + The Economics Times + Mirror + Navbharat Times + Maharashtra Times - Mumbai","price":"5500"},"4":{"title":"The Times of India\nCoimbatore - (Sunday, Weekday)","price":"450"},"5":{"title":"The Times of India (Sun, Wkdy) + Education Times - Chennai","price":"1500"},"6":{"title":"The Times of India (Sndy, Wkdy) + Education Times + Navbharat Times + The Economic Times + Sandhya Times- Delhi NCR","price":"5500"},"7":{"title":"The Times of India (Sndy, Wkdy) + Education Times + The Economic Times - Delhi NCR","price":"4800"},"8":{"title":"The Times of India(Sun & Weekday) + Education Times + The Economic Times + Mirror - Mumbai","price":"4500"},"9":{"title":"The Times Of India - U.P + Economics Times + Navbharat Times + Education Times - Lucknow","price":"1400"},"10":{"title":"The Times of India - Nagpur + Maharashtra Times - Nagpur","price":"300"},"11":{"title":"Times Of India Nashik Split - Pune Upcountry + Maharashtra Times - Nashik","price":"200"},"12":{"title":"The Times of India + Maharashtra Times - Aurangabad","price":"150"},"13":{"title":"Times of India(Sunday + weekday) + Maharashtra Times + The Economic Times - Pune","price":"1100"},"14":{"title":"The Times of India (Wkdy + Sun) + The Economic Times - Ahmadabad","price":"700"},"15":{"title":"Education Times + Times of India (Sunday) + Economic Times -Hyderabad + Times of India (Vijayawada + Visakhapatnam)","price":"950"},"16":{"title":" Vijay Karnataka - All Edition + (The Times of India - Mysore, Mangalore & Hubli ) + Mirror - Bangalore","price":"1400"},"17":{"title":"The Times of India (Fri, Sun), Property Times (Sat), SNTD (Any Day), Navbharat Times, Economic Times (Fri) - Delhi NCR","price":"4650"}},"Lost and Found":{"0":{"title":"The Times of India - All Editions\n(All India 17 State Combo)","price":"13000"},"1":{"title":"The Times of India + Maharashtra Times - Kolhapur","price":"210"},"2":{"title":"The Times of India (Wkdy + Sun)+ The Economics Times + Ei Samay + Bardhaman- Kolkata","price":"2250"},"3":{"title":"The Times Of India - U.P + Economics Times + Navbharat Times - Lucknow","price":"1400"},"4":{"title":"The Times of India (Wkdy, Sun) + Property Times + The Economic Times - Chennai","price":"2000"},"5":{"title":"The Times of India - Nagpur + Maharashtra Times - Nagpur","price":"300"},"6":{"title":"Times Of India Nashik Split - Pune Upcountry + Maharashtra Times - Nashik","price":"200"},"7":{"title":"The Times of India + Maharashtra Times - Aurangabad","price":"150"},"8":{"title":"Times of India(Sun + weekday) +Property Times + The Economic Times + Mirror - Mumbai","price":"5500"},"9":{"title":"Times of India(Sun + weekday) + Property Times + Economic Times + Maharashtra Times + Navbharat Times + Mirror - Mumbai","price":"6500"},"10":{"title":"The Times of India(Wkday + Sun) + Property Times + The Economic Times - Hyderabad","price":"950"},"11":{"title":"Times of india(Weekday + Sunday) + Property Times - Coimbatore","price":"500"},"12":{"title":"Times of india(Sndy) + Property Times + Navbharat Times + The Economic Times - Lucknow","price":"1400"},"13":{"title":"Times of India(Sunday + weekday) + Maharashtra Times + The Economic Times - Pune","price":"1250"},"14":{"title":"The Times of India (Wkdy + Sun) + The Economic Times - Ahmadabad","price":"700"},"15":{"title":"The Times of India + Mirror\n+ Maharashtra Times + Navbharat Times + Property Times - Mumbai","price":"6500"},"16":{"title":"Times of india - U.P. + Property Times + The Economic Times + Navbharat Times - Lucknow","price":"1400"},"17":{"title":"The Times of India (Fri, Sun), Property Times (Sat), SNTD (Any Day), Navbharat Times, Economic Times (Fri) - Delhi NCR","price":"4650"},"18":{"title":" Vijay Karnataka - All Edition + (The Times of India - Mysore, Mangalore & Hubli ) + Mirror - Bangalore","price":"400"},"19":{"title":"The Times of India - Dehradun","price":"126"}},"Business":{"0":{"title":"The Times of India + Maharashtra Times - Kolhapur","price":"210"},"1":{"title":"The Times of India + Navbharat Times - Delhi NCR","price":"1250"},"2":{"title":"The Times of India (English) + Vijay Karnataka(Kannada) - Bangalore","price":"850"},"3":{"title":"Times of India + Maharashtra Times - Mumbai Edition","price":"1200"},"4":{"title":"Times of India + Navbharat Times -Mumbai","price":"1200"},"5":{"title":"Times of india + EI Samay -Kolkata","price":"1250"},"6":{"title":"The Times of India - Agra","price":"100"},"7":{"title":"The Times of India - Ahmedabad","price":"600"},"8":{"title":"The Times of india - Allahabad","price":"260"},"9":{"title":"The Times of India - Aurangabad","price":"100"},"10":{"title":"The Times of India - Bangalore","price":"1100"},"11":{"title":"The Times of India - Bareilly","price":"106"},"12":{"title":"The Times of India - Baroda","price":"530"},"13":{"title":"The Times of India - Bhopal","price":"300"},"14":{"title":"The Times of India - Bhubaneshwar","price":"315"},"15":{"title":"The Times of India - Chandigarh","price":"600"},"16":{"title":"The Times of India - Chennai","price":"790"},"17":{"title":"The Times of India - Cochin","price":"300"},"18":{"title":"The Times of India - Coimbatore","price":"400"},"19":{"title":"The Times of India - Dehradun","price":"126"},"20":{"title":"The Times of India - Delhi","price":"950"},"21":{"title":"The Times of India - Delhi","price":"950"},"22":{"title":"The Times of India - Delhi","price":"950"},"23":{"title":"The Times of India - Delhi","price":"950"},"24":{"title":"The Times of India - Delhi","price":"950"},"25":{"title":"The Times of India - Goa","price":"154"},"26":{"title":"The Times of India - Gurgaon","price":"950"},"27":{"title":"The Times of India - Hubli","price":"100"},"28":{"title":"The Times of India - Hyderabad","price":"720"},"29":{"title":"The Times of India - Jaipur","price":"210"},"30":{"title":"The Times of India - Kanpur","price":"260"},"31":{"title":"The Times of India - Kerala","price":"300"},"32":{"title":"The Times of India - Kolhapur","price":"110"},"33":{"title":"The Times of India - Lucknow","price":"960"},"34":{"title":"The Times of India - Madurai","price":"250"},"35":{"title":"The Times of India - Mangalore","price":"100"},"36":{"title":"The Times of India - Meerut","price":"106"},"37":{"title":"The Times of India - Mumbai","price":"1000"},"38":{"title":"The Times of India - Mysore","price":"100"},"39":{"title":"The Times of India - Nagpur","price":"135"},"40":{"title":"The Times of India - Nashik","price":"135"},"41":{"title":"The Times of India - Patna","price":"580"},"42":{"title":"The Times of India - Pune","price":"325"},"43":{"title":"The Times of India - Rajkot","price":"110"},"44":{"title":"The Times of India - Ranchi","price":"580"},"45":{"title":"The Times of India - Surat","price":"100"},"46":{"title":"The Times of India - Trichy","price":"250"},"47":{"title":"The Times of India - Varanasi","price":"260"},"48":{"title":"The Times of India - Vijayawada","price":"50"},"49":{"title":"The Times of India - Visakhapatnam","price":"100"}},"Remembrance(Unforgettable)":{"0":{"title":"The Times of India - Agra","price":"100"},"1":{"title":"The Times of India - Ahmedabad","price":"530"},"2":{"title":"The Times of india - Allahabad","price":"260"},"3":{"title":"The Times of India - Aurangabad","price":"100"},"4":{"title":"The Times of India - Bangalore","price":"1100"},"5":{"title":"The Times of India - Bareilly","price":"106"},"6":{"title":"The Times of India - Baroda","price":"266"},"7":{"title":"The Times of India - Bhubaneshwar","price":"315"},"8":{"title":"The Times of India - Chandigarh","price":"600"},"9":{"title":"The Times of India - Chennai","price":"790"},"10":{"title":"The Times of India - Coimbatore","price":"400"},"11":{"title":"The Times of India - Dehradun","price":"126"},"12":{"title":"The Times of India - Goa","price":"154"},"13":{"title":"The Times Of India - Guwahati","price":"150"},"14":{"title":"The Times of India - Hubli","price":"100"},"15":{"title":"The Times of India - Hyderabad","price":"500"},"16":{"title":"The Times of India - Jaipur","price":"210"},"17":{"title":"The Times of India - Kanpur","price":"260"},"18":{"title":"The Times of India - Kolhapur","price":"110"},"19":{"title":"The Times of India - Lucknow","price":"750"},"20":{"title":"The Times of India - Madurai","price":"250"},"21":{"title":"The Times of India - Mangalore","price":"100"},"22":{"title":"The Times of India - Meerut","price":"106"},"23":{"title":"The Times of India - Mysore","price":"100"},"24":{"title":"The Times of India - Nagpur","price":"260"},"25":{"title":"The Times of India - Kerala","price":"350"},"26":{"title":"The Times of India - Kolhapur","price":"110"},"27":{"title":"The Times of India - Kolkata","price":"1000"},"28":{"title":"The Times of India - Lucknow","price":"750"},"29":{"title":"The Times of India - Madurai","price":"250"},"30":{"title":"The Times of India - Mangalore","price":"100"},"31":{"title":"The Times of India - Meerut","price":"106"},"32":{"title":"The Times of India - Mumbai","price":"5500"},"33":{"title":"The Times of India - Mysore","price":"100"}},"public tender notices":{"0":{"title":"The Times of India - Agra","price":"100"},"1":{"title":"The Times of India - Ahmedabad","price":"530"},"2":{"title":"The Times of india - Allahabad","price":"260"},"3":{"title":"The Times of India - Aurangabad","price":"100"},"4":{"title":"The Times of India - Bangalore","price":"1100"},"5":{"title":"The Times of India - Bareilly","price":"106"},"6":{"title":"The Times of India - Baroda","price":"266"},"7":{"title":"The Times of India - Bhopal","price":"300"},"8":{"title":"The Times of India - Bhubaneshwar","price":"315"},"9":{"title":"The Times of India - Chandigarh","price":"600"},"10":{"title":"The Times of India - Chennai","price":"790"},"11":{"title":"The Times of India - Cochin","price":"350"},"12":{"title":"The Times of India - Coimbatore","price":"400"},"13":{"title":"The Times of India - Dehradun","price":"126"},"14":{"title":"The Times of India - Delhi","price":"4200"},"15":{"title":"The Times of India - Delhi","price":"4200"},"16":{"title":"The Times of India - Delhi","price":"4200"},"17":{"title":"The Times of India - Delhi","price":"4200"},"18":{"title":"The Times of India - Delhi","price":"4200"},"19":{"title":"The Times of India - Goa","price":"154"},"20":{"title":"The Times Of India - Guwahati","price":"150"},"21":{"title":"The Times of India - Hubli","price":"100"},"22":{"title":"The Times of India - Hyderabad","price":"500"},"23":{"title":"The Times of India - Jaipur","price":"210"},"24":{"title":"The Times of India - Kanpur","price":"260"},"25":{"title":"The Times of India - Kerala","price":"350"},"26":{"title":"The Times of India - Kolhapur","price":"4200"},"27":{"title":"The Times Of India - Guwahati","price":"150"},"28":{"title":"The Times of India - Hubli","price":"100"},"29":{"title":"The Times of India - Hyderabad","price":"500"},"30":{"title":"The Times of India - Kanpur","price":"260"},"31":{"title":"The Times of India - Kerala","price":"350"},"32":{"title":"The Times of India - Kolhapur","price":"110"},"33":{"title":"The Times of India - Lucknow","price":"750"},"34":{"title":"The Times of India - Madurai","price":"250"},"35":{"title":"The Times of India - Mangalore","price":"100"},"36":{"title":"The Times of India - Meerut","price":"106"},"37":{"title":"The Times of India - Mumbai","price":"1300"},"38":{"title":"The Times of India - Mysore","price":"100"},"39":{"title":"The Times of India - Nagpur","price":"135"},"40":{"title":"The Times of India - Nashik","price":"135"},"41":{"title":"The Times of India - Patna","price":"580"},"42":{"title":"The Times of India - Pune","price":"715"},"43":{"title":"The Times of India - Rajkot","price":"110"},"44":{"title":"The Times of India - Ranchi","price":"189"}},"Services":{"0":{"title":"The Times of India + Maharashtra Times - Kolhapur","price":"210"},"1":{"title":"The Times of India + Navbharat Times - Delhi NCR","price":"3000"},"2":{"title":"Times of India + Maharashtra Times - Mumbai Edition","price":"1500"},"3":{"title":"Times of India - South Edition Package","price":"6000"},"4":{"title":"Times of India - North India Package","price":"6000"},"5":{"title":"Times of India -West India Package","price":"6000"},"6":{"title":"Times of India - East India Package","price":"2500"},"7":{"title":"Times of India + Navbharat Times -Mumbai","price":"1500"},"8":{"title":"The Times of India - Agra","price":"100"},"9":{"title":"The Times of India - Ahmedabad","price":"600"},"10":{"title":"The Times of india - Allahabad","price":"260"},"11":{"title":"The Times of India - Aurangabad","price":"100"},"12":{"title":"The Times of India - Bangalore","price":"1390"},"13":{"title":"The Times of India - Bareilly","price":"106"},"14":{"title":"The Times of India - Baroda","price":"600"},"15":{"title":"The Times of India - Bhopal","price":"195"},"16":{"title":"The Times of India - Bhubaneshwar","price":"315"},"17":{"title":"The Times of India - Chandigarh","price":"600"},"18":{"title":"The Times of India - Chennai","price":"790"},"19":{"title":"The Times of India - Cochin","price":"350"},"20":{"title":"The Times of India - Coimbatore","price":"400"},"21":{"title":"The Times of India - Dehradun","price":"126"},"22":{"title":"The Times of India - Delhi","price":"4200"},"23":{"title":"The Times of India - Delhi","price":"4200"},"24":{"title":"The Times of India - Delhi","price":"4200"},"25":{"title":"The Times of India - Delhi","price":"4200"},"26":{"title":"The Times of India - Delhi","price":"4200"},"27":{"title":"The Times Of India - Guwahati","price":"150"},"28":{"title":"The Times of India - Hubli","price":"100"},"29":{"title":"The Times of India - Hyderabad","price":"500"},"30":{"title":"The Times of India - Kanpur","price":"260"},"31":{"title":"The Times of India - Kerala","price":"350"},"32":{"title":"The Times of India - Kolhapur","price":"110"},"33":{"title":"The Times of India - Lucknow","price":"750"},"34":{"title":"The Times of India - Madurai","price":"250"},"35":{"title":"The Times of India - Mangalore","price":"100"},"36":{"title":"The Times of India - Meerut","price":"106"},"37":{"title":"The Times of India - Mumbai","price":"1300"},"38":{"title":"The Times of India - Mysore","price":"100"},"39":{"title":"The Times of India - Nagpur","price":"135"},"40":{"title":"The Times of India - Nashik","price":"135"},"41":{"title":"The Times of India - Patna","price":"580"},"42":{"title":"The Times of India - Pune","price":"715"},"43":{"title":"The Times of India - Rajkot","price":"110"},"44":{"title":"The Times of India - Ranchi","price":"189"},"45":{"title":"The Times of India - Surat","price":"600"},"46":{"title":"The Times of India - Trichy","price":"250"},"47":{"title":"The Times of India - Varanasi","price":"260"},"48":{"title":"The Times of India - Vijayawada","price":"50"},"49":{"title":"The Times of India - Visakhapatnam","price":"100"}},"Personal Announcement":{"0":{"title":"The Times of India - All Editions\n(All India 17 State Combo)","price":"13000"},"1":{"title":"The Times of India + Maharashtra Times - Kolhapur","price":"210"},"2":{"title":"The Times of India (Wkdy + Sun)+ The Economics Times + Ei Samay + Bardhaman- Kolkata","price":"2250"},"3":{"title":"The Times Of India - U.P + Economics Times + Navbharat Times - Lucknow","price":"1400"},"4":{"title":"The Times of India (Sun & Weekday) + The Economics Times + Mirror + Navbharat Times + Maharashtra Times - Mumbai","price":"5000"},"5":{"title":"The Times of India\nCoimbatore - (Sunday, Weekday)","price":"450"},"6":{"title":"The Times of India (Sun, Wkdy) + The Economic Times - Chennai","price":"1550"},"7":{"title":"The Times of India - Nagpur + Maharashtra Times - Nagpur","price":"300"},"8":{"title":"Times Of India Nashik Split - Pune Upcountry + Maharashtra Times - Nashik","price":"200"},"9":{"title":"The Times of India + Maharashtra Times - Aurangabad","price":"150"},"10":{"title":"Times of India(Sunday + weekday) + Maharashtra Times + The Economic Times - Pune","price":"1100"},"11":{"title":"The Times of India (Sndy, Wkdy) + The Economic Times - Delhi NCR","price":"2500"},"12":{"title":"The Times of India (Wkdy + Sun) + The Economic Times - Ahmadabad","price":"700"},"13":{"title":"The Times of India (Sndy + Wkdy) + Vijay Karnataka + Economics Times + Mirror - Bangalore","price":"2445"},"14":{"title":"Times of India + Navbharat Times + Sandhya Times - Delhi & Ncr","price":"2500"},"15":{"title":"Times of India + Maharashtra Times + The Economic Times - Pune","price":"1000"},"16":{"title":"Times of India - South Edition Package","price":"6000"},"17":{"title":"Times of India - North India Package","price":"6000"},"18":{"title":"Times of India -West India Package","price":"6000"},"19":{"title":"Times of India - East India Package","price":"2500"},"20":{"title":"The Times of India (Sun & Weekday)\nThe Economics Times + Mirror - Mumbai","price":"4000"},"21":{"title":"Times of India (Wkday + Sun) + Economic Times (Friday) - Hyderabad + Times of India (Vijayawada + Visakhapatnam)","price":"900"},"22":{"title":"The Times of India (Wkdy + Sun) + The Economic Times + Navgujarat Samay - Ahmedabad","price":"800"},"23":{"title":"The Times of India (Sndy, Wkdy) + The Economic Times -Madhya Pradesh","price":"950"},"24":{"title":"The Times of India - Delhi","price":"950"}},"Computers and Hardware":{"0":{"title":"The Times of India + Maharashtra Times - Kolhapur","price":"210"},"1":{"title":"The Times of India + Navbharat Times - Delhi NCR","price":"1250"},"2":{"title":"Times of India + Maharashtra Times - Mumbai Edition","price":"1200"},"3":{"title":"Times of India - South Edition Package","price":"6000"},"4":{"title":"Times of India - North India Package","price":"6000"},"5":{"title":"The Times of India (Weekday + Sunday) - Kerala","price":"350"},"6":{"title":"Times of India + Navbharat Times -Mumbai","price":"1200"},"7":{"title":"The Times of India - Agra","price":"100"},"8":{"title":"The Times of India - Ahmedabad","price":"530"},"9":{"title":"The Times of india - Allahabad","price":"260"},"10":{"title":"The Times of India - Aurangabad","price":"100"},"11":{"title":"The Times of India - Bangalore","price":"1100"},"12":{"title":"The Times of India - Bareilly","price":"106"},"13":{"title":"The Times of India - Baroda","price":"266"},"14":{"title":"The Times of India - Bhopal","price":"350"},"15":{"title":"The Times of India - Bhubaneshwar","price":"315"},"16":{"title":"The Times of India - Chandigarh","price":"600"},"17":{"title":"The Times of India - Chennai","price":"790"},"18":{"title":"The Times of India - Cochin","price":"300"},"19":{"title":"The Times of India - Coimbatore","price":"400"},"20":{"title":"The Times of India - Dehradun","price":"126"},"21":{"title":"The Times of India - Delhi","price":"950"},"22":{"title":"The Times of India - Delhi","price":"950"},"23":{"title":"The Times of India - Delhi","price":"950"},"24":{"title":"The Times of India - Delhi","price":"950"},"25":{"title":"The Times of India - Delhi","price":"950"},"26":{"title":"The Times of India - Goa","price":"154"},"27":{"title":"The Times Of India - Guwahati","price":"150"},"28":{"title":"The Times of India - Hubli","price":"100"},"29":{"title":"The Times of India - Hyderabad","price":"720"},"30":{"title":"The Times of India - Jaipur","price":"210"},"31":{"title":"The Times of India - Kanpur","price":"260"},"32":{"title":"The Times of India - Kerala","price":"300"},"33":{"title":"The Times of India - Kolhapur","price":"110"},"34":{"title":"The Times of India - Lucknow","price":"960"},"35":{"title":"The Times of India - Madurai","price":"250"},"36":{"title":"The Times of India - Mangalore","price":"100"},"37":{"title":"The Times of India - Meerut","price":"106"},"38":{"title":"The Times of India - Mumbai","price":"2300"},"39":{"title":"The Times of India - Mysore","price":"100"},"40":{"title":"The Times of India - Nagpur","price":"135"},"41":{"title":"The Times of India - Nashik","price":"135"},"42":{"title":"The Times of India - Patna","price":"580"},"43":{"title":"The Times of India - Pune","price":"325"},"44":{"title":"The Times of India - Rajkot","price":"110"},"45":{"title":"The Times of India - Ranchi","price":"680"},"46":{"title":"The Times of India - Surat","price":"100"},"47":{"title":"The Times of India - Trichy","price":"250"},"48":{"title":"The Times of India - Varanasi","price":"260"},"49":{"title":"The Times of India - Vijayawada","price":"50"},"50":{"title":"The Times of India - Visakhapatnam","price":"100"}},"Vehicles Automobiles":{"0":{"title":"The Times of India - All Editions\n(All India 17 State Combo)","price":"13000"},"1":{"title":"The Times of India + Maharashtra Times - Kolhapur","price":"210"},"2":{"title":"The Times of India (Wkdy + Sun)+ The Economics Times + Ei Samay + Bardhaman- Kolkata","price":"2250"},"3":{"title":"The Times Of India - U.P + Economics Times + Navbharat Times - Lucknow","price":"1400"},"4":{"title":"The Times of India (Sun & Weekday) + The Economics Times + Mirror + Navbharat Times + Maharashtra Times - Mumbai","price":"5000"},"5":{"title":"The Times of India\nCoimbatore - (Sunday, Weekday)","price":"450"},"6":{"title":"The Times of India - Delhi NCR\n(Sunday, Weekday)","price":"2860"},"7":{"title":"The Times of India (Sun, Wkdy) + The Economic Times - Chennai","price":"1550"},"8":{"title":"The Times of India - Nagpur + Maharashtra Times - Nagpur","price":"300"},"9":{"title":"Times Of India Nashik Split - Pune Upcountry + Maharashtra Times - Nashik","price":"200"},"10":{"title":"The Times of India + Maharashtra Times - Aurangabad","price":"150"},"11":{"title":"Times of India(Sunday + weekday) + Maharashtra Times + The Economic Times - Pune","price":"1100"},"12":{"title":"The Times of India (Wkdy + Sun) + The Economic Times - Ahmadabad","price":"700"},"13":{"title":" Vijay Karnataka - All Edition + (The Times of India - Mysore, Mangalore & Hubli ) + Mirror - Bangalore","price":"6000"},"14":{"title":"Times of India - North India Package","price":"6000"}},"Entertainment":{"0":{"title":"The Times of India - Agra","price":"100"},"1":{"title":"The Times of India - Ahmedabad","price":"530"},"2":{"title":"The Times of india - Allahabad","price":"260"}}}