{
    "Matrimonial": {
        "0": {
            "title": "The Hindu - All Editions + Delhi",
            "price": "1430"
        }
    },
    "Marriage Bureau": {
        "0": {
            "title": "The Hindu - All Editions + Delhi",
            "price": "1430"
        }
    },
    "Change of Name": {
        "0": {
            "title": "The Hindu - All Editions + Delhi",
            "price": "1430"
        }
    },
    "Recruitment job": {
        "0": {
            "title": "The Hindu - All Editions + Delhi",
            "price": "1430"
        }
    },
    "Education": {
        "0": {
            "title": "The Hindu - All Editions + Delhi",
            "price": "1430"
        }
    },
    "property real estate": {
        "0": {
            "title": "The Hindu - All Editions + Delhi",
            "price": "1430"
        }
    },
    "Lost and Found": {
        "0": {
            "title": "The Hindu - All Editions + Delhi",
            "price": "1430"
        }
    },
    "Business": {
        "0": {
            "title": "The Hindu - All Editions + Delhi",
            "price": "1430"
        }
    },
    "Obituary(Death Announcement)": {
        "0": {
            "title": "The Hindu - All Editions + Delhi",
            "price": "1430"
        }
    },
    "Remembrance(Unforgettable)": {
        "0": {
            "title": "The Hindu - All Editions + Delhi",
            "price": "1430"
        }
    },
    "public tender notices": {
        "0": {
            "title": "The Hindu - All Editions + Delhi",
            "price": "1430"
        }
    },
    "Services": {
        "0": {
            "title": "The Hindu - All Editions + Delhi",
            "price": "1430"
        }
    },
    "Retail/Shopping": {
        "0": {
            "title": "The Hindu - All Editions + Delhi",
            "price": "1430"
        }
    },
    "Personal Announcement": {
        "0": {
            "title": "The Hindu - All Editions + Delhi",
            "price": "1430"
        }
    },
    "Computers and Hardware": {
        "0": {
            "title": "The Hindu - All Editions + Delhi",
            "price": "1430"
        }
    },
    "Astrology": {
        "0": {
            "title": "The Hindu - All Editions + Delhi",
            "price": "1430"
        }
    },
    "Vehicles Automobiles": {
        "0": {
            "title": "The Hindu - All Editions + Delhi",
            "price": "1430"
        }
    },
    "Tours and Travel": {
        "0": {
            "title": "The Hindu - All Editions + Delhi",
            "price": "1430"
        }
    },
    "Property-Rental": {
        "0": {
            "title": "The Hindu - All Editions + Delhi",
            "price": "1430"
        }
    },
    "Entertainment": {
        "0": {
            "title": "The Hindu - All Editions + Delhi",
            "price": "1430"
        }
    },
    "Real Estate Selling": {
        "0": {
            "title": "The Hindu - All Editions + Delhi",
            "price": "215"
        }
    },
    "Beauty & Wellness": {
        "0": {
            "title": "The Hindu - Bangalore",
            "price": "215"
        },
        "1": {
            "title": "The Hindu - Chennai",
            "price": "240"
        },
        "2": {
            "title": "The Hindu - Coimbatore",
            "price": "585"
        },
        "3": {
            "title": "The Hindu - Delhi",
            "price": "440"
        },
        "4": {
            "title": "The Hindu - Hyderabad",
            "price": "380"
        },
        "5": {
            "title": "The Hindu - Kolkata",
            "price": "367"
        },
        "6": {
            "title": "The Hindu - Madurai",
            "price": "300"
        },
        "7": {
            "title": "The Hindu - Nasapondy",
            "price": "190"
        },
        "8": {
            "title": "The Hindu - Trichy",
            "price": "330"
        },
        "9": {
            "title": "The Hindu - Trivandrum",
            "price": "300"
        },
        "10": {
            "title": "The Hindu - Vijayawada",
            "price": "200"
        },
        "11": {
            "title": "The Hindu - Visakhapatnam",
            "price": "200"
        },
        "12": {
            "title": "The Hindu -Kerala",
            "price": "425"
        },
        "13": {
            "title": "The Hindu -KHOZIKHODE",
            "price": "180"
        }
    },
    "Call Centre Employees": {
        "0": {
            "title": "The Hindu - Bangalore",
            "price": "215"
        },
        "1": {
            "title": "The Hindu - Chennai",
            "price": "240"
        },
        "2": {
            "title": "The Hindu - Coimbatore",
            "price": "585"
        },
        "3": {
            "title": "The Hindu - Delhi",
            "price": "440"
        },
        "4": {
            "title": "The Hindu - Hyderabad",
            "price": "380"
        },
        "5": {
            "title": "The Hindu - Kolkata",
            "price": "367"
        },
        "6": {
            "title": "The Hindu - Madurai",
            "price": "300"
        },
        "7": {
            "title": "The Hindu - Nasapondy",
            "price": "190"
        },
        "8": {
            "title": "The Hindu - Trichy",
            "price": "330"
        },
        "9": {
            "title": "The Hindu - Trivandrum",
            "price": "300"
        },
        "10": {
            "title": "The Hindu - Vijayawada",
            "price": "200"
        },
        "11": {
            "title": "The Hindu - Visakhapatnam",
            "price": "200"
        },
        "12": {
            "title": "The Hindu - Vijayawada",
            "price": "200"
        },
        "13": {
            "title": "The Hindu - Visakhapatnam",
            "price": "200"
        }
    },
    "Prajapati": {
        "0": {
            "title": "The Hindu - All Editions + Delhi",
            "price": "3100"
        },
        "1": {
            "title": "The Hindu - All Southern Edition",
            "price": "2935"
        },
        "2": {
            "title": "The Hindu - Bangalore",
            "price": "215"
        },
        "3": {
            "title": "The Hindu - Chennai",
            "price": "2000"
        },
        "4": {
            "title": "The Hindu - Coimbatore",
            "price": "585"
        },
        "5": {
            "title": "The Hindu - Delhi",
            "price": "550"
        },
        "6": {
            "title": "The Hindu - Hyderabad",
            "price": "380"
        },
        "7": {
            "title": "The Hindu - Madurai",
            "price": "260"
        },
        "8": {
            "title": "The Hindu - Mangalore",
            "price": "200"
        },
        "9": {
            "title": "The Hindu - Mysore",
            "price": "200"
        },
        "10": {
            "title": "The Hindu - Trichy",
            "price": "300"
        },
        "11": {
            "title": "The Hindu - Trivandrum",
            "price": "300"
        },
        "12": {
            "title": "The Hindu - Vijayawada",
            "price": "200"
        },
        "13": {
            "title": "The Hindu - Visakhapatnam",
            "price": "200"
        }
    },
    "Bungalow For Sale": {
        "0": {
            "title": "The Hindu - All Editions + Delhi",
            "price": "3100"
        },
        "1": {
            "title": "The Hindu - All Southern Edition",
            "price": "2935"
        },
        "2": {
            "title": "The Hindu - Bangalore",
            "price": "215"
        },
        "3": {
            "title": "The Hindu - Chennai",
            "price": "2000"
        },
        "4": {
            "title": "The Hindu - Coimbatore",
            "price": "585"
        },
        "5": {
            "title": "The Hindu - Delhi",
            "price": "550"
        },
        "6": {
            "title": "The Hindu - Hyderabad",
            "price": "380"
        },
        "7": {
            "title": "The Hindu - Madurai",
            "price": "260"
        },
        "8": {
            "title": "The Hindu - Mangalore",
            "price": "200"
        },
        "9": {
            "title": "The Hindu - Mysore",
            "price": "200"
        },
        "10": {
            "title": "The Hindu - Trichy",
            "price": "300"
        },
        "11": {
            "title": "The Hindu - Trivandrum",
            "price": "300"
        },
        "12": {
            "title": "The Hindu - Vijayawada",
            "price": "200"
        },
        "13": {
            "title": "The Hindu - Visakhapatnam",
            "price": "200"
        }
    }
}