{"Education":{"0":{"title":"2 Ads H2 Head Hunt\nAppointment Special The Prameya","price":"8000"}},"property real estate":{"0":{"title":"2 Ads H2 Head Hunt\nAppointment Special The Prameya","price":"8000"}},"Lost and Found":{"0":{"title":"2 Ads H2 Head Hunt\nAppointment Special The Prameya","price":"8000"}},"Business":{"0":{"title":"2 Ads H2 Head Hunt\nAppointment Special The Prameya","price":"8000"}},"Obituary(Death Announcement)":{"0":{"title":"2 Ads H2 Head Hunt\nAppointment Special The Prameya","price":"8000"}},"Remembrance(Unforgettable)":{"0":{"title":"2 Ads H2 Head Hunt\nAppointment Special The Prameya","price":"8000"}},"public tender notices":{"0":{"title":"2 Ads H2 Head Hunt\nAppointment Special The Prameya","price":"8000"}},"Services":{"0":{"title":"2 Ads H2 Head Hunt\nAppointment Special The Prameya","price":"8000"}},"Retail/Shopping":{"0":{"title":"2 Ads H2 Head Hunt\nAppointment Special The Prameya","price":"8000"}},"Personal Announcement":{"0":{"title":"2 Ads H2 Head Hunt\nAppointment Special The Prameya","price":"8000"}},"Computers and Hardware":{"0":{"title":"2 Ads H2 Head Hunt\nAppointment Special The Prameya","price":"8000"}},"Astrology":{"0":{"title":"2 Ads H2 Head Hunt\nAppointment Special The Prameya","price":"8000"}},"Vehicles Automobiles":{"0":{"title":"2 Ads H2 Head Hunt\nAppointment Special The Prameya","price":"8000"}},"Tours and Travel":{"0":{"title":"2 Ads H2 Head Hunt\nAppointment Special The Prameya","price":"8000"}},"Property-Rental":{"0":{"title":"2 Ads H2 Head Hunt Appointment Special The Prameya ","price":"8000"}}}