{"Recruitment job":{"0":{"title":"The Statesman -Kolkata","price":"700"}},"Education":{"0":{"title":"The Statesman -Kolkata","price":"700"}},"property real estate":{"0":{"title":"The Statesman -Kolkata","price":"700"}},"Lost and Found":{"0":{"title":"The Statesman -Kolkata","price":"700"}},"Business":{"0":{"title":"The Statesman -Kolkata","price":"700"}},"Obituary(Death Announcement)":{"0":{"title":"The Statesman -Kolkata","price":"700"}},"Remembrance(Unforgettable)":{"0":{"title":"The Statesman -Kolkata","price":"700"}},"public tender notices":{"0":{"title":"The Statesman -Kolkata","price":"700"}},"Services":{"0":{"title":"The Statesman -Kolkata","price":"700"}},"Retail/Shopping":{"0":{"title":"The Statesman -Kolkata","price":"700"}},"Personal Announcement":{"0":{"title":"The Statesman -Kolkata","price":"700"}},"Computers and Hardware":{"0":{"title":"The Statesman -Kolkata","price":"700"}},"Astrology":{"0":{"title":"The Statesman -Kolkata","price":"700"}},"Vehicles Automobiles":{"0":{"title":"The Statesman -Kolkata","price":"700"}},"Tours and Travel":{"0":{"title":"The Statesman -Kolkata","price":"700"}},"Property-Rental":{"0":{"title":"The Statesman -Kolkata","price":"700"}},"Entertainment":{"0":{"title":"The Statesman -Kolkata","price":"700"}}}