{"Matrimonial":{"0":{"title":"The india Express - All Editions","price":"450"}},"Marriage Bureau":{"0":{"title":"The india Express - All Editions","price":"450"}},"Change of Name":{"0":{"title":"The india Express - All Editions","price":"450"}},"Recruitment job":{"0":{"title":"The india Express - All Editions","price":"450"}},"Education":{"0":{"title":"The india Express - All Editions","price":"450"}},"property real estate":{"0":{"title":"The india Express - All Editions","price":"450"}},"Lost and Found":{"0":{"title":"The india Express - All Editions","price":"450"}},"Business":{"0":{"title":"The india Express - All Editions","price":"450"}},"Obituary(Death Announcement)":{"0":{"title":"The india Express - All Editions","price":"450"}},"Remembrance(Unforgettable)":{"0":{"title":"The india Express - All Editions","price":"450"}},"public tender notices":{"0":{"title":"The india Express - All Editions","price":"450"}},"Services":{"0":{"title":"The india Express - All Editions","price":"450"}},"Retail/Shopping":{"0":{"title":"The india Express - All Editions","price":"900"},"1":{"title":"The Indian Express - ( Mumbai + Pune ) Edition","price":"480"},"2":{"title":"The Indian Express + Loksatta - Pune","price":"400"},"3":{"title":"The Indian Express + Loksatta - Nagpur","price":"140"},"4":{"title":"The Indian Express + Jansatta - Delhi","price":"340"},"5":{"title":"The Indian Express + Jansatta - Chandigarh","price":"465"},"6":{"title":"The Indian Express - Ahmedabad","price":"90"},"7":{"title":"The Indian Express - Chandigarh","price":"300"},"8":{"title":"The Indian Express - Delhi","price":"220"},"9":{"title":"The Indian Express - Lucknow","price":"100"},"10":{"title":"The Indian Express - Mumbai","price":"350"},"11":{"title":"The Indian Express - Nagpur","price":"100"},"12":{"title":"The Indian Express - Pune","price":"300"}},"Personal Announcement":{"0":{"title":"The india Express - All Editions","price":"900"},"1":{"title":"The Indian Express - ( Mumbai + Pune ) Edition","price":"480"},"2":{"title":"The Indian Express + Loksatta - Pune","price":"400"},"3":{"title":"The Indian Express + Loksatta - Nagpur","price":"140"},"4":{"title":"The Indian Express + Jansatta - Delhi","price":"340"},"5":{"title":"The Indian Express + Jansatta - Chandigarh","price":"465"},"6":{"title":"The Indian Express - Ahmedabad","price":"90"},"7":{"title":"The Indian Express - Chandigarh","price":"300"},"8":{"title":"The Indian Express - Delhi","price":"220"},"9":{"title":"The Indian Express - Lucknow","price":"100"},"10":{"title":"The Indian Express - Mumbai","price":"350"},"11":{"title":"The Indian Express - Nagpur","price":"100"},"12":{"title":"The Indian Express - Pune","price":"300"}},"Computers and Hardware":{"0":{"title":"The india Express - All Editions","price":"900"},"1":{"title":"The Indian Express - ( Mumbai + Pune ) Edition","price":"480"},"2":{"title":"The Indian Express + Loksatta - Pune","price":"400"},"3":{"title":"The Indian Express + Loksatta - Nagpur","price":"140"},"4":{"title":"Loksatta + The Indian Express - Mumbai","price":"1800"},"5":{"title":"The Indian Express + Jansatta - Delhi","price":"340"},"6":{"title":"The Indian Express + Jansatta - Chandigarh","price":"465"},"7":{"title":"The Indian Express - Ahmedabad","price":"90"},"8":{"title":"The Indian Express - Chandigarh","price":"300"},"9":{"title":"The Indian Express - Delhi","price":"220"},"10":{"title":"The Indian Express - Lucknow","price":"100"},"11":{"title":"The Indian Express - Mumbai","price":"350"},"12":{"title":"The Indian Express - Nagpur","price":"100"}},"Astrology":{"0":{"title":"The india Express - All Editions","price":"900"},"1":{"title":"The Indian Express - ( Mumbai + Pune ) Edition","price":"480"},"2":{"title":"The Indian Express + Loksatta - Pune","price":"400"},"3":{"title":"The Indian Express + Loksatta - Nagpur","price":"140"},"4":{"title":"Loksatta + The Indian Express - Mumbai","price":"1800"},"5":{"title":"The Indian Express + Jansatta - Delhi","price":"340"},"6":{"title":"The Indian Express + Jansatta - Chandigarh","price":"465"},"7":{"title":"The Indian Express - Ahmedabad","price":"90"},"8":{"title":"The Indian Express - Chandigarh","price":"300"},"9":{"title":"The Indian Express - Delhi","price":"220"},"10":{"title":"The Indian Express - Lucknow","price":"100"},"11":{"title":"The Indian Express - Mumbai","price":"350"},"12":{"title":"The Indian Express - Nagpur","price":"100"},"13":{"title":"The Indian Express - Pune","price":"300"}},"Vehicles Automobiles":{"0":{"title":"The india Express - All Editions","price":"900"},"1":{"title":"The Indian Express - ( Mumbai + Pune ) Edition","price":"480"},"2":{"title":"The Indian Express + Loksatta - Pune","price":"400"},"3":{"title":"The Indian Express + Loksatta - Nagpur","price":"140"},"4":{"title":"Loksatta + The Indian Express - Mumbai","price":"1800"},"5":{"title":"The Indian Express + Jansatta - Delhi","price":"340"},"6":{"title":"The Indian Express + Jansatta - Chandigarh","price":"465"},"7":{"title":"The Indian Express - Ahmedabad","price":"90"},"8":{"title":"The Indian Express - Chandigarh","price":"300"},"9":{"title":"The Indian Express - Delhi","price":"220"},"10":{"title":"The Indian Express - Lucknow","price":"100"},"11":{"title":"The Indian Express - Mumbai","price":"350"},"12":{"title":"The Indian Express - Nagpur","price":"100"},"13":{"title":"The Indian Express - Pune","price":"300"}},"Tours and Travel":{"0":{"title":"The india Express - All Editions","price":"900"},"1":{"title":"The Indian Express - ( Mumbai + Pune ) Edition","price":"480"},"2":{"title":"The Indian Express + Loksatta - Pune","price":"400"},"3":{"title":"The Indian Express + Loksatta - Nagpur","price":"140"},"4":{"title":"Loksatta + The Indian Express - Mumbai","price":"1800"},"5":{"title":"The Indian Express + Jansatta - Delhi","price":"340"},"6":{"title":"The Indian Express + Jansatta - Chandigarh","price":"465"},"7":{"title":"The Indian Express - Ahmedabad","price":"90"},"8":{"title":"The Indian Express - Chandigarh","price":"300"},"9":{"title":"The Indian Express - Delhi","price":"220"},"10":{"title":"The Indian Express - Lucknow","price":"100"},"11":{"title":"The Indian Express - Mumbai","price":"350"},"12":{"title":"The Indian Express - Nagpur","price":"100"},"13":{"title":"The Indian Express - Pune","price":"300"}},"Property-Rental":{"0":{"title":"The india Express - All Editions","price":"900"},"1":{"title":"The Indian Express - ( Mumbai + Pune ) Edition","price":"480"},"2":{"title":"The Indian Express + Loksatta - Pune","price":"400"},"3":{"title":"The Indian Express + Loksatta - Nagpur","price":"140"},"4":{"title":"The Indian Express + Jansatta - Delhi","price":"340"},"5":{"title":"The Indian Express + Jansatta - Chandigarh","price":"465"},"6":{"title":"The Indian Express - Ahmedabad","price":"90"},"7":{"title":"The Indian Express - Chandigarh","price":"300"},"8":{"title":"The Indian Express - Delhi","price":"220"},"9":{"title":"The Indian Express - Lucknow","price":"100"},"10":{"title":"The Indian Express - Mumbai","price":"350"},"11":{"title":"The Indian Express - Nagpur","price":"100"},"12":{"title":"The Indian Express - Pune","price":"300"}},"Entertainment":{"0":{"title":"The india Express - All Editions","price":"900"},"1":{"title":"The Indian Express - ( Mumbai + Pune ) Edition","price":"480"},"2":{"title":"The Indian Express + Loksatta - Pune","price":"400"},"3":{"title":"The Indian Express + Loksatta - Nagpur","price":"140"},"4":{"title":"The Indian Express + Jansatta - Delhi","price":"340"},"5":{"title":"The Indian Express + Jansatta - Chandigarh","price":"465"},"6":{"title":"The Indian Express - Ahmedabad","price":"90"},"7":{"title":"The Indian Express - Chandigarh","price":"300"},"8":{"title":"The Indian Express - Delhi","price":"220"},"9":{"title":"The Indian Express - Lucknow","price":"100"},"10":{"title":"The Indian Express - Mumbai","price":"350"},"11":{"title":"The Indian Express - Nagpur","price":"100"},"12":{"title":"The Indian Express - Pune","price":"300"}},"Real Estate Selling":{"0":{"title":"The india Express - All Editions","price":"900"},"1":{"title":"The Indian Express - ( Mumbai + Pune ) Edition","price":"480"},"2":{"title":"The Indian Express + Loksatta - Pune","price":"400"},"3":{"title":"The Indian Express + Loksatta - Nagpur","price":"140"},"4":{"title":"Loksatta + The Indian Express - Mumbai","price":"1800"},"5":{"title":"The Indian Express + Jansatta - Delhi","price":"340"},"6":{"title":"The Indian Express + Jansatta - Chandigarh","price":"465"},"7":{"title":"The Indian Express - Ahmedabad","price":"90"},"8":{"title":"The Indian Express - Chandigarh","price":"300"},"9":{"title":"The Indian Express - Delhi","price":"220"},"10":{"title":"The Indian Express - Lucknow","price":"100"},"11":{"title":"The Indian Express - Mumbai","price":"350"},"12":{"title":"The Indian Express - Nagpur","price":"100"}},"Beauty & Wellness":{"0":{"title":"The india Express - All Editions","price":"900"},"1":{"title":"The Indian Express - ( Mumbai + Pune ) Edition","price":"480"},"2":{"title":"The Indian Express + Loksatta - Pune","price":"400"},"3":{"title":"The Indian Express + Loksatta - Nagpur","price":"140"},"4":{"title":"Loksatta + The Indian Express - Mumbai","price":"1800"},"5":{"title":"The Indian Express + Jansatta - Delhi","price":"340"},"6":{"title":"The Indian Express + Jansatta - Chandigarh","price":"465"},"7":{"title":"The Indian Express - Lucknow","price":"100"},"8":{"title":"The Indian Express - Mumbai","price":"350"},"9":{"title":"The Indian Express - Nagpur","price":"100"},"10":{"title":"The Indian Express - Pune","price":"300"},"11":{"title":"The Indian Express - Mumbai","price":"350"},"12":{"title":"The Indian Express - Nagpur","price":"100"},"13":{"title":"The Indian Express - Pune","price":"300"}},"Call Centre Employees":{"0":{"title":"The india Express - All Editions","price":"900"},"1":{"title":"The Indian Express - ( Mumbai + Pune ) Edition","price":"480"},"2":{"title":"The Indian Express + Loksatta - Pune","price":"400"},"3":{"title":"The Indian Express + Loksatta - Nagpur","price":"140"},"4":{"title":"Loksatta + The Indian Express - Mumbai","price":"1800"},"5":{"title":"The Indian Express + Jansatta - Delhi","price":"340"},"6":{"title":"The Indian Express + Jansatta - Chandigarh","price":"465"},"7":{"title":"The Indian Express - Ahmedabad","price":"90"},"8":{"title":"The Indian Express - Chandigarh","price":"300"},"9":{"title":"The Indian Express - Delhi","price":"220"},"10":{"title":"The Indian Express - Lucknow","price":"100"},"11":{"title":"The Indian Express - Mumbai","price":"350"},"12":{"title":"The Indian Express - Nagpur","price":"100"},"13":{"title":"The Indian Express - Pune","price":"300"}},"Prajapati":{"0":{"title":"The india Express - All Editions","price":"900"},"1":{"title":"The Indian Express - ( Mumbai + Pune ) Edition","price":"480"},"2":{"title":"The Indian Express + Loksatta - Pune","price":"400"},"3":{"title":"The Indian Express + Loksatta - Nagpur","price":"140"},"4":{"title":"Loksatta + The Indian Express - Mumbai","price":"1800"},"5":{"title":"The Indian Express + Jansatta - Delhi","price":"340"},"6":{"title":"The Indian Express + Jansatta - Chandigarh","price":"465"},"7":{"title":"The Indian Express - Ahmedabad","price":"90"},"8":{"title":"The Indian Express - Chandigarh","price":"300"},"9":{"title":"The Indian Express - Delhi","price":"220"},"10":{"title":"The Indian Express - Lucknow","price":"100"},"11":{"title":"The Indian Express - Mumbai","price":"350"},"12":{"title":"The Indian Express - Nagpur","price":"100"},"13":{"title":"The Indian Express - Pune","price":"300"}},"Bungalow For Sale":{"0":{"title":"The india Express - All Editions","price":"900"},"1":{"title":"The Indian Express - ( Mumbai + Pune ) Edition","price":"480"},"2":{"title":"The Indian Express + Loksatta - Pune","price":"400"},"3":{"title":"The Indian Express + Loksatta - Nagpur","price":"140"},"4":{"title":"Loksatta + The Indian Express - Mumbai","price":"1800"},"5":{"title":"The Indian Express + Jansatta - Delhi","price":"340"},"6":{"title":"The Indian Express + Jansatta - Chandigarh","price":"465"},"7":{"title":"The Indian Express - Ahmedabad","price":"90"},"8":{"title":"The Indian Express - Chandigarh","price":"300"},"9":{"title":"The Indian Express - Delhi","price":"220"},"10":{"title":"The Indian Express - Lucknow","price":"100"},"11":{"title":"The Indian Express - Mumbai","price":"350"},"12":{"title":"The Indian Express - Nagpur","price":"100"},"13":{"title":"The Indian Express - Pune","price":"300"}},"For Rent/Lease/To Let":{"0":{"title":"Loksatta + The Indian Express - Mumbai","price":"1800"},"1":{"title":"The Indian Express + Jansatta - Delhi","price":"340"},"2":{"title":"The Indian Express + Jansatta - Chandigarh","price":"465"}},"Outright Sale":{"0":{"title":"Loksatta + The Indian Express - Mumbai","price":"900"},"1":{"title":"The Indian Express - ( Mumbai + Pune ) Edition","price":"480"},"2":{"title":"The Indian Express + Loksatta - Pune","price":"400"}},"Property Others":{"0":{"title":"The india Express - All Editions","price":"900"},"1":{"title":"The Indian Express - ( Mumbai + Pune ) Edition","price":"480"},"2":{"title":"The Indian Express + Loksatta - Pune","price":"400"},"3":{"title":"The Indian Express + Loksatta - Nagpur","price":"140"},"4":{"title":"Loksatta + The Indian Express - Mumbai","price":"1800"},"5":{"title":"The Indian Express + Jansatta - Delhi","price":"340"},"6":{"title":"The Indian Express + Jansatta - Chandigarh","price":"465"},"7":{"title":"The Indian Express - Ahmedabad","price":"90"},"8":{"title":"The Indian Express - Chandigarh","price":"300"},"9":{"title":"The Indian Express - Delhi","price":"220"},"10":{"title":"The Indian Express - Lucknow","price":"100"},"11":{"title":"The Indian Express - Mumbai","price":"350"},"12":{"title":"The Indian Express - Nagpur","price":"100"},"13":{"title":"The Indian Express - Pune","price":"300"}}}