{"Matrimonial":{"0":{"title":"The Economic Times - All Editions\n( 11 Cities Covered)","price":"2000"},"1":{"title":"Delhi Barat Package :\nTOI - (Delhi NCR + Uttrakhand) + NBT + Economic Times - Delhi Ncr","price":"3900"},"2":{"title":"Rishta package :\nTOI (Delhi NCR + Uttrakhand) + Economic Times - Delhi Ncr","price":"4000"}},"Marriage Bureau":{"0":{"title":"The Economic Times - All Editions\n( 11 Cities Covered)","price":"2000"},"1":{"title":"Delhi Barat Package :\nTOI - (Delhi NCR + Uttrakhand) + NBT + Economic Times - Delhi Ncr","price":"3900"},"2":{"title":"Rishta package :\nTOI (Delhi NCR + Uttrakhand) + Economic Times - Delhi Ncr","price":"4000"}},"Change of Name":{"0":{"title":"The Economic Times - All Editions\n( 11 Cities Covered)","price":"2000"},"1":{"title":"Delhi Barat Package :\nTOI - (Delhi NCR + Uttrakhand) + NBT + Economic Times - Delhi Ncr","price":"3900"},"2":{"title":"Rishta package :\nTOI (Delhi NCR + Uttrakhand) + Economic Times - Delhi Ncr","price":"4000"}},"Recruitment job":{"0":{"title":"The Economic Times - All Editions\n( 11 Cities Covered)","price":"2000"},"1":{"title":"Delhi Barat Package :\nTOI - (Delhi NCR + Uttrakhand) + NBT + Economic Times - Delhi Ncr","price":"3900"},"2":{"title":"Rishta package :\nTOI (Delhi NCR + Uttrakhand) + Economic Times - Delhi Ncr","price":"4000"}},"Education":{"0":{"title":"The Economic Times - All Editions\n( 11 Cities Covered)","price":"2000"},"1":{"title":"Delhi Barat Package :\nTOI - (Delhi NCR + Uttrakhand) + NBT + Economic Times - Delhi Ncr","price":"3900"},"2":{"title":"Rishta package :\nTOI (Delhi NCR + Uttrakhand) + Economic Times - Delhi Ncr","price":"4000"}},"property real estate":{"0":{"title":"The Economic Times - All Editions\n( 11 Cities Covered)","price":"2000"},"1":{"title":"Delhi Barat Package :\nTOI - (Delhi NCR + Uttrakhand) + NBT + Economic Times - Delhi Ncr","price":"3900"},"2":{"title":"Rishta package :\nTOI (Delhi NCR + Uttrakhand) + Economic Times - Delhi Ncr","price":"4000"}},"Lost and Found":{"0":{"title":"The Economic Times - All Editions\n( 11 Cities Covered)","price":"2000"},"1":{"title":"Delhi Barat Package :\nTOI - (Delhi NCR + Uttrakhand) + NBT + Economic Times - Delhi Ncr","price":"3900"},"2":{"title":"Rishta package :\nTOI (Delhi NCR + Uttrakhand) + Economic Times - Delhi Ncr","price":"4000"}},"Business":{"0":{"title":"The Economic Times - All Editions\n( 11 Cities Covered)","price":"2000"},"1":{"title":"Delhi Barat Package :\nTOI - (Delhi NCR + Uttrakhand) + NBT + Economic Times - Delhi Ncr","price":"3900"},"2":{"title":"Rishta package :\nTOI (Delhi NCR + Uttrakhand) + Economic Times - Delhi Ncr","price":"4000"}},"Obituary(Death Announcement)":{"0":{"title":"The Economic Times - All Editions  ( 11 Cities Covered)","price":"2000"},"1":{"title":"Delhi Barat Package :\nTOI - (Delhi NCR + Uttrakhand) + NBT + Economic Times - Delhi Ncr","price":"3900"},"2":{"title":"Rishta package :\nTOI (Delhi NCR + Uttrakhand) + Economic Times - Delhi Ncr","price":"4000"}},"Remembrance(Unforgettable)":{"0":{"title":"The Economic Times - All Editions\n( 11 Cities Covered)","price":"2000"},"1":{"title":"Delhi Barat Package :\nTOI - (Delhi NCR + Uttrakhand) + NBT + Economic Times - Delhi Ncr","price":"3900"},"2":{"title":"Rishta package :\nTOI (Delhi NCR + Uttrakhand) + Economic Times - Delhi Ncr","price":"4000"}},"public tender notices":{"0":{"title":"The Economic Times + EI Samay - Kolkata","price":"650"},"1":{"title":"The Economic Times + Navbharat Times -Delhi & NCR","price":"725"},"2":{"title":"The Economic Times + Vijay Karnataka -Bangalore","price":"525"}},"Services":{"0":{"title":"The Economic Times + EI Samay - Kolkata","price":"650"},"1":{"title":"The Economic Times + Navbharat Times -Delhi & NCR","price":"725"},"2":{"title":"The Economic Times + Vijay Karnataka -Bangalore","price":"525"},"3":{"title":"The Economic Times + Maharashtra Times - Mumbai","price":"600"},"4":{"title":"The Economic Times + Navbharat Times -Mumbai","price":"600"},"5":{"title":"The Economic Times - Bangalore","price":"225"},"6":{"title":"The Economic Times - Chennai","price":"350"},"7":{"title":"The Economic Times - Delhi","price":"240"},"8":{"title":"The Economic Times - Lucknow","price":"87"},"9":{"title":"The Economic Times - Mumbai","price":"250"}},"Retail/Shopping":{"0":{"title":"The Economic Times + EI Samay - Kolkata","price":"650"},"1":{"title":"The Economic Times + Navbharat Times -Delhi & NCR","price":"725"},"2":{"title":"The Economic Times + Vijay Karnataka -Bangalore","price":"525"},"3":{"title":"The Economic Times + Maharashtra Times - Mumbai","price":"600"},"4":{"title":"The Economic Times + Navbharat Times -Mumbai","price":"600"},"5":{"title":"The Economic Times - Bangalore","price":"225"},"6":{"title":"The Economic Times - Chennai","price":"350"},"7":{"title":"The Economic Times - Delhi","price":"240"},"8":{"title":"The Economic Times - Lucknow","price":"87"},"9":{"title":"The Economic Times - Mumbai","price":"250"}},"Personal Announcement":{"0":{"title":"The Economic Times + EI Samay - Kolkata","price":"650"},"1":{"title":"The Economic Times + Navbharat Times -Delhi & NCR","price":"725"},"2":{"title":"The Economic Times + Vijay Karnataka -Bangalore","price":"525"},"3":{"title":"The Economic Times + Maharashtra Times - Mumbai","price":"600"},"4":{"title":"The Economic Times + Navbharat Times -Mumbai","price":"600"},"5":{"title":"The Economic Times - Bangalore","price":"225"},"6":{"title":"The Economic Times - Chennai","price":"350"},"7":{"title":"The Economic Times - Delhi","price":"240"},"8":{"title":"The Economic Times - Lucknow","price":"87"},"9":{"title":"The Economic Times - Mumbai","price":"250"}},"Astrology":{"0":{"title":"The Times of India (Wkdy + Sun)+ The Economics Times + Ei Samay + Bardhaman- Kolkata","price":"2250"},"1":{"title":"The Times Of India - U.P + Economics Times + Navbharat Times - Lucknow","price":"1400"},"2":{"title":"The Times of India (Sun & Weekday) + The Economics Times + Mirror + Navbharat Times + Maharashtra Times - Mumbai","price":"5000"},"3":{"title":"The Economic Times + EI Samay - Kolkata","price":"770"},"4":{"title":"Times of India(Sunday + weekday) + Maharashtra Times + The Economic Times - Pune","price":"1100"},"5":{"title":"The Times of India (Sndy, Wkdy) + The Economic Times - Delhi NCR","price":"2500"},"6":{"title":"Times of India + Maharashtra Times + The Economic Times - Pune","price":"1000"},"7":{"title":"The Times of India (Sun & Weekday)\nThe Economics Times + Mirror - Mumbai","price":"4000"},"8":{"title":"Times of India (Wkday + Sun) + Economic Times (Friday) - Hyderabad + Times of India (Vijayawada + Visakhapatnam)","price":"900"},"9":{"title":"The Times of India (Sndy, Wkdy) + The Economic Times -Madhya Pradesh","price":"900"},"10":{"title":"The Times of India (Wkdy + Sun) + The Economic Times + Navgujarat Samay - Ahmedabad","price":"800"}}}