{"Matrimonial":{"0":{"title":"Anand Bazar Patrika + The Telegraph - Kolkata","price":"4420"},"1":{"title":"Telegraph - Kolkata","price":"1380"}},"Marriage Bureau":{"0":{"title":"Anand Bazar Patrika + The Telegraph - Kolkata","price":"4420"},"1":{"title":"Telegraph - Kolkata","price":"1380"}},"Change of Name":{"0":{"title":"Anand Bazar Patrika + The Telegraph - Kolkata","price":"4420"},"1":{"title":"Telegraph - Kolkata","price":"1380"}},"Recruitment job":{"0":{"title":"Anand Bazar Patrika + The Telegraph - Kolkata","price":"4420"},"1":{"title":"Telegraph - Kolkata","price":"1380"}},"Education":{"0":{"title":"Anand Bazar Patrika + The Telegraph - Kolkata","price":"4420"},"1":{"title":"Telegraph - Kolkata","price":"1380"}},"property real estate":{"0":{"title":"Anand Bazar Patrika + The Telegraph - Kolkata","price":"4420"},"1":{"title":"Telegraph - Kolkata","price":"1380"}},"Lost and Found":{"0":{"title":"Anand Bazar Patrika + The Telegraph - Kolkata","price":"4420"},"1":{"title":"Telegraph - Kolkata","price":"1380"}},"Obituary(Death Announcement)":{"0":{"title":"Telegraph - Kolkata","price":"1610"}},"Remembrance(Unforgettable)":{"0":{"title":"Telegraph - Kolkata","price":"1610"}},"public tender notices":{"0":{"title":"Telegraph - Kolkata","price":"1610"}},"Services":{"0":{"title":"Telegraph - Kolkata","price":"1610"}},"Retail/Shopping":{"0":{"title":"Telegraph - Kolkata","price":"1610"}},"Personal Announcement":{"0":{"title":"Telegraph - Kolkata","price":"1610"}},"Computers and Hardware":{"0":{"title":"Telegraph - Kolkata","price":"1610"}},"Astrology":{"0":{"title":"Telegraph - Kolkata","price":"1610"}},"Tours and Travel":{"0":{"title":"Telegraph - Kolkata","price":"2645"}},"Property-Rental":{"0":{"title":"Telegraph - Kolkata","price":"2645"}},"Entertainment":{"0":{"title":"Telegraph - Kolkata","price":"2645"}},"Real Estate Selling":{"0":{"title":"Telegraph - Kolkata","price":"2645"}},"Beauty & Wellness":{"0":{"title":"Telegraph - Kolkata","price":"2645"}},"Call Centre Employees":{"0":{"title":"Telegraph - Kolkata","price":"2645"}},"Prajapati":{"0":{"title":"Telegraph - Kolkata","price":"2645"}},"Bungalow For Sale":{"0":{"title":"Telegraph - Kolkata","price":"2645"}},"For Rent/Lease/To Let":{"0":{"title":"Telegraph - Kolkata","price":"2645"}},"Outright Sale":{"0":{"title":"Telegraph - Kolkata","price":"2645"}},"Property Others":{"0":{"title":"Telegraph - Kolkata","price":"2645"}},"SMS CAMPAIGN":{"0":{"title":"Telegraph - Kolkata","price":"2645"}}}