{"Matrimonial":{"0":{"title":"The Hans India - All Telangana","price":"800"},"1":{"title":"The Hans India - All AP Edition","price":"800"},"2":{"title":"The Hans India - All AP + Telangana Editions","price":"1200"}},"Marriage Bureau":{"0":{"title":"The Hans India - All Telangana","price":"800"},"1":{"title":"The Hans India - All AP Edition","price":"800"},"2":{"title":"The Hans India - All AP + Telangana Editions","price":"1200"}},"Change of Name":{"0":{"title":"The Hans India - All Telangana","price":"800"},"1":{"title":"The Hans India - All AP Edition","price":"800"},"2":{"title":"The Hans India - All AP + Telangana Editions","price":"1200"}},"Recruitment job":{"0":{"title":"The Hans India - All Telangana","price":"800"},"1":{"title":"The Hans India - All AP Edition","price":"800"},"2":{"title":"The Hans India - All AP + Telangana Editions","price":"1200"}},"Education":{"0":{"title":"The Hans India - All Telangana","price":"800"},"1":{"title":"The Hans India - All AP Edition","price":"800"},"2":{"title":"The Hans India - All AP + Telangana Editions","price":"1200"}},"property real estate":{"0":{"title":"The Hans India - All Telangana","price":"800"},"1":{"title":"The Hans India - All AP Edition","price":"800"},"2":{"title":"The Hans India - All AP + Telangana Editions","price":"1200"}},"Lost and Found":{"0":{"title":"The Hans India - All Telangana","price":"800"},"1":{"title":"The Hans India - All AP Edition","price":"800"},"2":{"title":"The Hans India - All AP + Telangana Editions","price":"1200"}},"Business":{"0":{"title":"The Hans India - All Telangana","price":"800"},"1":{"title":"The Hans India - All AP Edition","price":"800"},"2":{"title":"The Hans India - All AP + Telangana Editions","price":"1200"}},"Obituary(Death Announcement)":{"0":{"title":"The Hans India - All Telangana","price":"800"},"1":{"title":"The Hans India - All AP Edition","price":"800"},"2":{"title":"The Hans India - All AP + Telangana Editions","price":"1200"}},"Remembrance(Unforgettable)":{"0":{"title":"The Hans India - All Telangana","price":"800"},"1":{"title":"The Hans India - All AP Edition","price":"800"},"2":{"title":"The Hans India - All AP + Telangana Editions","price":"1200"}},"public tender notices":{"0":{"title":"The Hans India Hyderabad","price":"500"},"1":{"title":"The Hans India Khammam","price":"200"},"2":{"title":"The Hans India Kurnool","price":"200"},"3":{"title":"The Hans India Tirupati","price":"300"},"4":{"title":"The Hans India Vijayawada","price":"400"},"5":{"title":"The Hans India Visakhapatnam","price":"300"},"6":{"title":"The Hans India Warangal","price":"300"}},"Services":{"0":{"title":"The Hans India Hyderabad","price":"500"},"1":{"title":"The Hans India Khammam","price":"200"},"2":{"title":"The Hans India Kurnool","price":"200"},"3":{"title":"The Hans India Tirupati","price":"300"},"4":{"title":"The Hans India Vijayawada","price":"400"},"5":{"title":"The Hans India Visakhapatnam","price":"300"},"6":{"title":"The Hans India Warangal","price":"300"}},"Retail/Shopping":{"0":{"title":"The Hans India Hyderabad","price":"500"},"1":{"title":"The Hans India Khammam","price":"200"},"2":{"title":"The Hans India Kurnool","price":"200"},"3":{"title":"The Hans India Tirupati","price":"300"},"4":{"title":"The Hans India Vijayawada","price":"400"},"5":{"title":"The Hans India Visakhapatnam","price":"300"},"6":{"title":"The Hans India Warangal","price":"300"}},"Personal Announcement":{"0":{"title":"The Hans India Hyderabad","price":"500"},"1":{"title":"The Hans India Khammam","price":"200"},"2":{"title":"The Hans India Kurnool","price":"200"},"3":{"title":"The Hans India Tirupati","price":"300"},"4":{"title":"The Hans India Vijayawada","price":"400"},"5":{"title":"The Hans India Visakhapatnam","price":"300"},"6":{"title":"The Hans India Warangal","price":"300"}},"Computers and Hardware":{"0":{"title":"The Hans India - All Telangana","price":"800"},"1":{"title":"The Hans India - All AP Edition","price":"800"},"2":{"title":"The Hans India - All AP + Telangana Editions","price":"1200"},"3":{"title":"The Hans India Hyderabad","price":"500"},"4":{"title":"The Hans India Khammam","price":"200"},"5":{"title":"The Hans India Kurnool","price":"200"},"6":{"title":"The Hans India Tirupati","price":"300"},"7":{"title":"The Hans India Vijayawada","price":"400"},"8":{"title":"The Hans India Visakhapatnam","price":"300"},"9":{"title":"The Hans India Warangal","price":"300"}},"Astrology":{"0":{"title":"The Hans India - All Telangana","price":"800"},"1":{"title":"The Hans India - All AP Edition","price":"800"},"2":{"title":"The Hans India - All AP + Telangana Editions","price":"1200"},"3":{"title":"The Hans India Hyderabad","price":"500"},"4":{"title":"The Hans India Khammam","price":"200"},"5":{"title":"The Hans India Kurnool","price":"200"},"6":{"title":"The Hans India Tirupati","price":"300"},"7":{"title":"The Hans India Vijayawada","price":"400"},"8":{"title":"The Hans India Visakhapatnam","price":"300"},"9":{"title":"The Hans India Warangal","price":"300"}},"Vehicles Automobiles":{"0":{"title":"The Hans India - All Telangana","price":"800"},"1":{"title":"The Hans India - All AP Edition","price":"800"},"2":{"title":"The Hans India - All AP + Telangana Editions","price":"1200"},"3":{"title":"The Hans India Hyderabad","price":"500"},"4":{"title":"The Hans India Khammam","price":"200"},"5":{"title":"The Hans India Kurnool","price":"200"},"6":{"title":"The Hans India Tirupati","price":"300"},"7":{"title":"The Hans India Vijayawada","price":"400"},"8":{"title":"The Hans India Visakhapatnam","price":"300"},"9":{"title":"The Hans India Warangal","price":"300"}},"Tours and Travel":{"0":{"title":"The Hans India - All Telangana","price":"800"},"1":{"title":"The Hans India - All AP Edition","price":"800"},"2":{"title":"The Hans India - All AP + Telangana Editions","price":"1200"},"3":{"title":"The Hans India Hyderabad","price":"500"},"4":{"title":"The Hans India Khammam","price":"200"},"5":{"title":"The Hans India Kurnool","price":"200"},"6":{"title":"The Hans India Tirupati","price":"300"},"7":{"title":"The Hans India Vijayawada","price":"400"},"8":{"title":"The Hans India Visakhapatnam","price":"300"},"9":{"title":"The Hans India Warangal","price":"300"}},"Property-Rental":{"0":{"title":"The Hans India - All Telangana","price":"800"},"1":{"title":"The Hans India - All AP Edition","price":"800"},"2":{"title":"The Hans India - All AP + Telangana Editions","price":"1200"},"3":{"title":"The Hans India Hyderabad","price":"500"},"4":{"title":"The Hans India Khammam","price":"200"},"5":{"title":"The Hans India Kurnool","price":"200"},"6":{"title":"The Hans India Tirupati","price":"300"},"7":{"title":"The Hans India Vijayawada","price":"400"},"8":{"title":"The Hans India Visakhapatnam","price":"300"},"9":{"title":"The Hans India Warangal","price":"300"}},"Entertainment":{"0":{"title":"The Hans India - All Telangana","price":"800"},"1":{"title":"The Hans India - All AP Edition","price":"800"},"2":{"title":"The Hans India - All AP + Telangana Editions","price":"1200"},"3":{"title":"The Hans India Hyderabad","price":"500"},"4":{"title":"The Hans India Khammam","price":"200"},"5":{"title":"The Hans India Kurnool","price":"200"},"6":{"title":"The Hans India Tirupati","price":"300"},"7":{"title":"The Hans India Vijayawada","price":"400"},"8":{"title":"The Hans India Visakhapatnam","price":"300"},"9":{"title":"The Hans India Warangal","price":"300"}},"Real Estate Selling":{"0":{"title":"The Hans India - All Telangana","price":"800"},"1":{"title":"The Hans India - All AP Edition","price":"800"},"2":{"title":"The Hans India - All AP + Telangana Editions","price":"1200"},"3":{"title":"The Hans India Hyderabad","price":"500"},"4":{"title":"The Hans India Khammam","price":"200"},"5":{"title":"The Hans India Kurnool","price":"200"},"6":{"title":"The Hans India Tirupati","price":"300"},"7":{"title":"The Hans India Vijayawada","price":"400"},"8":{"title":"The Hans India Visakhapatnam","price":"300"},"9":{"title":"The Hans India Warangal","price":"300"}},"Beauty & Wellness":{"0":{"title":"The Hans India - All Telangana","price":"800"},"1":{"title":"The Hans India - All AP Edition","price":"800"},"2":{"title":"The Hans India - All AP + Telangana Editions","price":"1200"},"3":{"title":"The Hans India Hyderabad","price":"500"},"4":{"title":"The Hans India Khammam","price":"200"},"5":{"title":"The Hans India Kurnool","price":"200"},"6":{"title":"The Hans India Tirupati","price":"300"},"7":{"title":"The Hans India Vijayawada","price":"400"},"8":{"title":"The Hans India Visakhapatnam","price":"300"},"9":{"title":"The Hans India Warangal","price":"300"}},"Call Centre Employees":{"0":{"title":"The Hans India - All Telangana","price":"800"},"1":{"title":"The Hans India - All AP Edition","price":"800"},"2":{"title":"The Hans India - All AP + Telangana Editions","price":"1200"},"3":{"title":"The Hans India Hyderabad","price":"500"},"4":{"title":"The Hans India Khammam","price":"200"},"5":{"title":"The Hans India Kurnool","price":"200"},"6":{"title":"The Hans India Tirupati","price":"300"},"7":{"title":"The Hans India Vijayawada","price":"400"},"8":{"title":"The Hans India Visakhapatnam","price":"300"},"9":{"title":"The Hans India Warangal","price":"300"}},"Prajapati":{"0":{"title":"The Hans India - All Telangana","price":"800"},"1":{"title":"The Hans India - All AP Edition","price":"800"},"2":{"title":"The Hans India - All AP + Telangana Editions","price":"1200"},"3":{"title":"The Hans India Hyderabad","price":"500"},"4":{"title":"The Hans India Khammam","price":"200"},"5":{"title":"The Hans India Kurnool","price":"200"},"6":{"title":"The Hans India Tirupati","price":"300"},"7":{"title":"The Hans India Vijayawada","price":"400"},"8":{"title":"The Hans India Visakhapatnam","price":"300"},"9":{"title":"The Hans India Warangal","price":"300"}},"Bungalow For Sale":{"0":{"title":"The Hans India - All Telangana","price":"800"},"1":{"title":"The Hans India - All AP Edition","price":"800"},"2":{"title":"The Hans India - All AP + Telangana Editions","price":"1200"},"3":{"title":"The Hans India Hyderabad","price":"500"},"4":{"title":"The Hans India Khammam","price":"200"},"5":{"title":"The Hans India Kurnool","price":"200"},"6":{"title":"The Hans India Tirupati","price":"300"},"7":{"title":"The Hans India Vijayawada","price":"400"},"8":{"title":"The Hans India Visakhapatnam","price":"300"},"9":{"title":"The Hans India Warangal","price":"300"}}}