{"Services":{"0":{"title":"The Pioneer(English) + The Pioneer(Hindi) - Delhi & Ncr","price":"5000"},"1":{"title":"The Pioneer (Hindi) - Delhi","price":"1400"}},"Retail/Shopping":{"0":{"title":"The Pioneer(English) + The Pioneer(Hindi) - Delhi & Ncr","price":"5000"},"1":{"title":"The Pioneer (Hindi) - Delhi","price":"1400"}},"Personal Announcement":{"0":{"title":"The Pioneer(English) + The Pioneer(Hindi) - Delhi & Ncr","price":"5000"},"1":{"title":"The Pioneer (Hindi) - Delhi","price":"1400"}},"Computers and Hardware":{"0":{"title":"The Pioneer(English) + The Pioneer(Hindi) - Delhi & Ncr","price":"5000"},"1":{"title":"The Pioneer (Hindi) - Delhi","price":"1400"}},"Astrology":{"0":{"title":"The Pioneer(English) + The Pioneer(Hindi) - Delhi & Ncr","price":"5000"},"1":{"title":"The Pioneer (Hindi) - Delhi","price":"1400"}},"Vehicles Automobiles":{"0":{"title":"The Pioneer(English) + The Pioneer(Hindi) - Delhi & Ncr","price":"5000"},"1":{"title":"The Pioneer (Hindi) - Delhi","price":"1400"}},"Tours and Travel":{"0":{"title":"The Pioneer(English) + The Pioneer(Hindi) - Delhi & Ncr","price":"5000"},"1":{"title":"The Pioneer (Hindi) - Delhi","price":"1400"}},"Property-Rental":{"0":{"title":"The Pioneer(English) + The Pioneer(Hindi) - Delhi & Ncr","price":"5000"},"1":{"title":"The Pioneer (Hindi) - Delhi","price":"1400"}},"Entertainment":{"0":{"title":"The Pioneer(English) + The Pioneer(Hindi) - Delhi & Ncr","price":"5000"},"1":{"title":"The Pioneer (Hindi) - Delhi","price":"1400"}},"Real Estate Selling":{"0":{"title":"The Pioneer(English) + The Pioneer(Hindi) - Delhi & Ncr","price":"5000"},"1":{"title":"The Pioneer (Hindi) - Delhi","price":"1400"}},"Beauty & Wellness":{"0":{"title":"The Pioneer(English) + The Pioneer(Hindi) - Delhi & Ncr","price":"5000"},"1":{"title":"The Pioneer (Hindi) - Delhi","price":"1400"}}}