{"Tours and Travel":{"0":{"title":"Times Zigwheels - Mumbai","price":"978"}},"Property-Rental":{"0":{"title":"Times Zigwheels - Mumbai","price":"978"}},"Entertainment":{"0":{"title":"Times Zigwheels - Mumbai","price":"978"}},"Real Estate Selling":{"0":{"title":"Times Zigwheels - Mumbai","price":"978"}},"Beauty & Wellness":{"0":{"title":"Times Zigwheels - Mumbai","price":"978"}},"Call Centre Employees":{"0":{"title":"Times Zigwheels - Mumbai","price":"978"}},"Prajapati":{"0":{"title":"Times Zigwheels - Mumbai","price":"978"}},"Bungalow For Sale":{"0":{"title":"Times Zigwheels - Mumbai","price":"978"}},"For Rent/Lease/To Let":{"0":{"title":"Times Zigwheels - Mumbai","price":"978"}},"Outright Sale":{"0":{"title":"Times Zigwheels - Mumbai","price":"978"}},"Property Others":{"0":{"title":"Times Zigwheels - Mumbai","price":"978"}},"SMS CAMPAIGN":{"0":{"title":"Times Zigwheels - Mumbai","price":"978"}}}