{"Education":{"0":{"title":"Udayavani - Bangalore + Hubli","price":"2000"},"1":{"title":"Udayavani - Bangalore","price":"7800"}},"property real estate":{"0":{"title":"Udayavani - Bangalore + Hubli","price":"2000"},"1":{"title":"Udayavani - Bangalore","price":"7800"}},"Lost and Found":{"0":{"title":"Udayavani - Bangalore + Hubli","price":"2000"},"1":{"title":"Udayavani - Bangalore","price":"7800"}},"Business":{"0":{"title":"Udayavani - Bangalore + Hubli","price":"2000"},"1":{"title":"Udayavani - Bangalore","price":"7800"}},"Obituary(Death Announcement)":{"0":{"title":"Udayavani - Bangalore + Hubli","price":"2000"},"1":{"title":"Udayavani - Bangalore","price":"7800"}},"Remembrance(Unforgettable)":{"0":{"title":"Udayavani - Bangalore + Hubli","price":"2000"},"1":{"title":"Udayavani - Bangalore","price":"7800"}},"public tender notices":{"0":{"title":"Udayavani - Bangalore + Hubli","price":"2000"},"1":{"title":"Udayavani - Bangalore","price":"7800"}},"Services":{"0":{"title":"Udayavani - Bangalore + Hubli","price":"2000"},"1":{"title":"Udayavani - Bangalore","price":"7800"}},"Retail/Shopping":{"0":{"title":"Udayavani - Bangalore + Hubli","price":"2000"},"1":{"title":"Udayavani - Bangalore","price":"7800"}},"Personal Announcement":{"0":{"title":"Udayavani - Bangalore + Hubli","price":"2000"},"1":{"title":"Udayavani - Bangalore","price":"7800"}},"Computers and Hardware":{"0":{"title":"Udayavani - Bangalore + Hubli","price":"2000"},"1":{"title":"Udayavani - Bangalore","price":"7800"}},"Astrology":{"0":{"title":"Udayavani - Bangalore + Hubli","price":"2000"},"1":{"title":"Udayavani - Bangalore","price":"7800"}},"Vehicles Automobiles":{"0":{"title":"Udayavani - Bangalore + Hubli","price":"2000"},"1":{"title":"Udayavani - Bangalore","price":"7800"}},"Tours and Travel":{"0":{"title":"Udayavani - Bangalore + Hubli","price":"2000"},"1":{"title":"Udayavani - Bangalore","price":"7800"}},"Property-Rental":{"0":{"title":"Udayavani - Bangalore + Hubli","price":"2000"},"1":{"title":"Udayavani - Bangalore","price":"7800"}},"Entertainment":{"0":{"title":"Udayavani - Bangalore + Hubli","price":"2000"},"1":{"title":"Udayavani - Bangalore","price":"7800"}},"Real Estate Selling":{"0":{"title":"Udayavani - Bangalore + Hubli","price":"2000"},"1":{"title":"Udayavani - Bangalore","price":"7800"}}}