{"Education":{"0":{"title":"Vadodara Samachar -Vadodara","price":"1000"}},"property real estate":{"0":{"title":"Vadodara Samachar -Vadodara","price":"1000"}},"Lost and Found":{"0":{"title":"Vadodara Samachar -Vadodara","price":"1000"}},"Business":{"0":{"title":"Vadodara Samachar -Vadodara","price":"1000"}},"Obituary(Death Announcement)":{"0":{"title":"Vadodara Samachar -Vadodara","price":"1000"}},"Remembrance(Unforgettable)":{"0":{"title":"Vadodara Samachar -Vadodara","price":"1000"}},"public tender notices":{"0":{"title":"Vadodara Samachar -Vadodara","price":"1000"}},"Services":{"0":{"title":"Vadodara Samachar -Vadodara","price":"1000"}},"Retail/Shopping":{"0":{"title":"Vadodara Samachar -Vadodara","price":"1000"}},"Personal Announcement":{"0":{"title":"Vadodara Samachar -Vadodara","price":"1000"}},"Computers and Hardware":{"0":{"title":"Vadodara Samachar -Vadodara","price":"1000"}},"Astrology":{"0":{"title":"Vadodara Samachar -Vadodara","price":"1000"}},"Vehicles Automobiles":{"0":{"title":"Vadodara Samachar -Vadodara","price":"1000"}},"Tours and Travel":{"0":{"title":"Vadodara Samachar -Vadodara","price":"1000"}},"Property-Rental":{"0":{"title":"Vadodara Samachar -Vadodara","price":"1000"}},"Entertainment":{"0":{"title":"Vadodara Samachar -Vadodara","price":"1000"}},"Real Estate Selling":{"0":{"title":"Vadodara Samachar -Vadodara","price":"1000"}},"Beauty & Wellness":{"0":{"title":"Vadodara Samachar -Vadodara","price":"1000"}},"Call Centre Employees":{"0":{"title":"Vadodara Samachar -Vadodara","price":"1000"}},"Prajapati":{"0":{"title":"Vadodara Samachar -Vadodara","price":"1000"}},"Bungalow For Sale":{"0":{"title":"Vadodara Samachar -Vadodara","price":"1000"}},"For Rent/Lease/To Let":{"0":{"title":"Vadodara Samachar -Vadodara","price":"1000"}},"Outright Sale":{"0":{"title":"Vadodara Samachar -Vadodara","price":"1000"}},"Property Others":{"0":{"title":"Vadodara Samachar -Vadodara","price":"1000"}},"SMS CAMPAIGN":{"0":{"title":"Vadodara Samachar -Vadodara","price":"1000"}}}