{"Recruitment job":{"0":{"title":"Vijayavani - All Karnataka Edition","price":"4950"},"1":{"title":"Vijayavani - Bangalore","price":"1650"},"2":{"title":"vijayvani -Gulbarga","price":"450"}},"Education":{"0":{"title":"Vijayavani - All Karnataka Edition","price":"4950"},"1":{"title":"Vijayavani - Bangalore","price":"1650"},"2":{"title":"vijayvani -Gulbarga","price":"450"},"3":{"title":"vijayvani -Hubli","price":"675"},"4":{"title":"vijayvani -Mangalore","price":"420"},"5":{"title":"vijayvani -Mysore","price":"495"}},"property real estate":{"0":{"title":"Vijayavani - All Karnataka Edition","price":"4950"},"1":{"title":"Vijayavani - Bangalore","price":"1650"},"2":{"title":"vijayvani -Gulbarga","price":"450"},"3":{"title":"vijayvani -Hubli","price":"675"},"4":{"title":"vijayvani -Mangalore","price":"420"},"5":{"title":"vijayvani -Mysore","price":"495"}},"Lost and Found":{"0":{"title":"Vijayavani - All Karnataka Edition","price":"4950"},"1":{"title":"Vijayavani - Bangalore","price":"1650"},"2":{"title":"vijayvani -Gulbarga","price":"450"},"3":{"title":"vijayvani -Hubli","price":"675"},"4":{"title":"vijayvani -Mangalore","price":"420"},"5":{"title":"vijayvani -Mysore","price":"495"}},"Business":{"0":{"title":"Vijayavani - All Karnataka Edition","price":"4950"},"1":{"title":"Vijayavani - Bangalore","price":"1650"},"2":{"title":"vijayvani -Gulbarga","price":"450"},"3":{"title":"vijayvani -Hubli","price":"675"},"4":{"title":"vijayvani -Mangalore","price":"420"},"5":{"title":"vijayvani -Mysore","price":"495"}},"Obituary(Death Announcement)":{"0":{"title":"Vijayavani - All Karnataka Edition","price":"4950"},"1":{"title":"Vijayavani - Bangalore","price":"1650"},"2":{"title":"vijayvani -Gulbarga","price":"450"},"3":{"title":"vijayvani -Hubli","price":"675"},"4":{"title":"vijayvani -Mangalore","price":"420"},"5":{"title":"vijayvani -Mysore","price":"495"}},"Remembrance(Unforgettable)":{"0":{"title":"Vijayavani - All Karnataka Edition","price":"4950"},"1":{"title":"Vijayavani - Bangalore","price":"1650"},"2":{"title":"vijayvani -Gulbarga","price":"450"},"3":{"title":"vijayvani -Hubli","price":"675"},"4":{"title":"vijayvani -Mangalore","price":"420"},"5":{"title":"vijayvani -Mysore","price":"495"}},"public tender notices":{"0":{"title":"Vijayavani - All Karnataka Edition","price":"4950"},"1":{"title":"Vijayavani - Bangalore","price":"1650"},"2":{"title":"vijayvani -Gulbarga","price":"450"},"3":{"title":"vijayvani -Hubli","price":"675"},"4":{"title":"vijayvani -Mangalore","price":"420"},"5":{"title":"vijayvani -Mysore","price":"495"}},"Services":{"0":{"title":"Vijayavani - All Karnataka Edition","price":"4950"},"1":{"title":"Vijayavani - Bangalore","price":"1650"},"2":{"title":"vijayvani -Gulbarga","price":"450"}},"Retail/Shopping":{"0":{"title":"Vijayavani - All Karnataka Edition","price":"4950"},"1":{"title":"Vijayavani - Bangalore","price":"1650"},"2":{"title":"vijayvani -Gulbarga","price":"450"}},"Personal Announcement":{"0":{"title":"Vijayavani - All Karnataka Edition","price":"4950"},"1":{"title":"Vijayavani - Bangalore","price":"1650"},"2":{"title":"vijayvani -Gulbarga","price":"450"}},"Computers and Hardware":{"0":{"title":"Vijayavani - All Karnataka Edition","price":"4950"},"1":{"title":"Vijayavani - Bangalore","price":"1650"},"2":{"title":"vijayvani -Gulbarga","price":"450"}},"Astrology":{"0":{"title":"Vijayavani - All Karnataka Edition","price":"4950"},"1":{"title":"Vijayavani - Bangalore","price":"1650"},"2":{"title":"vijayvani -Gulbarga","price":"450"}},"Vehicles Automobiles":{"0":{"title":"Vijayavani - All Karnataka Edition","price":"4950"},"1":{"title":"Vijayavani - Bangalore","price":"1650"},"2":{"title":"vijayvani -Gulbarga","price":"450"}},"Tours and Travel":{"0":{"title":"Vijayavani - All Karnataka Edition","price":"4950"},"1":{"title":"Vijayavani - Bangalore","price":"1650"},"2":{"title":"vijayvani -Gulbarga","price":"450"}},"Property-Rental":{"0":{"title":"Vijayavani - All Karnataka Edition","price":"4950"},"1":{"title":"Vijayavani - Bangalore","price":"1650"},"2":{"title":"vijayvani -Gulbarga","price":"450"}},"Entertainment":{"0":{"title":"Vijayavani - All Karnataka Edition","price":"4950"},"1":{"title":"Vijayavani - Bangalore","price":"1650"},"2":{"title":"vijayvani -Gulbarga","price":"450"}},"Real Estate Selling":{"0":{"title":"Vijayavani - All Karnataka Edition","price":"4950"},"1":{"title":"Vijayavani - Bangalore","price":"1650"},"2":{"title":"vijayvani -Gulbarga","price":"450"}},"Beauty & Wellness":{"0":{"title":"Vijayavani - All Karnataka Edition","price":"4950"},"1":{"title":"Vijayavani - Bangalore","price":"1650"},"2":{"title":"vijayvani -Gulbarga","price":"450"}},"Call Centre Employees":{"0":{"title":"Vijayavani - All Karnataka Edition","price":"4950"},"1":{"title":"Vijayavani - Bangalore","price":"1650"},"2":{"title":"vijayvani -Gulbarga","price":"450"}},"Prajapati":{"0":{"title":"Vijayavani - All Karnataka Edition","price":"4950"},"1":{"title":"Vijayavani - Bangalore","price":"1650"},"2":{"title":"vijayvani -Gulbarga","price":"450"}},"Bungalow For Sale":{"0":{"title":"Vijayavani - All Karnataka Edition","price":"4950"},"1":{"title":"Vijayavani - Bangalore","price":"1650"},"2":{"title":"vijayvani -Gulbarga","price":"450"}},"For Rent/Lease/To Let":{"0":{"title":"Vijayavani - All Karnataka Edition","price":"4950"},"1":{"title":"Vijayavani - Bangalore","price":"1650"},"2":{"title":"vijayvani -Gulbarga","price":"450"}},"Outright Sale":{"0":{"title":"Vijayavani - All Karnataka Edition","price":"4950"},"1":{"title":"Vijayavani - Bangalore","price":"1650"},"2":{"title":"vijayvani -Gulbarga","price":"450"}},"Property Others":{"0":{"title":"Vijayavani - All Karnataka Edition","price":"4950"},"1":{"title":"Vijayavani - Bangalore","price":"1650"},"2":{"title":"vijayvani -Gulbarga","price":"450"}},"SMS CAMPAIGN":{"0":{"title":"Vijayavani - All Karnataka Edition","price":"4950"},"1":{"title":"Vijayavani - Bangalore","price":"1650"},"2":{"title":"vijayvani -Gulbarga","price":"450"}}}