{"Matrimonial":{"0":{"title":"Kannada Special:\nVijay Karnataka - All Karnataka","price":"1200"},"1":{"title":"Shubha Mangalya Package :\nThe Times of India + Vijay Karnataka - Karnataka","price":"2270"}},"Marriage Bureau":{"0":{"title":"Kannada Special:\nVijay Karnataka - All Karnataka","price":"1200"},"1":{"title":"Shubha Mangalya Package :\nThe Times of India + Vijay Karnataka - Karnataka","price":"2270"}},"Change of Name":{"0":{"title":"Kannada Special:\nVijay Karnataka - All Karnataka","price":"1200"},"1":{"title":"Shubha Mangalya Package :\nThe Times of India + Vijay Karnataka - Karnataka","price":"2270"}},"Recruitment job":{"0":{"title":"Kannada Special:\nVijay Karnataka - All Karnataka","price":"1200"},"1":{"title":"Shubha Mangalya Package :\nThe Times of India + Vijay Karnataka - Karnataka","price":"2270"}},"Education":{"0":{"title":"Kannada Special:\nVijay Karnataka - All Karnataka","price":"1200"},"1":{"title":"Shubha Mangalya Package :\nThe Times of India + Vijay Karnataka - Karnataka","price":"2270"}},"property real estate":{"0":{"title":"Kannada Special:\nVijay Karnataka - All Karnataka","price":"1200"},"1":{"title":"Shubha Mangalya Package :\nThe Times of India + Vijay Karnataka - Karnataka","price":"2270"}},"Lost and Found":{"0":{"title":"Kannada Special:\nVijay Karnataka - All Karnataka","price":"1200"},"1":{"title":"Shubha Mangalya Package :\nThe Times of India + Vijay Karnataka - Karnataka","price":"2270"}},"Business":{"0":{"title":"Kannada Special:\nVijay Karnataka - All Karnataka","price":"1200"},"1":{"title":"Shubha Mangalya Package :\nThe Times of India + Vijay Karnataka - Karnataka","price":"2270"}},"Obituary(Death Announcement)":{"0":{"title":"Kannada Special:\nVijay Karnataka - All Karnataka","price":"1200"},"1":{"title":"Shubha Mangalya Package :\nThe Times of India + Vijay Karnataka - Karnataka","price":"2270"}},"Remembrance(Unforgettable)":{"0":{"title":"Kannada Special:\nVijay Karnataka - All Karnataka","price":"1200"},"1":{"title":"Shubha Mangalya Package :\nThe Times of India + Vijay Karnataka - Karnataka","price":"2270"}},"public tender notices":{"0":{"title":"Kannada Special:\nVijay Karnataka - All Karnataka","price":"1200"},"1":{"title":"Shubha Mangalya Package :\nThe Times of India + Vijay Karnataka - Karnataka","price":"2270"}},"Services":{"0":{"title":"Kannada Special:\nVijay Karnataka - All Karnataka","price":"1200"},"1":{"title":"Shubha Mangalya Package : The Times of India + Vijay Karnataka - Karnataka","price":"2270"}},"Retail/Shopping":{"0":{"title":"Kannada Special:\nVijay Karnataka - All Karnataka","price":"1200"},"1":{"title":"Shubha Mangalya Package :\nThe Times of India + Vijay Karnataka - Karnataka","price":"2270"}},"Personal Announcement":{"0":{"title":"The Times of India (English) + Vijay Karnataka(Kannada) - Bangalore","price":"850"},"1":{"title":"The Economic Times + Vijay Karnataka -Bangalore","price":"525"}},"Computers and Hardware":{"0":{"title":"The Times of India (English) + Vijay Karnataka(Kannada) - Bangalore","price":"850"},"1":{"title":"The Economic Times + Vijay Karnataka -Bangalore","price":"525"},"2":{"title":"Vijay Karnataka + Mirror - Bangalore","price":"395"},"3":{"title":"Vijay Karnataka - Bagalkot","price":"45"},"4":{"title":"Vijay Karnataka - Bangalore","price":"300"},"5":{"title":"Vijay Karnataka - Chitradurga","price":"45"},"6":{"title":"Vijay Karnataka - Gangavati","price":"45"},"7":{"title":"Vijay Karnataka - Gulbarga","price":"45"},"8":{"title":"Vijay Karnataka - Hassan","price":"25"},"9":{"title":"Vijay Karnataka - Hubli","price":"250"},"10":{"title":"Vijay Karnataka - Mangalore","price":"75"},"11":{"title":"Vijay Karnataka - Mysore","price":"75"},"12":{"title":"Vijay Karnataka - Shimoga","price":"45"}},"Astrology":{"0":{"title":"The Times of India (English) + Vijay Karnataka(Kannada) - Bangalore","price":"850"},"1":{"title":"The Economic Times + Vijay Karnataka -Bangalore","price":"525"},"2":{"title":"Vijay Karnataka + Mirror - Bangalore","price":"395"},"3":{"title":"Vijay Karnataka - Bagalkot","price":"45"},"4":{"title":"Vijay Karnataka - Bangalore","price":"300"},"5":{"title":"Vijay Karnataka - Chitradurga","price":"45"},"6":{"title":"Vijay Karnataka - Gangavati","price":"45"},"7":{"title":"Vijay Karnataka - Gulbarga","price":"45"},"8":{"title":"Vijay Karnataka - Hassan","price":"25"},"9":{"title":"Vijay Karnataka - Hubli","price":"90"},"10":{"title":"Vijay Karnataka - Mangalore","price":"75"},"11":{"title":"Vijay Karnataka - Mysore","price":"75"},"12":{"title":"Vijay Karnataka - Shimoga","price":"45"}},"Vehicles Automobiles":{"0":{"title":"The Times of India (English) + Vijay Karnataka(Kannada) - Bangalore","price":"850"},"1":{"title":"The Economic Times + Vijay Karnataka -Bangalore","price":"525"},"2":{"title":"Vijay Karnataka + Mirror - Bangalore","price":"395"},"3":{"title":"Vijay Karnataka - Bagalkot","price":"45"},"4":{"title":"Vijay Karnataka - Bangalore","price":"300"},"5":{"title":"Vijay Karnataka - Chitradurga","price":"45"},"6":{"title":"Vijay Karnataka - Gangavati","price":"45"},"7":{"title":"Vijay Karnataka - Gulbarga","price":"45"},"8":{"title":"Vijay Karnataka - Hassan","price":"25"},"9":{"title":"Vijay Karnataka - Hubli","price":"90"},"10":{"title":"Vijay Karnataka - Mangalore","price":"75"},"11":{"title":"Vijay Karnataka - Mysore","price":"75"},"12":{"title":"Vijay Karnataka - Shimoga","price":"45"}},"Property-Rental":{"0":{"title":"Vijay Karnataka - All Karnataka Edition","price":"1310"},"1":{"title":"Times of India + The Economic Times + Vijaya Karnataka + Mirror - Bangalore","price":"2260"},"2":{"title":"Vijay Karnataka - Bagalkot","price":"90"},"3":{"title":"Vijay Karnataka - Bangalore","price":"600"},"4":{"title":"Vijay Karnataka - Chitradurga","price":"90"},"5":{"title":"Vijay Karnataka - Gangavati","price":"90"},"6":{"title":"Vijay Karnataka - Gulbarga","price":"90"},"7":{"title":"Vijay Karnataka - Hassan","price":"50"},"8":{"title":"Vijay Karnataka - Hubli","price":"180"},"9":{"title":"Vijay Karnataka - Mangalore","price":"150"},"10":{"title":"Vijay Karnataka - Mysore","price":"150"},"11":{"title":"Vijay Karnataka - Shimoga","price":"90"}}}