{"Matrimonial":{"0":{"title":"Punya Nagari + Yashobhumi","price":"450"},"1":{"title":"Yashobhumi + Mumbai Choufer - Mumbai","price":"600"},"2":{"title":"Yashobhumi - Mumbai","price":"330"}},"Marriage Bureau":{"0":{"title":"Punya Nagari + Yashobhumi","price":"450"},"1":{"title":"Yashobhumi + Mumbai Choufer - Mumbai","price":"600"},"2":{"title":"Yashobhumi - Mumbai","price":"330"}},"Change of Name":{"0":{"title":"Punya Nagari + Yashobhumi","price":"450"},"1":{"title":"Yashobhumi + Mumbai Choufer - Mumbai","price":"600"},"2":{"title":"Yashobhumi - Mumbai","price":"330"}},"Recruitment job":{"0":{"title":"Punya Nagari + Yashobhumi","price":"450"},"1":{"title":"Yashobhumi + Mumbai Choufer - Mumbai","price":"600"},"2":{"title":"Yashobhumi - Mumbai","price":"330"}},"Education":{"0":{"title":"Punya Nagari + Yashobhumi","price":"450"},"1":{"title":"Yashobhumi + Mumbai Choufer - Mumbai","price":"600"},"2":{"title":"Yashobhumi - Mumbai","price":"330"}},"property real estate":{"0":{"title":"Punya Nagari + Yashobhumi","price":"450"},"1":{"title":"Yashobhumi + Mumbai Choufer - Mumbai","price":"600"},"2":{"title":"Yashobhumi - Mumbai","price":"330"}},"Lost and Found":{"0":{"title":"Punya Nagari + Yashobhumi","price":"450"},"1":{"title":"Yashobhumi + Mumbai Choufer - Mumbai","price":"600"},"2":{"title":"Yashobhumi - Mumbai","price":"330"}},"Business":{"0":{"title":"Punya Nagari + Yashobhumi","price":"450"},"1":{"title":"Yashobhumi + Mumbai Choufer - Mumbai","price":"600"},"2":{"title":"Yashobhumi - Mumbai","price":"330"}},"Obituary(Death Announcement)":{"0":{"title":"Punya Nagari + Yashobhumi","price":"450"},"1":{"title":"Yashobhumi + Mumbai Choufer - Mumbai","price":"600"},"2":{"title":"Yashobhumi - Mumbai","price":"330"}},"Remembrance(Unforgettable)":{"0":{"title":"Punya Nagari + Yashobhumi","price":"450"},"1":{"title":"Yashobhumi + Mumbai Choufer - Mumbai","price":"600"},"2":{"title":"Yashobhumi - Mumbai","price":"330"}},"public tender notices":{"0":{"title":"Yashobhumi + Mumbai Choufer - Mumbai","price":"600"},"1":{"title":"Yashobhumi + Mumbai Choufer - Mumbai","price":"600"},"2":{"title":"Punya nagari All Group","price":"1500"}},"Services":{"0":{"title":"Punya Nagari + Yashobhumi","price":"450"},"1":{"title":"Yashobhumi + Mumbai Choufer - Mumbai","price":"600"},"2":{"title":"Punya nagari All Group","price":"1500"},"3":{"title":"Yashobhumi - Mumbai","price":"330"}},"Retail/Shopping":{"0":{"title":"Punya Nagari + Yashobhumi","price":"450"},"1":{"title":"Yashobhumi + Mumbai Choufer - Mumbai","price":"600"},"2":{"title":"Punya nagari All Group","price":"1500"},"3":{"title":"Yashobhumi - Mumbai","price":"330"}},"Personal Announcement":{"0":{"title":"Punya Nagari + Yashobhumi","price":"450"},"1":{"title":"Yashobhumi + Mumbai Choufer - Mumbai","price":"600"},"2":{"title":"Punya nagari All Group","price":"1500"},"3":{"title":"Yashobhumi - Mumbai","price":"330"}},"Computers and Hardware":{"0":{"title":"Punya Nagari + Yashobhumi","price":"450"},"1":{"title":"Yashobhumi + Mumbai Choufer - Mumbai","price":"600"},"2":{"title":"Punya nagari All Group","price":"1500"},"3":{"title":"Yashobhumi - Mumbai","price":"330"}},"Astrology":{"0":{"title":"Punya Nagari + Yashobhumi","price":"450"},"1":{"title":"Yashobhumi + Mumbai Choufer - Mumbai","price":"600"},"2":{"title":"Punya nagari All Group","price":"1500"},"3":{"title":"Yashobhumi - Mumbai","price":"330"}},"Vehicles Automobiles":{"0":{"title":"Punya Nagari + Yashobhumi","price":"450"},"1":{"title":"Yashobhumi + Mumbai Choufer - Mumbai","price":"600"},"2":{"title":"Punya nagari All Group","price":"1500"},"3":{"title":"Yashobhumi - Mumbai","price":"330"}},"Tours and Travel":{"0":{"title":"Punya Nagari + Yashobhumi","price":"450"},"1":{"title":"Yashobhumi + Mumbai Choufer - Mumbai","price":"600"},"2":{"title":"Punya nagari All Group","price":"1500"},"3":{"title":"Yashobhumi - Mumbai","price":"330"}},"Property-Rental":{"0":{"title":"Punya Nagari + Yashobhumi","price":"450"},"1":{"title":"Yashobhumi + Mumbai Choufer - Mumbai","price":"600"},"2":{"title":"Punya nagari All Group","price":"1500"},"3":{"title":"Yashobhumi - Mumbai","price":"330"}},"Entertainment":{"0":{"title":"Punya Nagari + Yashobhumi","price":"450"},"1":{"title":"Yashobhumi + Mumbai Choufer - Mumbai","price":"600"},"2":{"title":"Punya nagari All Group","price":"1500"},"3":{"title":"Yashobhumi - Mumbai","price":"330"}},"Real Estate Selling":{"0":{"title":"Punya Nagari + Yashobhumi","price":"450"},"1":{"title":"Yashobhumi + Mumbai Choufer - Mumbai","price":"600"},"2":{"title":"Punya nagari All Group","price":"1500"},"3":{"title":"Yashobhumi - Mumbai","price":"330"}},"Beauty & Wellness":{"0":{"title":"Punya Nagari + Yashobhumi","price":"450"},"1":{"title":"Yashobhumi + Mumbai Choufer - Mumbai","price":"600"},"2":{"title":"Punya nagari All Group","price":"1500"},"3":{"title":"Yashobhumi - Mumbai","price":"330"}},"Call Centre Employees":{"0":{"title":"Punya Nagari + Yashobhumi","price":"450"},"1":{"title":"Yashobhumi + Mumbai Choufer - Mumbai","price":"600"},"2":{"title":"Punya nagari All Group","price":"1500"},"3":{"title":"Yashobhumi - Mumbai","price":"330"}},"Prajapati":{"0":{"title":"Punya Nagari + Yashobhumi","price":"450"},"1":{"title":"Yashobhumi + Mumbai Choufer - Mumbai","price":"600"},"2":{"title":"Punya nagari All Group","price":"1500"},"3":{"title":"Yashobhumi - Mumbai","price":"330"}},"Bungalow For Sale":{"0":{"title":"Punya Nagari + Yashobhumi","price":"450"},"1":{"title":"Yashobhumi + Mumbai Choufer - Mumbai","price":"600"},"2":{"title":"Punya nagari All Group","price":"1500"},"3":{"title":"Yashobhumi - Mumbai","price":"330"}},"For Rent/Lease/To Let":{"0":{"title":"Punya Nagari + Yashobhumi","price":"450"},"1":{"title":"Yashobhumi + Mumbai Choufer - Mumbai","price":"600"},"2":{"title":"Punya nagari All Group","price":"1500"}},"Outright Sale":{"0":{"title":"Punya Nagari + Yashobhumi","price":"450"},"1":{"title":"Yashobhumi + Mumbai Choufer - Mumbai","price":"600"},"2":{"title":"Punya nagari All Group","price":"1500"},"3":{"title":"Yashobhumi - Mumbai","price":"330"}},"Property Others":{"0":{"title":"Punya Nagari + Yashobhumi","price":"450"},"1":{"title":"Yashobhumi + Mumbai Choufer - Mumbai","price":"600"},"2":{"title":"Punya nagari All Group","price":"1500"},"3":{"title":"Yashobhumi - Mumbai","price":"330"}},"SMS CAMPAIGN":{"0":{"title":"Punya Nagari + Yashobhumi","price":"450"},"1":{"title":"Yashobhumi + Mumbai Choufer - Mumbai","price":"600"},"2":{"title":"Punya nagari All Group","price":"1500"},"3":{"title":"Yashobhumi - Mumbai","price":"330"}}}